{
    "counter": {
        "ACTIVE": 1647,
        "INACTIVE": 3,
        "INVALID": 0,
        "MALICIOUS": 0,
        "SANE": 0,
        "VALID": 0,
        "total": 1650
    },
    "percentage": {
        "ACTIVE": 99.81818181818181,
        "INACTIVE": 0.2523128679562658,
        "INVALID": 0,
        "MALICIOUS": 0,
        "SANE": 0,
        "VALID": 0,
        "total": 100.07049468613808
    }
}