{
    "counter": {
        "ACTIVE": 2332,
        "INACTIVE": 2,
        "INVALID": 0,
        "MALICIOUS": 0,
        "SANE": 0,
        "VALID": 0,
        "total": 2334
    },
    "percentage": {
        "ACTIVE": 99.91431019708655,
        "INACTIVE": 0.34071550255536626,
        "INVALID": 0,
        "MALICIOUS": 0,
        "SANE": 0,
        "VALID": 0,
        "total": 100.25502569964192
    }
}