{
    "counter": {
        "ACTIVE": 1983,
        "INACTIVE": 1,
        "INVALID": 0,
        "MALICIOUS": 0,
        "SANE": 0,
        "VALID": 0,
        "total": 1984
    },
    "percentage": {
        "ACTIVE": 99.94959677419355,
        "INACTIVE": 0.05402485143165856,
        "INVALID": 0,
        "MALICIOUS": 0,
        "SANE": 0,
        "VALID": 0,
        "total": 100.00362162562521
    }
}