{
    "counter": {
        "ACTIVE": 4413,
        "INACTIVE": 1,
        "INVALID": 0,
        "MALICIOUS": 0,
        "SANE": 0,
        "VALID": 0,
        "total": 4414
    },
    "percentage": {
        "ACTIVE": 99.97734481196194,
        "INACTIVE": 0.022655188038060717,
        "INVALID": 0.0,
        "MALICIOUS": 0.0,
        "SANE": 0.0,
        "VALID": 0.0,
        "total": 100.0
    }
}