{
    "counter": {
        "ACTIVE": 1090,
        "INACTIVE": 1,
        "INVALID": 0,
        "MALICIOUS": 0,
        "SANE": 0,
        "VALID": 0,
        "total": 1091
    },
    "percentage": {
        "ACTIVE": 99.9083409715857,
        "INACTIVE": 0.5494505494505495,
        "INVALID": 0,
        "MALICIOUS": 0,
        "SANE": 0,
        "VALID": 0,
        "total": 100.45779152103626
    }
}