{
    "counter": {
        "ACTIVE": 1973,
        "INACTIVE": 4,
        "INVALID": 0,
        "MALICIOUS": 0,
        "SANE": 0,
        "VALID": 0,
        "total": 1977
    },
    "percentage": {
        "ACTIVE": 99.7976732422863,
        "INACTIVE": 0.2501563477173233,
        "INVALID": 0,
        "MALICIOUS": 0,
        "SANE": 0,
        "VALID": 0,
        "total": 100.04782959000362
    }
}