{
    "counter": {
        "ACTIVE": 3167,
        "INACTIVE": 2,
        "INVALID": 0,
        "MALICIOUS": 0,
        "SANE": 0,
        "VALID": 0,
        "total": 3169
    },
    "percentage": {
        "ACTIVE": 99.93688860839382,
        "INACTIVE": 0.0823045267489712,
        "INVALID": 0,
        "MALICIOUS": 0,
        "SANE": 0,
        "VALID": 0,
        "total": 100.01919313514279
    }
}