{
    "counter": {
        "ACTIVE": 1638,
        "INACTIVE": 3,
        "INVALID": 0,
        "MALICIOUS": 0,
        "SANE": 0,
        "VALID": 0,
        "total": 1641
    },
    "percentage": {
        "ACTIVE": 99.81718464351006,
        "INACTIVE": 0.30181086519114686,
        "INVALID": 0,
        "MALICIOUS": 0,
        "SANE": 0,
        "VALID": 0,
        "total": 100.1189955087012
    }
}