{
    "counter": {
        "ACTIVE": 1258,
        "INACTIVE": 3,
        "INVALID": 0,
        "MALICIOUS": 0,
        "SANE": 0,
        "VALID": 0,
        "total": 1261
    },
    "percentage": {
        "ACTIVE": 99.76209357652657,
        "INACTIVE": 0.31347962382445144,
        "INVALID": 0,
        "MALICIOUS": 0,
        "SANE": 0,
        "VALID": 0,
        "total": 100.07557320035102
    }
}