{
    "counter": {
        "ACTIVE": 2317,
        "INACTIVE": 6,
        "INVALID": 0,
        "MALICIOUS": 0,
        "SANE": 0,
        "VALID": 0,
        "total": 2323
    },
    "percentage": {
        "ACTIVE": 99.74171330176496,
        "INACTIVE": 0.6880733944954128,
        "INVALID": 0,
        "MALICIOUS": 0,
        "SANE": 0,
        "VALID": 0,
        "total": 100.42978669626038
    }
}