{
    "counter": {
        "ACTIVE": 3863,
        "INACTIVE": 4,
        "INVALID": 0,
        "MALICIOUS": 0,
        "SANE": 0,
        "VALID": 0,
        "total": 3867
    },
    "percentage": {
        "ACTIVE": 99.89656064132403,
        "INACTIVE": 1.7391304347826086,
        "INVALID": 0,
        "MALICIOUS": 0,
        "SANE": 0,
        "VALID": 0,
        "total": 101.63569107610664
    }
}