{
    "counter": {
        "ACTIVE": 1782,
        "INACTIVE": 1,
        "INVALID": 0,
        "MALICIOUS": 0,
        "SANE": 0,
        "VALID": 0,
        "total": 1783
    },
    "percentage": {
        "ACTIVE": 99.94391475042065,
        "INACTIVE": 0.20449897750511248,
        "INVALID": 0,
        "MALICIOUS": 0,
        "SANE": 0,
        "VALID": 0,
        "total": 100.14841372792576
    }
}