{
    "counter": {
        "ACTIVE": 309,
        "INACTIVE": 5,
        "INVALID": 0,
        "MALICIOUS": 0,
        "SANE": 0,
        "VALID": 0,
        "total": 314
    },
    "percentage": {
        "ACTIVE": 98.40764331210191,
        "INACTIVE": 7.6923076923076925,
        "INVALID": 0,
        "MALICIOUS": 0,
        "SANE": 0,
        "VALID": 0,
        "total": 106.0999510044096
    }
}