{
    "counter": {
        "ACTIVE": 2317,
        "INACTIVE": 1,
        "INVALID": 0,
        "MALICIOUS": 0,
        "SANE": 0,
        "VALID": 0,
        "total": 2318
    },
    "percentage": {
        "ACTIVE": 99.95685936151855,
        "INACTIVE": 0.11173184357541899,
        "INVALID": 0,
        "MALICIOUS": 0,
        "SANE": 0,
        "VALID": 0,
        "total": 100.06859120509397
    }
}