{
    "counter": {
        "ACTIVE": 291,
        "INACTIVE": 2,
        "INVALID": 0,
        "MALICIOUS": 0,
        "SANE": 0,
        "VALID": 0,
        "total": 293
    },
    "percentage": {
        "ACTIVE": 99.31740614334471,
        "INACTIVE": 0.7782101167315175,
        "INVALID": 0,
        "MALICIOUS": 0,
        "SANE": 0,
        "VALID": 0,
        "total": 100.09561626007623
    }
}