{
    "counter": {
        "ACTIVE": 2550,
        "INACTIVE": 1,
        "INVALID": 0,
        "MALICIOUS": 0,
        "SANE": 0,
        "VALID": 0,
        "total": 2551
    },
    "percentage": {
        "ACTIVE": 99.9607996863975,
        "INACTIVE": 2.2222222222222223,
        "INVALID": 0,
        "MALICIOUS": 0,
        "SANE": 0,
        "VALID": 0,
        "total": 102.18302190861972
    }
}