{
    "counter": {
        "ACTIVE": 1327,
        "INACTIVE": 2,
        "INVALID": 0,
        "MALICIOUS": 0,
        "SANE": 0,
        "VALID": 0,
        "total": 1329
    },
    "percentage": {
        "ACTIVE": 99.84951091045899,
        "INACTIVE": 0.32102728731942215,
        "INVALID": 0,
        "MALICIOUS": 0,
        "SANE": 0,
        "VALID": 0,
        "total": 100.17053819777841
    }
}