{
    "counter": {
        "ACTIVE": 2034,
        "INACTIVE": 6,
        "INVALID": 0,
        "MALICIOUS": 0,
        "SANE": 0,
        "VALID": 0,
        "total": 2040
    },
    "percentage": {
        "ACTIVE": 99.70588235294117,
        "INACTIVE": 0.6880733944954128,
        "INVALID": 0,
        "MALICIOUS": 0,
        "SANE": 0,
        "VALID": 0,
        "total": 100.39395574743659
    }
}