{
    "counter": {
        "ACTIVE": 1227,
        "INACTIVE": 2,
        "INVALID": 0,
        "MALICIOUS": 0,
        "SANE": 0,
        "VALID": 0,
        "total": 1229
    },
    "percentage": {
        "ACTIVE": 99.83726606997558,
        "INACTIVE": 0.3110419906687403,
        "INVALID": 0,
        "MALICIOUS": 0,
        "SANE": 0,
        "VALID": 0,
        "total": 100.14830806064433
    }
}