{
    "counter": {
        "ACTIVE": 1935,
        "INACTIVE": 2,
        "INVALID": 0,
        "MALICIOUS": 0,
        "SANE": 0,
        "VALID": 0,
        "total": 1937
    },
    "percentage": {
        "ACTIVE": 99.89674754775426,
        "INACTIVE": 0.2849002849002849,
        "INVALID": 0,
        "MALICIOUS": 0,
        "SANE": 0,
        "VALID": 0,
        "total": 100.18164783265455
    }
}