{
    "counter": {
        "ACTIVE": 4323,
        "INACTIVE": 2,
        "INVALID": 1,
        "MALICIOUS": 0,
        "SANE": 0,
        "VALID": 0,
        "total": 4326
    },
    "percentage": {
        "ACTIVE": 99.93065187239945,
        "INACTIVE": 0.04623208506703652,
        "INVALID": 0.02311604253351826,
        "MALICIOUS": 0.0,
        "SANE": 0.0,
        "VALID": 0.0,
        "total": 100.0
    }
}