{
    "counter": {
        "ACTIVE": 2010,
        "INACTIVE": 2,
        "INVALID": 0,
        "MALICIOUS": 0,
        "SANE": 0,
        "VALID": 0,
        "total": 2012
    },
    "percentage": {
        "ACTIVE": 99.90059642147118,
        "INACTIVE": 0.1218026796589525,
        "INVALID": 0,
        "MALICIOUS": 0,
        "SANE": 0,
        "VALID": 0,
        "total": 100.02239910113013
    }
}