{
    "counter": {
        "ACTIVE": 1148,
        "INACTIVE": 2,
        "INVALID": 0,
        "MALICIOUS": 0,
        "SANE": 0,
        "VALID": 0,
        "total": 1150
    },
    "percentage": {
        "ACTIVE": 99.82608695652173,
        "INACTIVE": 0.4914004914004914,
        "INVALID": 0,
        "MALICIOUS": 0,
        "SANE": 0,
        "VALID": 0,
        "total": 100.31748744792223
    }
}