{
    "counter": {
        "ACTIVE": 1373,
        "INACTIVE": 1,
        "INVALID": 0,
        "MALICIOUS": 0,
        "SANE": 0,
        "VALID": 0,
        "total": 1374
    },
    "percentage": {
        "ACTIVE": 99.92721979621543,
        "INACTIVE": 0.6802721088435374,
        "INVALID": 0,
        "MALICIOUS": 0,
        "SANE": 0,
        "VALID": 0,
        "total": 100.60749190505896
    }
}