{
    "counter": {
        "ACTIVE": 2244,
        "INACTIVE": 6,
        "INVALID": 0,
        "MALICIOUS": 0,
        "SANE": 0,
        "VALID": 0,
        "total": 2250
    },
    "percentage": {
        "ACTIVE": 99.73333333333333,
        "INACTIVE": 0.2850356294536817,
        "INVALID": 0,
        "MALICIOUS": 0,
        "SANE": 0,
        "VALID": 0,
        "total": 100.01836896278702
    }
}