{
    "counter": {
        "ACTIVE": 2130,
        "INACTIVE": 3,
        "INVALID": 0,
        "MALICIOUS": 0,
        "SANE": 0,
        "VALID": 0,
        "total": 2133
    },
    "percentage": {
        "ACTIVE": 99.85935302390999,
        "INACTIVE": 0.16465422612513722,
        "INVALID": 0,
        "MALICIOUS": 0,
        "SANE": 0,
        "VALID": 0,
        "total": 100.02400725003513
    }
}