{
    "counter": {
        "ACTIVE": 2310,
        "INACTIVE": 5,
        "INVALID": 0,
        "MALICIOUS": 0,
        "SANE": 0,
        "VALID": 0,
        "total": 2315
    },
    "percentage": {
        "ACTIVE": 99.78401727861771,
        "INACTIVE": 0.22301516503122212,
        "INVALID": 0,
        "MALICIOUS": 0,
        "SANE": 0,
        "VALID": 0,
        "total": 100.00703244364894
    }
}