{
    "counter": {
        "ACTIVE": 680,
        "INACTIVE": 2,
        "INVALID": 0,
        "MALICIOUS": 0,
        "SANE": 0,
        "VALID": 0,
        "total": 682
    },
    "percentage": {
        "ACTIVE": 99.70674486803519,
        "INACTIVE": 0.3284072249589491,
        "INVALID": 0,
        "MALICIOUS": 0,
        "SANE": 0,
        "VALID": 0,
        "total": 100.03515209299414
    }
}