{
    "counter": {
        "ACTIVE": 1434,
        "INACTIVE": 1,
        "INVALID": 0,
        "MALICIOUS": 0,
        "SANE": 0,
        "VALID": 0,
        "total": 1435
    },
    "percentage": {
        "ACTIVE": 99.93031358885017,
        "INACTIVE": 0.16611295681063123,
        "INVALID": 0,
        "MALICIOUS": 0,
        "SANE": 0,
        "VALID": 0,
        "total": 100.0964265456608
    }
}