{
    "counter": {
        "ACTIVE": 186,
        "INACTIVE": 1,
        "INVALID": 0,
        "MALICIOUS": 0,
        "SANE": 0,
        "VALID": 0,
        "total": 187
    },
    "percentage": {
        "ACTIVE": 99.46524064171123,
        "INACTIVE": 3.7037037037037037,
        "INVALID": 0,
        "MALICIOUS": 0,
        "SANE": 0,
        "VALID": 0,
        "total": 103.16894434541494
    }
}