{
    "counter": {
        "ACTIVE": 1226,
        "INACTIVE": 9,
        "INVALID": 0,
        "MALICIOUS": 0,
        "SANE": 0,
        "VALID": 0,
        "total": 1235
    },
    "percentage": {
        "ACTIVE": 99.27125506072875,
        "INACTIVE": 0.7894736842105263,
        "INVALID": 0,
        "MALICIOUS": 0,
        "SANE": 0,
        "VALID": 0,
        "total": 100.06072874493927
    }
}