{
    "counter": {
        "ACTIVE": 630,
        "INACTIVE": 1,
        "INVALID": 0,
        "MALICIOUS": 0,
        "SANE": 0,
        "VALID": 0,
        "total": 631
    },
    "percentage": {
        "ACTIVE": 99.84152139461173,
        "INACTIVE": 0.8620689655172413,
        "INVALID": 0,
        "MALICIOUS": 0,
        "SANE": 0,
        "VALID": 0,
        "total": 100.70359036012897
    }
}