{
    "counter": {
        "ACTIVE": 1906,
        "INACTIVE": 4,
        "INVALID": 0,
        "MALICIOUS": 0,
        "SANE": 0,
        "VALID": 0,
        "total": 1910
    },
    "percentage": {
        "ACTIVE": 99.79057591623037,
        "INACTIVE": 0.22160664819944598,
        "INVALID": 0,
        "MALICIOUS": 0,
        "SANE": 0,
        "VALID": 0,
        "total": 100.0121825644298
    }
}