{
    "counter": {
        "ACTIVE": 192,
        "INACTIVE": 1,
        "INVALID": 0,
        "MALICIOUS": 0,
        "SANE": 0,
        "VALID": 0,
        "total": 193
    },
    "percentage": {
        "ACTIVE": 99.48186528497409,
        "INACTIVE": 0.5235602094240838,
        "INVALID": 0,
        "MALICIOUS": 0,
        "SANE": 0,
        "VALID": 0,
        "total": 100.00542549439818
    }
}