{
    "counter": {
        "ACTIVE": 2172,
        "INACTIVE": 2,
        "INVALID": 0,
        "MALICIOUS": 0,
        "SANE": 0,
        "VALID": 0,
        "total": 2174
    },
    "percentage": {
        "ACTIVE": 99.90800367985281,
        "INACTIVE": 0.1936108422071636,
        "INVALID": 0,
        "MALICIOUS": 0,
        "SANE": 0,
        "VALID": 0,
        "total": 100.10161452205998
    }
}