{
    "counter": {
        "ACTIVE": 374,
        "INACTIVE": 1,
        "INVALID": 0,
        "MALICIOUS": 0,
        "SANE": 0,
        "VALID": 0,
        "total": 375
    },
    "percentage": {
        "ACTIVE": 99.73333333333333,
        "INACTIVE": 0.49261083743842365,
        "INVALID": 0,
        "MALICIOUS": 0,
        "SANE": 0,
        "VALID": 0,
        "total": 100.22594417077175
    }
}