{
    "counter": {
        "ACTIVE": 1682,
        "INACTIVE": 2,
        "INVALID": 0,
        "MALICIOUS": 0,
        "SANE": 0,
        "VALID": 0,
        "total": 1684
    },
    "percentage": {
        "ACTIVE": 99.8812351543943,
        "INACTIVE": 0.1529051987767584,
        "INVALID": 0,
        "MALICIOUS": 0,
        "SANE": 0,
        "VALID": 0,
        "total": 100.03414035317107
    }
}