{
    "counter": {
        "ACTIVE": 494,
        "INACTIVE": 2,
        "INVALID": 0,
        "MALICIOUS": 0,
        "SANE": 0,
        "VALID": 0,
        "total": 496
    },
    "percentage": {
        "ACTIVE": 99.59677419354838,
        "INACTIVE": 0.423728813559322,
        "INVALID": 0,
        "MALICIOUS": 0,
        "SANE": 0,
        "VALID": 0,
        "total": 100.0205030071077
    }
}