{
    "counter": {
        "ACTIVE": 727,
        "INACTIVE": 1,
        "INVALID": 0,
        "MALICIOUS": 0,
        "SANE": 0,
        "VALID": 0,
        "total": 728
    },
    "percentage": {
        "ACTIVE": 99.86263736263736,
        "INACTIVE": 2.7777777777777777,
        "INVALID": 0,
        "MALICIOUS": 0,
        "SANE": 0,
        "VALID": 0,
        "total": 102.64041514041513
    }
}