{
    "counter": {
        "ACTIVE": 1848,
        "INACTIVE": 2,
        "INVALID": 0,
        "MALICIOUS": 0,
        "SANE": 0,
        "VALID": 0,
        "total": 1850
    },
    "percentage": {
        "ACTIVE": 99.89189189189189,
        "INACTIVE": 0.20429009193054137,
        "INVALID": 0,
        "MALICIOUS": 0,
        "SANE": 0,
        "VALID": 0,
        "total": 100.09618198382243
    }
}