{
    "counter": {
        "ACTIVE": 1900,
        "INACTIVE": 3,
        "INVALID": 0,
        "MALICIOUS": 0,
        "SANE": 0,
        "VALID": 0,
        "total": 1903
    },
    "percentage": {
        "ACTIVE": 99.8423541776143,
        "INACTIVE": 0.17152658662092624,
        "INVALID": 0,
        "MALICIOUS": 0,
        "SANE": 0,
        "VALID": 0,
        "total": 100.01388076423522
    }
}