{
    "counter": {
        "ACTIVE": 2112,
        "INACTIVE": 3,
        "INVALID": 0,
        "MALICIOUS": 0,
        "SANE": 0,
        "VALID": 0,
        "total": 2115
    },
    "percentage": {
        "ACTIVE": 99.8581560283688,
        "INACTIVE": 0.18181818181818182,
        "INVALID": 0,
        "MALICIOUS": 0,
        "SANE": 0,
        "VALID": 0,
        "total": 100.03997421018698
    }
}