{
    "counter": {
        "ACTIVE": 1707,
        "INACTIVE": 4,
        "INVALID": 0,
        "MALICIOUS": 0,
        "SANE": 0,
        "VALID": 0,
        "total": 1711
    },
    "percentage": {
        "ACTIVE": 99.76621858562244,
        "INACTIVE": 0.24067388688327315,
        "INVALID": 0,
        "MALICIOUS": 0,
        "SANE": 0,
        "VALID": 0,
        "total": 100.00689247250571
    }
}