{
    "counter": {
        "ACTIVE": 2205,
        "INACTIVE": 9,
        "INVALID": 0,
        "MALICIOUS": 0,
        "SANE": 0,
        "VALID": 0,
        "total": 2214
    },
    "percentage": {
        "ACTIVE": 99.59349593495935,
        "INACTIVE": 0.6751687921980495,
        "INVALID": 0,
        "MALICIOUS": 0,
        "SANE": 0,
        "VALID": 0,
        "total": 100.2686647271574
    }
}