{
    "counter": {
        "ACTIVE": 1787,
        "INACTIVE": 1,
        "INVALID": 0,
        "MALICIOUS": 0,
        "SANE": 0,
        "VALID": 0,
        "total": 1788
    },
    "percentage": {
        "ACTIVE": 99.9440715883669,
        "INACTIVE": 0.06265664160401002,
        "INVALID": 0,
        "MALICIOUS": 0,
        "SANE": 0,
        "VALID": 0,
        "total": 100.0067282299709
    }
}