{
    "counter": {
        "ACTIVE": 2174,
        "INACTIVE": 1,
        "INVALID": 0,
        "MALICIOUS": 0,
        "SANE": 0,
        "VALID": 0,
        "total": 2175
    },
    "percentage": {
        "ACTIVE": 99.95402298850574,
        "INACTIVE": 0.0880281690140845,
        "INVALID": 0,
        "MALICIOUS": 0,
        "SANE": 0,
        "VALID": 0,
        "total": 100.04205115751982
    }
}