{
    "counter": {
        "ACTIVE": 1747,
        "INACTIVE": 1,
        "INVALID": 0,
        "MALICIOUS": 0,
        "SANE": 0,
        "VALID": 0,
        "total": 1748
    },
    "percentage": {
        "ACTIVE": 99.94279176201373,
        "INACTIVE": 0.0594883997620464,
        "INVALID": 0,
        "MALICIOUS": 0,
        "SANE": 0,
        "VALID": 0,
        "total": 100.00228016177577
    }
}