{
    "counter": {
        "ACTIVE": 1785,
        "INACTIVE": 2,
        "INVALID": 0,
        "MALICIOUS": 0,
        "SANE": 0,
        "VALID": 0,
        "total": 1787
    },
    "percentage": {
        "ACTIVE": 99.88808058198097,
        "INACTIVE": 1.1173184357541899,
        "INVALID": 0,
        "MALICIOUS": 0,
        "SANE": 0,
        "VALID": 0,
        "total": 101.00539901773516
    }
}