{
    "counter": {
        "ACTIVE": 1727,
        "INACTIVE": 2,
        "INVALID": 0,
        "MALICIOUS": 0,
        "SANE": 0,
        "VALID": 0,
        "total": 1729
    },
    "percentage": {
        "ACTIVE": 99.88432620011568,
        "INACTIVE": 0.1524390243902439,
        "INVALID": 0,
        "MALICIOUS": 0,
        "SANE": 0,
        "VALID": 0,
        "total": 100.03676522450593
    }
}