{
    "counter": {
        "ACTIVE": 3189,
        "INACTIVE": 3,
        "INVALID": 0,
        "MALICIOUS": 0,
        "SANE": 0,
        "VALID": 0,
        "total": 3192
    },
    "percentage": {
        "ACTIVE": 99.90601503759399,
        "INACTIVE": 0.1333926189417519,
        "INVALID": 0,
        "MALICIOUS": 0,
        "SANE": 0,
        "VALID": 0,
        "total": 100.03940765653574
    }
}