{
    "counter": {
        "ACTIVE": 2127,
        "INACTIVE": 4,
        "INVALID": 0,
        "MALICIOUS": 0,
        "SANE": 0,
        "VALID": 0,
        "total": 2131
    },
    "percentage": {
        "ACTIVE": 99.8122946973252,
        "INACTIVE": 0.19860973187686196,
        "INVALID": 0,
        "MALICIOUS": 0,
        "SANE": 0,
        "VALID": 0,
        "total": 100.01090442920206
    }
}