{
    "counter": {
        "ACTIVE": 2183,
        "INACTIVE": 9,
        "INVALID": 0,
        "MALICIOUS": 0,
        "SANE": 0,
        "VALID": 0,
        "total": 2192
    },
    "percentage": {
        "ACTIVE": 99.58941605839416,
        "INACTIVE": 0.4130335016062414,
        "INVALID": 0,
        "MALICIOUS": 0,
        "SANE": 0,
        "VALID": 0,
        "total": 100.0024495600004
    }
}