{
    "counter": {
        "ACTIVE": 841,
        "INACTIVE": 1,
        "INVALID": 0,
        "MALICIOUS": 0,
        "SANE": 0,
        "VALID": 0,
        "total": 842
    },
    "percentage": {
        "ACTIVE": 99.8812351543943,
        "INACTIVE": 0.12330456226880394,
        "INVALID": 0,
        "MALICIOUS": 0,
        "SANE": 0,
        "VALID": 0,
        "total": 100.0045397166631
    }
}