{
    "counter": {
        "ACTIVE": 2060,
        "INACTIVE": 1,
        "INVALID": 0,
        "MALICIOUS": 0,
        "SANE": 0,
        "VALID": 0,
        "total": 2061
    },
    "percentage": {
        "ACTIVE": 99.95147986414362,
        "INACTIVE": 0.13333333333333333,
        "INVALID": 0,
        "MALICIOUS": 0,
        "SANE": 0,
        "VALID": 0,
        "total": 100.08481319747696
    }
}