{
    "counter": {
        "ACTIVE": 2309,
        "INACTIVE": 1,
        "INVALID": 0,
        "MALICIOUS": 0,
        "SANE": 0,
        "VALID": 0,
        "total": 2310
    },
    "percentage": {
        "ACTIVE": 99.95670995670996,
        "INACTIVE": 0.07225433526011561,
        "INVALID": 0,
        "MALICIOUS": 0,
        "SANE": 0,
        "VALID": 0,
        "total": 100.02896429197007
    }
}