{
    "counter": {
        "ACTIVE": 1984,
        "INACTIVE": 1,
        "INVALID": 0,
        "MALICIOUS": 0,
        "SANE": 0,
        "VALID": 0,
        "total": 1985
    },
    "percentage": {
        "ACTIVE": 99.94962216624685,
        "INACTIVE": 0.12345679012345678,
        "INVALID": 0,
        "MALICIOUS": 0,
        "SANE": 0,
        "VALID": 0,
        "total": 100.07307895637031
    }
}