{
    "counter": {
        "ACTIVE": 1986,
        "INACTIVE": 1,
        "INVALID": 0,
        "MALICIOUS": 0,
        "SANE": 0,
        "VALID": 0,
        "total": 1987
    },
    "percentage": {
        "ACTIVE": 99.9496728736789,
        "INACTIVE": 0.6493506493506493,
        "INVALID": 0,
        "MALICIOUS": 0,
        "SANE": 0,
        "VALID": 0,
        "total": 100.59902352302956
    }
}