{
    "counter": {
        "ACTIVE": 2326,
        "INACTIVE": 1,
        "INVALID": 0,
        "MALICIOUS": 0,
        "SANE": 0,
        "VALID": 0,
        "total": 2327
    },
    "percentage": {
        "ACTIVE": 99.95702621400946,
        "INACTIVE": 0.06997900629811056,
        "INVALID": 0,
        "MALICIOUS": 0,
        "SANE": 0,
        "VALID": 0,
        "total": 100.02700522030757
    }
}