{
    "counter": {
        "ACTIVE": 1089,
        "INACTIVE": 1,
        "INVALID": 0,
        "MALICIOUS": 0,
        "SANE": 0,
        "VALID": 0,
        "total": 1090
    },
    "percentage": {
        "ACTIVE": 99.90825688073394,
        "INACTIVE": 0.1949317738791423,
        "INVALID": 0,
        "MALICIOUS": 0,
        "SANE": 0,
        "VALID": 0,
        "total": 100.10318865461309
    }
}