{
    "counter": {
        "ACTIVE": 2009,
        "INACTIVE": 1,
        "INVALID": 0,
        "MALICIOUS": 0,
        "SANE": 0,
        "VALID": 0,
        "total": 2010
    },
    "percentage": {
        "ACTIVE": 99.95024875621891,
        "INACTIVE": 0.05868544600938967,
        "INVALID": 0,
        "MALICIOUS": 0,
        "SANE": 0,
        "VALID": 0,
        "total": 100.0089342022283
    }
}