{
    "counter": {
        "ACTIVE": 1304,
        "INACTIVE": 3,
        "INVALID": 0,
        "MALICIOUS": 0,
        "SANE": 0,
        "VALID": 0,
        "total": 1307
    },
    "percentage": {
        "ACTIVE": 99.77046671767407,
        "INACTIVE": 0.2336448598130841,
        "INVALID": 0,
        "MALICIOUS": 0,
        "SANE": 0,
        "VALID": 0,
        "total": 100.00411157748715
    }
}