{
    "counter": {
        "ACTIVE": 2536,
        "INACTIVE": 3,
        "INVALID": 0,
        "MALICIOUS": 0,
        "SANE": 0,
        "VALID": 0,
        "total": 2539
    },
    "percentage": {
        "ACTIVE": 99.8818432453722,
        "INACTIVE": 0.13780431786862654,
        "INVALID": 0,
        "MALICIOUS": 0,
        "SANE": 0,
        "VALID": 0,
        "total": 100.01964756324082
    }
}