{
    "counter": {
        "ACTIVE": 1275,
        "INACTIVE": 8,
        "INVALID": 0,
        "MALICIOUS": 0,
        "SANE": 0,
        "VALID": 0,
        "total": 1283
    },
    "percentage": {
        "ACTIVE": 99.37646141855028,
        "INACTIVE": 0.7246376811594203,
        "INVALID": 0,
        "MALICIOUS": 0,
        "SANE": 0,
        "VALID": 0,
        "total": 100.1010990997097
    }
}