{
    "counter": {
        "ACTIVE": 987,
        "INACTIVE": 1,
        "INVALID": 0,
        "MALICIOUS": 0,
        "SANE": 0,
        "VALID": 0,
        "total": 988
    },
    "percentage": {
        "ACTIVE": 99.89878542510121,
        "INACTIVE": 0.2702702702702703,
        "INVALID": 0,
        "MALICIOUS": 0,
        "SANE": 0,
        "VALID": 0,
        "total": 100.16905569537148
    }
}