{
    "counter": {
        "ACTIVE": 1681,
        "INACTIVE": 1,
        "INVALID": 0,
        "MALICIOUS": 0,
        "SANE": 0,
        "VALID": 0,
        "total": 1682
    },
    "percentage": {
        "ACTIVE": 99.94054696789536,
        "INACTIVE": 0.10141987829614604,
        "INVALID": 0,
        "MALICIOUS": 0,
        "SANE": 0,
        "VALID": 0,
        "total": 100.0419668461915
    }
}