{
    "counter": {
        "ACTIVE": 352,
        "INACTIVE": 10,
        "INVALID": 0,
        "MALICIOUS": 0,
        "SANE": 0,
        "VALID": 0,
        "total": 362
    },
    "percentage": {
        "ACTIVE": 97.23756906077348,
        "INACTIVE": 5.714285714285714,
        "INVALID": 0,
        "MALICIOUS": 0,
        "SANE": 0,
        "VALID": 0,
        "total": 102.95185477505919
    }
}