{
    "counter": {
        "ACTIVE": 3183,
        "INACTIVE": 2,
        "INVALID": 0,
        "MALICIOUS": 0,
        "SANE": 0,
        "VALID": 0,
        "total": 3185
    },
    "percentage": {
        "ACTIVE": 99.93720565149137,
        "INACTIVE": 0.0657030223390276,
        "INVALID": 0,
        "MALICIOUS": 0,
        "SANE": 0,
        "VALID": 0,
        "total": 100.00290867383039
    }
}