{
    "counter": {
        "ACTIVE": 1319,
        "INACTIVE": 1,
        "INVALID": 0,
        "MALICIOUS": 0,
        "SANE": 0,
        "VALID": 0,
        "total": 1320
    },
    "percentage": {
        "ACTIVE": 99.92424242424242,
        "INACTIVE": 0.24509803921568626,
        "INVALID": 0,
        "MALICIOUS": 0,
        "SANE": 0,
        "VALID": 0,
        "total": 100.16934046345811
    }
}