{
    "counter": {
        "ACTIVE": 856,
        "INACTIVE": 4,
        "INVALID": 0,
        "MALICIOUS": 0,
        "SANE": 0,
        "VALID": 0,
        "total": 860
    },
    "percentage": {
        "ACTIVE": 99.53488372093024,
        "INACTIVE": 0.6825938566552902,
        "INVALID": 0,
        "MALICIOUS": 0,
        "SANE": 0,
        "VALID": 0,
        "total": 100.21747757758553
    }
}