{
    "counter": {
        "ACTIVE": 4404,
        "INACTIVE": 1,
        "INVALID": 0,
        "MALICIOUS": 0,
        "SANE": 0,
        "VALID": 0,
        "total": 4405
    },
    "percentage": {
        "ACTIVE": 99.97729852440409,
        "INACTIVE": 0.022701475595913734,
        "INVALID": 0.0,
        "MALICIOUS": 0.0,
        "SANE": 0.0,
        "VALID": 0.0,
        "total": 100.0
    }
}