{
    "counter": {
        "ACTIVE": 1760,
        "INACTIVE": 1,
        "INVALID": 0,
        "MALICIOUS": 0,
        "SANE": 0,
        "VALID": 0,
        "total": 1761
    },
    "percentage": {
        "ACTIVE": 99.94321408290745,
        "INACTIVE": 0.10224948875255624,
        "INVALID": 0,
        "MALICIOUS": 0,
        "SANE": 0,
        "VALID": 0,
        "total": 100.04546357166001
    }
}