{
    "counter": {
        "ACTIVE": 1396,
        "INACTIVE": 3,
        "INVALID": 0,
        "MALICIOUS": 0,
        "SANE": 0,
        "VALID": 0,
        "total": 1399
    },
    "percentage": {
        "ACTIVE": 99.7855611150822,
        "INACTIVE": 0.2997002997002997,
        "INVALID": 0,
        "MALICIOUS": 0,
        "SANE": 0,
        "VALID": 0,
        "total": 100.08526141478251
    }
}