{
    "counter": {
        "ACTIVE": 1045,
        "INACTIVE": 1,
        "INVALID": 0,
        "MALICIOUS": 0,
        "SANE": 0,
        "VALID": 0,
        "total": 1046
    },
    "percentage": {
        "ACTIVE": 99.90439770554494,
        "INACTIVE": 1.694915254237288,
        "INVALID": 0,
        "MALICIOUS": 0,
        "SANE": 0,
        "VALID": 0,
        "total": 101.59931295978222
    }
}