{
    "counter": {
        "ACTIVE": 2147,
        "INACTIVE": 2,
        "INVALID": 0,
        "MALICIOUS": 0,
        "SANE": 0,
        "VALID": 0,
        "total": 2149
    },
    "percentage": {
        "ACTIVE": 99.90693345742206,
        "INACTIVE": 0.2484472049689441,
        "INVALID": 0,
        "MALICIOUS": 0,
        "SANE": 0,
        "VALID": 0,
        "total": 100.155380662391
    }
}