{
    "counter": {
        "ACTIVE": 2336,
        "INACTIVE": 2,
        "INVALID": 0,
        "MALICIOUS": 0,
        "SANE": 0,
        "VALID": 0,
        "total": 2338
    },
    "percentage": {
        "ACTIVE": 99.91445680068435,
        "INACTIVE": 0.10251153254741159,
        "INVALID": 0,
        "MALICIOUS": 0,
        "SANE": 0,
        "VALID": 0,
        "total": 100.01696833323176
    }
}