{
    "counter": {
        "ACTIVE": 1949,
        "INACTIVE": 2,
        "INVALID": 0,
        "MALICIOUS": 0,
        "SANE": 0,
        "VALID": 0,
        "total": 1951
    },
    "percentage": {
        "ACTIVE": 99.89748846745259,
        "INACTIVE": 0.12345679012345678,
        "INVALID": 0,
        "MALICIOUS": 0,
        "SANE": 0,
        "VALID": 0,
        "total": 100.02094525757605
    }
}