{
    "counter": {
        "ACTIVE": 1185,
        "INACTIVE": 5,
        "INVALID": 0,
        "MALICIOUS": 0,
        "SANE": 0,
        "VALID": 0,
        "total": 1190
    },
    "percentage": {
        "ACTIVE": 99.5798319327731,
        "INACTIVE": 0.5186721991701245,
        "INVALID": 0,
        "MALICIOUS": 0,
        "SANE": 0,
        "VALID": 0,
        "total": 100.09850413194323
    }
}