{
    "counter": {
        "ACTIVE": 1302,
        "INACTIVE": 1,
        "INVALID": 0,
        "MALICIOUS": 0,
        "SANE": 0,
        "VALID": 0,
        "total": 1303
    },
    "percentage": {
        "ACTIVE": 99.92325402916347,
        "INACTIVE": 0.22026431718061673,
        "INVALID": 0,
        "MALICIOUS": 0,
        "SANE": 0,
        "VALID": 0,
        "total": 100.1435183463441
    }
}