{
    "counter": {
        "ACTIVE": 2302,
        "INACTIVE": 12,
        "INVALID": 0,
        "MALICIOUS": 0,
        "SANE": 0,
        "VALID": 0,
        "total": 2314
    },
    "percentage": {
        "ACTIVE": 99.5244271508863,
        "INACTIVE": 0.5185825410544511,
        "INVALID": 0,
        "MALICIOUS": 0,
        "SANE": 0,
        "VALID": 0,
        "total": 100.04300969194075
    }
}