{
    "counter": {
        "ACTIVE": 313,
        "INACTIVE": 1,
        "INVALID": 0,
        "MALICIOUS": 0,
        "SANE": 0,
        "VALID": 0,
        "total": 314
    },
    "percentage": {
        "ACTIVE": 99.68152866242038,
        "INACTIVE": 0.6622516556291391,
        "INVALID": 0,
        "MALICIOUS": 0,
        "SANE": 0,
        "VALID": 0,
        "total": 100.34378031804951
    }
}