{
    "counter": {
        "ACTIVE": 2338,
        "INACTIVE": 10,
        "INVALID": 0,
        "MALICIOUS": 0,
        "SANE": 0,
        "VALID": 0,
        "total": 2348
    },
    "percentage": {
        "ACTIVE": 99.5741056218058,
        "INACTIVE": 0.44964028776978415,
        "INVALID": 0,
        "MALICIOUS": 0,
        "SANE": 0,
        "VALID": 0,
        "total": 100.02374590957558
    }
}