{
    "counter": {
        "ACTIVE": 1563,
        "INACTIVE": 2,
        "INVALID": 0,
        "MALICIOUS": 0,
        "SANE": 0,
        "VALID": 0,
        "total": 1565
    },
    "percentage": {
        "ACTIVE": 99.87220447284345,
        "INACTIVE": 0.2932551319648094,
        "INVALID": 0,
        "MALICIOUS": 0,
        "SANE": 0,
        "VALID": 0,
        "total": 100.16545960480826
    }
}