{
    "counter": {
        "ACTIVE": 2207,
        "INACTIVE": 4,
        "INVALID": 0,
        "MALICIOUS": 0,
        "SANE": 0,
        "VALID": 0,
        "total": 2211
    },
    "percentage": {
        "ACTIVE": 99.81908638625056,
        "INACTIVE": 0.20040080160320642,
        "INVALID": 0,
        "MALICIOUS": 0,
        "SANE": 0,
        "VALID": 0,
        "total": 100.01948718785377
    }
}