{
    "counter": {
        "ACTIVE": 1912,
        "INACTIVE": 5,
        "INVALID": 0,
        "MALICIOUS": 0,
        "SANE": 0,
        "VALID": 0,
        "total": 1917
    },
    "percentage": {
        "ACTIVE": 99.73917579551383,
        "INACTIVE": 0.2745744096650192,
        "INVALID": 0,
        "MALICIOUS": 0,
        "SANE": 0,
        "VALID": 0,
        "total": 100.01375020517885
    }
}