{
    "counter": {
        "ACTIVE": 2190,
        "INACTIVE": 6,
        "INVALID": 0,
        "MALICIOUS": 0,
        "SANE": 0,
        "VALID": 0,
        "total": 2196
    },
    "percentage": {
        "ACTIVE": 99.72677595628416,
        "INACTIVE": 0.27497708524289644,
        "INVALID": 0,
        "MALICIOUS": 0,
        "SANE": 0,
        "VALID": 0,
        "total": 100.00175304152705
    }
}