{
    "counter": {
        "ACTIVE": 1020,
        "INACTIVE": 1,
        "INVALID": 0,
        "MALICIOUS": 0,
        "SANE": 0,
        "VALID": 0,
        "total": 1021
    },
    "percentage": {
        "ACTIVE": 99.9020568070519,
        "INACTIVE": 0.34843205574912894,
        "INVALID": 0,
        "MALICIOUS": 0,
        "SANE": 0,
        "VALID": 0,
        "total": 100.25048886280103
    }
}