{
    "counter": {
        "ACTIVE": 1785,
        "INACTIVE": 4,
        "INVALID": 0,
        "MALICIOUS": 0,
        "SANE": 0,
        "VALID": 0,
        "total": 1789
    },
    "percentage": {
        "ACTIVE": 99.77641140301844,
        "INACTIVE": 0.24554941682013506,
        "INVALID": 0,
        "MALICIOUS": 0,
        "SANE": 0,
        "VALID": 0,
        "total": 100.02196081983858
    }
}