{
    "counter": {
        "ACTIVE": 2310,
        "INACTIVE": 6,
        "INVALID": 0,
        "MALICIOUS": 0,
        "SANE": 0,
        "VALID": 0,
        "total": 2316
    },
    "percentage": {
        "ACTIVE": 99.74093264248705,
        "INACTIVE": 0.2894356005788712,
        "INVALID": 0,
        "MALICIOUS": 0,
        "SANE": 0,
        "VALID": 0,
        "total": 100.03036824306592
    }
}