{
    "counter": {
        "ACTIVE": 867,
        "INACTIVE": 2,
        "INVALID": 0,
        "MALICIOUS": 0,
        "SANE": 0,
        "VALID": 0,
        "total": 869
    },
    "percentage": {
        "ACTIVE": 99.76985040276179,
        "INACTIVE": 0.2361275088547816,
        "INVALID": 0,
        "MALICIOUS": 0,
        "SANE": 0,
        "VALID": 0,
        "total": 100.00597791161657
    }
}