{
    "counter": {
        "ACTIVE": 2341,
        "INACTIVE": 5,
        "INVALID": 0,
        "MALICIOUS": 0,
        "SANE": 0,
        "VALID": 0,
        "total": 2346
    },
    "percentage": {
        "ACTIVE": 99.78687127024723,
        "INACTIVE": 0.26136957658128596,
        "INVALID": 0,
        "MALICIOUS": 0,
        "SANE": 0,
        "VALID": 0,
        "total": 100.04824084682852
    }
}