{
    "counter": {
        "ACTIVE": 1904,
        "INACTIVE": 1,
        "INVALID": 0,
        "MALICIOUS": 0,
        "SANE": 0,
        "VALID": 0,
        "total": 1905
    },
    "percentage": {
        "ACTIVE": 99.94750656167979,
        "INACTIVE": 0.45662100456621,
        "INVALID": 0,
        "MALICIOUS": 0,
        "SANE": 0,
        "VALID": 0,
        "total": 100.404127566246
    }
}