{
    "counter": {
        "ACTIVE": 1321,
        "INACTIVE": 1,
        "INVALID": 0,
        "MALICIOUS": 0,
        "SANE": 0,
        "VALID": 0,
        "total": 1322
    },
    "percentage": {
        "ACTIVE": 99.92435703479576,
        "INACTIVE": 0.2564102564102564,
        "INVALID": 0,
        "MALICIOUS": 0,
        "SANE": 0,
        "VALID": 0,
        "total": 100.18076729120602
    }
}