{
    "counter": {
        "ACTIVE": 2179,
        "INACTIVE": 1,
        "INVALID": 0,
        "MALICIOUS": 0,
        "SANE": 0,
        "VALID": 0,
        "total": 2180
    },
    "percentage": {
        "ACTIVE": 99.95412844036697,
        "INACTIVE": 0.10810810810810811,
        "INVALID": 0,
        "MALICIOUS": 0,
        "SANE": 0,
        "VALID": 0,
        "total": 100.06223654847508
    }
}