{
    "counter": {
        "ACTIVE": 974,
        "INACTIVE": 3,
        "INVALID": 0,
        "MALICIOUS": 0,
        "SANE": 0,
        "VALID": 0,
        "total": 977
    },
    "percentage": {
        "ACTIVE": 99.69293756397134,
        "INACTIVE": 0.5319148936170213,
        "INVALID": 0,
        "MALICIOUS": 0,
        "SANE": 0,
        "VALID": 0,
        "total": 100.22485245758837
    }
}