{
    "counter": {
        "ACTIVE": 2187,
        "INACTIVE": 3,
        "INVALID": 0,
        "MALICIOUS": 0,
        "SANE": 0,
        "VALID": 0,
        "total": 2190
    },
    "percentage": {
        "ACTIVE": 99.86301369863014,
        "INACTIVE": 0.17889087656529518,
        "INVALID": 0,
        "MALICIOUS": 0,
        "SANE": 0,
        "VALID": 0,
        "total": 100.04190457519543
    }
}