{
    "counter": {
        "ACTIVE": 1973,
        "INACTIVE": 2,
        "INVALID": 0,
        "MALICIOUS": 0,
        "SANE": 0,
        "VALID": 0,
        "total": 1975
    },
    "percentage": {
        "ACTIVE": 99.89873417721519,
        "INACTIVE": 0.12165450121654502,
        "INVALID": 0,
        "MALICIOUS": 0,
        "SANE": 0,
        "VALID": 0,
        "total": 100.02038867843173
    }
}