{
    "counter": {
        "ACTIVE": 1961,
        "INACTIVE": 3,
        "INVALID": 0,
        "MALICIOUS": 0,
        "SANE": 0,
        "VALID": 0,
        "total": 1964
    },
    "percentage": {
        "ACTIVE": 99.84725050916497,
        "INACTIVE": 0.15408320493066255,
        "INVALID": 0,
        "MALICIOUS": 0,
        "SANE": 0,
        "VALID": 0,
        "total": 100.00133371409562
    }
}