{
    "counter": {
        "ACTIVE": 3180,
        "INACTIVE": 1,
        "INVALID": 0,
        "MALICIOUS": 0,
        "SANE": 0,
        "VALID": 0,
        "total": 3181
    },
    "percentage": {
        "ACTIVE": 99.9685633448601,
        "INACTIVE": 0.4484304932735426,
        "INVALID": 0,
        "MALICIOUS": 0,
        "SANE": 0,
        "VALID": 0,
        "total": 100.41699383813365
    }
}