{
    "counter": {
        "ACTIVE": 2226,
        "INACTIVE": 1,
        "INVALID": 0,
        "MALICIOUS": 0,
        "SANE": 0,
        "VALID": 0,
        "total": 2227
    },
    "percentage": {
        "ACTIVE": 99.95509654243376,
        "INACTIVE": 0.08818342151675485,
        "INVALID": 0,
        "MALICIOUS": 0,
        "SANE": 0,
        "VALID": 0,
        "total": 100.04327996395052
    }
}