{
    "counter": {
        "ACTIVE": 2097,
        "INACTIVE": 4,
        "INVALID": 0,
        "MALICIOUS": 0,
        "SANE": 0,
        "VALID": 0,
        "total": 2101
    },
    "percentage": {
        "ACTIVE": 99.80961446930033,
        "INACTIVE": 0.2331002331002331,
        "INVALID": 0,
        "MALICIOUS": 0,
        "SANE": 0,
        "VALID": 0,
        "total": 100.04271470240056
    }
}