{
    "counter": {
        "ACTIVE": 1658,
        "INACTIVE": 4,
        "INVALID": 0,
        "MALICIOUS": 0,
        "SANE": 0,
        "VALID": 0,
        "total": 1662
    },
    "percentage": {
        "ACTIVE": 99.75932611311673,
        "INACTIVE": 0.3147128245476003,
        "INVALID": 0,
        "MALICIOUS": 0,
        "SANE": 0,
        "VALID": 0,
        "total": 100.07403893766433
    }
}