{
    "counter": {
        "ACTIVE": 1756,
        "INACTIVE": 3,
        "INVALID": 0,
        "MALICIOUS": 0,
        "SANE": 0,
        "VALID": 0,
        "total": 1759
    },
    "percentage": {
        "ACTIVE": 99.82944855031268,
        "INACTIVE": 0.21216407355021216,
        "INVALID": 0,
        "MALICIOUS": 0,
        "SANE": 0,
        "VALID": 0,
        "total": 100.04161262386289
    }
}