{
    "counter": {
        "ACTIVE": 3151,
        "INACTIVE": 2,
        "INVALID": 0,
        "MALICIOUS": 0,
        "SANE": 0,
        "VALID": 0,
        "total": 3153
    },
    "percentage": {
        "ACTIVE": 99.93656834760546,
        "INACTIVE": 1.1235955056179776,
        "INVALID": 0,
        "MALICIOUS": 0,
        "SANE": 0,
        "VALID": 0,
        "total": 101.06016385322343
    }
}