{
    "counter": {
        "ACTIVE": 845,
        "INACTIVE": 2,
        "INVALID": 0,
        "MALICIOUS": 0,
        "SANE": 0,
        "VALID": 0,
        "total": 847
    },
    "percentage": {
        "ACTIVE": 99.76387249114522,
        "INACTIVE": 0.3527336860670194,
        "INVALID": 0,
        "MALICIOUS": 0,
        "SANE": 0,
        "VALID": 0,
        "total": 100.11660617721225
    }
}