{
    "counter": {
        "ACTIVE": 615,
        "INACTIVE": 7,
        "INVALID": 0,
        "MALICIOUS": 0,
        "SANE": 0,
        "VALID": 0,
        "total": 622
    },
    "percentage": {
        "ACTIVE": 98.87459807073955,
        "INACTIVE": 1.2237762237762237,
        "INVALID": 0,
        "MALICIOUS": 0,
        "SANE": 0,
        "VALID": 0,
        "total": 100.09837429451578
    }
}