{
    "counter": {
        "ACTIVE": 1563,
        "INACTIVE": 3,
        "INVALID": 0,
        "MALICIOUS": 0,
        "SANE": 0,
        "VALID": 0,
        "total": 1566
    },
    "percentage": {
        "ACTIVE": 99.80842911877394,
        "INACTIVE": 0.228310502283105,
        "INVALID": 0,
        "MALICIOUS": 0,
        "SANE": 0,
        "VALID": 0,
        "total": 100.03673962105705
    }
}