{
    "counter": {
        "ACTIVE": 1509,
        "INACTIVE": 1,
        "INVALID": 0,
        "MALICIOUS": 0,
        "SANE": 0,
        "VALID": 0,
        "total": 1510
    },
    "percentage": {
        "ACTIVE": 99.93377483443709,
        "INACTIVE": 0.08756567425569177,
        "INVALID": 0,
        "MALICIOUS": 0,
        "SANE": 0,
        "VALID": 0,
        "total": 100.02134050869277
    }
}