{
    "counter": {
        "ACTIVE": 1347,
        "INACTIVE": 1,
        "INVALID": 0,
        "MALICIOUS": 0,
        "SANE": 0,
        "VALID": 0,
        "total": 1348
    },
    "percentage": {
        "ACTIVE": 99.92581602373888,
        "INACTIVE": 0.07923930269413629,
        "INVALID": 0,
        "MALICIOUS": 0,
        "SANE": 0,
        "VALID": 0,
        "total": 100.00505532643301
    }
}