{
    "counter": {
        "ACTIVE": 1889,
        "INACTIVE": 1,
        "INVALID": 0,
        "MALICIOUS": 0,
        "SANE": 0,
        "VALID": 0,
        "total": 1890
    },
    "percentage": {
        "ACTIVE": 99.94708994708995,
        "INACTIVE": 0.5181347150259067,
        "INVALID": 0,
        "MALICIOUS": 0,
        "SANE": 0,
        "VALID": 0,
        "total": 100.46522466211586
    }
}