{
    "counter": {
        "ACTIVE": 700,
        "INACTIVE": 2,
        "INVALID": 0,
        "MALICIOUS": 0,
        "SANE": 0,
        "VALID": 0,
        "total": 702
    },
    "percentage": {
        "ACTIVE": 99.71509971509971,
        "INACTIVE": 0.49875311720698257,
        "INVALID": 0,
        "MALICIOUS": 0,
        "SANE": 0,
        "VALID": 0,
        "total": 100.2138528323067
    }
}