{
    "counter": {
        "ACTIVE": 1164,
        "INACTIVE": 4,
        "INVALID": 0,
        "MALICIOUS": 0,
        "SANE": 0,
        "VALID": 0,
        "total": 1168
    },
    "percentage": {
        "ACTIVE": 99.65753424657534,
        "INACTIVE": 0.4914004914004914,
        "INVALID": 0,
        "MALICIOUS": 0,
        "SANE": 0,
        "VALID": 0,
        "total": 100.14893473797584
    }
}