{
    "counter": {
        "ACTIVE": 668,
        "INACTIVE": 2,
        "INVALID": 0,
        "MALICIOUS": 0,
        "SANE": 0,
        "VALID": 0,
        "total": 670
    },
    "percentage": {
        "ACTIVE": 99.70149253731343,
        "INACTIVE": 0.42462845010615713,
        "INVALID": 0,
        "MALICIOUS": 0,
        "SANE": 0,
        "VALID": 0,
        "total": 100.12612098741958
    }
}