{
    "counter": {
        "ACTIVE": 995,
        "INACTIVE": 1,
        "INVALID": 0,
        "MALICIOUS": 0,
        "SANE": 0,
        "VALID": 0,
        "total": 996
    },
    "percentage": {
        "ACTIVE": 99.8995983935743,
        "INACTIVE": 2.6315789473684212,
        "INVALID": 0,
        "MALICIOUS": 0,
        "SANE": 0,
        "VALID": 0,
        "total": 102.53117734094272
    }
}