{
    "counter": {
        "ACTIVE": 2123,
        "INACTIVE": 2,
        "INVALID": 0,
        "MALICIOUS": 0,
        "SANE": 0,
        "VALID": 0,
        "total": 2125
    },
    "percentage": {
        "ACTIVE": 99.90588235294118,
        "INACTIVE": 0.4716981132075472,
        "INVALID": 0,
        "MALICIOUS": 0,
        "SANE": 0,
        "VALID": 0,
        "total": 100.37758046614873
    }
}