{
    "counter": {
        "ACTIVE": 1921,
        "INACTIVE": 4,
        "INVALID": 0,
        "MALICIOUS": 0,
        "SANE": 0,
        "VALID": 0,
        "total": 1925
    },
    "percentage": {
        "ACTIVE": 99.79220779220779,
        "INACTIVE": 0.3184713375796178,
        "INVALID": 0,
        "MALICIOUS": 0,
        "SANE": 0,
        "VALID": 0,
        "total": 100.11067912978741
    }
}