{
    "counter": {
        "ACTIVE": 1642,
        "INACTIVE": 2,
        "INVALID": 0,
        "MALICIOUS": 0,
        "SANE": 0,
        "VALID": 0,
        "total": 1644
    },
    "percentage": {
        "ACTIVE": 99.87834549878346,
        "INACTIVE": 0.2034587995930824,
        "INVALID": 0,
        "MALICIOUS": 0,
        "SANE": 0,
        "VALID": 0,
        "total": 100.08180429837654
    }
}