{
    "counter": {
        "ACTIVE": 986,
        "INACTIVE": 1,
        "INVALID": 0,
        "MALICIOUS": 0,
        "SANE": 0,
        "VALID": 0,
        "total": 987
    },
    "percentage": {
        "ACTIVE": 99.89868287740629,
        "INACTIVE": 0.24390243902439024,
        "INVALID": 0,
        "MALICIOUS": 0,
        "SANE": 0,
        "VALID": 0,
        "total": 100.14258531643068
    }
}