{
    "counter": {
        "ACTIVE": 1907,
        "INACTIVE": 4,
        "INVALID": 0,
        "MALICIOUS": 0,
        "SANE": 0,
        "VALID": 0,
        "total": 1911
    },
    "percentage": {
        "ACTIVE": 99.79068550497122,
        "INACTIVE": 0.21401819154628143,
        "INVALID": 0,
        "MALICIOUS": 0,
        "SANE": 0,
        "VALID": 0,
        "total": 100.00470369651751
    }
}