{
    "counter": {
        "ACTIVE": 680,
        "INACTIVE": 1,
        "INVALID": 0,
        "MALICIOUS": 0,
        "SANE": 0,
        "VALID": 0,
        "total": 681
    },
    "percentage": {
        "ACTIVE": 99.85315712187959,
        "INACTIVE": 0.2222222222222222,
        "INVALID": 0,
        "MALICIOUS": 0,
        "SANE": 0,
        "VALID": 0,
        "total": 100.07537934410182
    }
}