{
    "counter": {
        "ACTIVE": 886,
        "INACTIVE": 2,
        "INVALID": 0,
        "MALICIOUS": 0,
        "SANE": 0,
        "VALID": 0,
        "total": 888
    },
    "percentage": {
        "ACTIVE": 99.77477477477477,
        "INACTIVE": 0.2932551319648094,
        "INVALID": 0,
        "MALICIOUS": 0,
        "SANE": 0,
        "VALID": 0,
        "total": 100.06802990673958
    }
}