{
    "counter": {
        "ACTIVE": 1517,
        "INACTIVE": 3,
        "INVALID": 0,
        "MALICIOUS": 0,
        "SANE": 0,
        "VALID": 0,
        "total": 1520
    },
    "percentage": {
        "ACTIVE": 99.80263157894737,
        "INACTIVE": 0.3337041156840934,
        "INVALID": 0,
        "MALICIOUS": 0,
        "SANE": 0,
        "VALID": 0,
        "total": 100.13633569463147
    }
}