{
    "counter": {
        "ACTIVE": 1164,
        "INACTIVE": 1,
        "INVALID": 0,
        "MALICIOUS": 0,
        "SANE": 0,
        "VALID": 0,
        "total": 1165
    },
    "percentage": {
        "ACTIVE": 99.91416309012875,
        "INACTIVE": 0.32362459546925565,
        "INVALID": 0,
        "MALICIOUS": 0,
        "SANE": 0,
        "VALID": 0,
        "total": 100.23778768559801
    }
}