{
    "counter": {
        "ACTIVE": 358,
        "INACTIVE": 1,
        "INVALID": 0,
        "MALICIOUS": 0,
        "SANE": 0,
        "VALID": 0,
        "total": 359
    },
    "percentage": {
        "ACTIVE": 99.72144846796657,
        "INACTIVE": 0.6622516556291391,
        "INVALID": 0,
        "MALICIOUS": 0,
        "SANE": 0,
        "VALID": 0,
        "total": 100.3837001235957
    }
}