{
    "counter": {
        "ACTIVE": 1993,
        "INACTIVE": 1,
        "INVALID": 0,
        "MALICIOUS": 0,
        "SANE": 0,
        "VALID": 0,
        "total": 1994
    },
    "percentage": {
        "ACTIVE": 99.94984954864594,
        "INACTIVE": 0.05917159763313609,
        "INVALID": 0,
        "MALICIOUS": 0,
        "SANE": 0,
        "VALID": 0,
        "total": 100.00902114627908
    }
}