{
    "counter": {
        "ACTIVE": 2118,
        "INACTIVE": 1,
        "INVALID": 0,
        "MALICIOUS": 0,
        "SANE": 0,
        "VALID": 0,
        "total": 2119
    },
    "percentage": {
        "ACTIVE": 99.95280792826806,
        "INACTIVE": 0.49504950495049505,
        "INVALID": 0,
        "MALICIOUS": 0,
        "SANE": 0,
        "VALID": 0,
        "total": 100.44785743321856
    }
}