{
    "counter": {
        "ACTIVE": 2232,
        "INACTIVE": 2,
        "INVALID": 0,
        "MALICIOUS": 0,
        "SANE": 0,
        "VALID": 0,
        "total": 2234
    },
    "percentage": {
        "ACTIVE": 99.91047448522829,
        "INACTIVE": 1.1173184357541899,
        "INVALID": 0,
        "MALICIOUS": 0,
        "SANE": 0,
        "VALID": 0,
        "total": 101.02779292098248
    }
}