{
    "counter": {
        "ACTIVE": 2339,
        "INACTIVE": 3,
        "INVALID": 0,
        "MALICIOUS": 0,
        "SANE": 0,
        "VALID": 0,
        "total": 2342
    },
    "percentage": {
        "ACTIVE": 99.87190435525193,
        "INACTIVE": 0.14903129657228018,
        "INVALID": 0,
        "MALICIOUS": 0,
        "SANE": 0,
        "VALID": 0,
        "total": 100.0209356518242
    }
}