{
    "counter": {
        "ACTIVE": 986,
        "INACTIVE": 1,
        "INVALID": 0,
        "MALICIOUS": 0,
        "SANE": 0,
        "VALID": 0,
        "total": 987
    },
    "percentage": {
        "ACTIVE": 99.89868287740629,
        "INACTIVE": 0.24330900243309003,
        "INVALID": 0,
        "MALICIOUS": 0,
        "SANE": 0,
        "VALID": 0,
        "total": 100.14199187983938
    }
}