{
    "counter": {
        "ACTIVE": 638,
        "INACTIVE": 1,
        "INVALID": 0,
        "MALICIOUS": 0,
        "SANE": 0,
        "VALID": 0,
        "total": 639
    },
    "percentage": {
        "ACTIVE": 99.8435054773083,
        "INACTIVE": 0.7575757575757576,
        "INVALID": 0,
        "MALICIOUS": 0,
        "SANE": 0,
        "VALID": 0,
        "total": 100.60108123488405
    }
}