{
    "counter": {
        "ACTIVE": 1000,
        "INACTIVE": 2,
        "INVALID": 0,
        "MALICIOUS": 0,
        "SANE": 0,
        "VALID": 0,
        "total": 1002
    },
    "percentage": {
        "ACTIVE": 99.8003992015968,
        "INACTIVE": 0.22002200220022003,
        "INVALID": 0,
        "MALICIOUS": 0,
        "SANE": 0,
        "VALID": 0,
        "total": 100.02042120379703
    }
}