{
    "counter": {
        "ACTIVE": 847,
        "INACTIVE": 4,
        "INVALID": 0,
        "MALICIOUS": 0,
        "SANE": 0,
        "VALID": 0,
        "total": 851
    },
    "percentage": {
        "ACTIVE": 99.52996474735605,
        "INACTIVE": 0.535475234270415,
        "INVALID": 0,
        "MALICIOUS": 0,
        "SANE": 0,
        "VALID": 0,
        "total": 100.06543998162647
    }
}