{
    "counter": {
        "ACTIVE": 875,
        "INACTIVE": 1,
        "INVALID": 0,
        "MALICIOUS": 0,
        "SANE": 0,
        "VALID": 0,
        "total": 876
    },
    "percentage": {
        "ACTIVE": 99.88584474885845,
        "INACTIVE": 0.25316455696202533,
        "INVALID": 0,
        "MALICIOUS": 0,
        "SANE": 0,
        "VALID": 0,
        "total": 100.13900930582047
    }
}