{
    "counter": {
        "ACTIVE": 1623,
        "INACTIVE": 2,
        "INVALID": 0,
        "MALICIOUS": 0,
        "SANE": 0,
        "VALID": 0,
        "total": 1625
    },
    "percentage": {
        "ACTIVE": 99.87692307692308,
        "INACTIVE": 0.16090104585679807,
        "INVALID": 0,
        "MALICIOUS": 0,
        "SANE": 0,
        "VALID": 0,
        "total": 100.03782412277988
    }
}