{
    "counter": {
        "ACTIVE": 1337,
        "INACTIVE": 4,
        "INVALID": 0,
        "MALICIOUS": 0,
        "SANE": 0,
        "VALID": 0,
        "total": 1341
    },
    "percentage": {
        "ACTIVE": 99.70171513795675,
        "INACTIVE": 0.33030553261767137,
        "INVALID": 0,
        "MALICIOUS": 0,
        "SANE": 0,
        "VALID": 0,
        "total": 100.03202067057443
    }
}