{
    "counter": {
        "ACTIVE": 2177,
        "INACTIVE": 2,
        "INVALID": 0,
        "MALICIOUS": 0,
        "SANE": 0,
        "VALID": 0,
        "total": 2179
    },
    "percentage": {
        "ACTIVE": 99.90821477742084,
        "INACTIVE": 0.09220839096357769,
        "INVALID": 0,
        "MALICIOUS": 0,
        "SANE": 0,
        "VALID": 0,
        "total": 100.00042316838442
    }
}