{
    "counter": {
        "ACTIVE": 2071,
        "INACTIVE": 1,
        "INVALID": 0,
        "MALICIOUS": 0,
        "SANE": 0,
        "VALID": 0,
        "total": 2072
    },
    "percentage": {
        "ACTIVE": 99.95173745173746,
        "INACTIVE": 0.33557046979865773,
        "INVALID": 0,
        "MALICIOUS": 0,
        "SANE": 0,
        "VALID": 0,
        "total": 100.28730792153611
    }
}