{
    "counter": {
        "ACTIVE": 1229,
        "INACTIVE": 3,
        "INVALID": 0,
        "MALICIOUS": 0,
        "SANE": 0,
        "VALID": 0,
        "total": 1232
    },
    "percentage": {
        "ACTIVE": 99.75649350649351,
        "INACTIVE": 0.26833631484794274,
        "INVALID": 0,
        "MALICIOUS": 0,
        "SANE": 0,
        "VALID": 0,
        "total": 100.02482982134146
    }
}