{
    "counter": {
        "ACTIVE": 3859,
        "INACTIVE": 1,
        "INVALID": 0,
        "MALICIOUS": 0,
        "SANE": 0,
        "VALID": 0,
        "total": 3860
    },
    "percentage": {
        "ACTIVE": 99.97409326424871,
        "INACTIVE": 0.025906735751295335,
        "INVALID": 0.0,
        "MALICIOUS": 0.0,
        "SANE": 0.0,
        "VALID": 0.0,
        "total": 100.0
    }
}