{
    "counter": {
        "ACTIVE": 1983,
        "INACTIVE": 3,
        "INVALID": 0,
        "MALICIOUS": 0,
        "SANE": 0,
        "VALID": 0,
        "total": 1986
    },
    "percentage": {
        "ACTIVE": 99.8489425981873,
        "INACTIVE": 0.2523128679562658,
        "INVALID": 0,
        "MALICIOUS": 0,
        "SANE": 0,
        "VALID": 0,
        "total": 100.10125546614357
    }
}