{
    "counter": {
        "ACTIVE": 857,
        "INACTIVE": 2,
        "INVALID": 0,
        "MALICIOUS": 0,
        "SANE": 0,
        "VALID": 0,
        "total": 859
    },
    "percentage": {
        "ACTIVE": 99.76717112922002,
        "INACTIVE": 0.4716981132075472,
        "INVALID": 0,
        "MALICIOUS": 0,
        "SANE": 0,
        "VALID": 0,
        "total": 100.23886924242757
    }
}