{
    "counter": {
        "ACTIVE": 1936,
        "INACTIVE": 1,
        "INVALID": 0,
        "MALICIOUS": 0,
        "SANE": 0,
        "VALID": 0,
        "total": 1937
    },
    "percentage": {
        "ACTIVE": 99.94837377387712,
        "INACTIVE": 0.05611672278338945,
        "INVALID": 0,
        "MALICIOUS": 0,
        "SANE": 0,
        "VALID": 0,
        "total": 100.00449049666051
    }
}