{
    "counter": {
        "ACTIVE": 1886,
        "INACTIVE": 1,
        "INVALID": 0,
        "MALICIOUS": 0,
        "SANE": 0,
        "VALID": 0,
        "total": 1887
    },
    "percentage": {
        "ACTIVE": 99.94700582935877,
        "INACTIVE": 0.11376564277588168,
        "INVALID": 0,
        "MALICIOUS": 0,
        "SANE": 0,
        "VALID": 0,
        "total": 100.06077147213466
    }
}