{
    "counter": {
        "ACTIVE": 2585,
        "INACTIVE": 1,
        "INVALID": 0,
        "MALICIOUS": 0,
        "SANE": 0,
        "VALID": 0,
        "total": 2586
    },
    "percentage": {
        "ACTIVE": 99.96133023975251,
        "INACTIVE": 0.038669760247486466,
        "INVALID": 0.0,
        "MALICIOUS": 0.0,
        "SANE": 0.0,
        "VALID": 0.0,
        "total": 100.0
    }
}