{
    "counter": {
        "ACTIVE": 658,
        "INACTIVE": 1,
        "INVALID": 0,
        "MALICIOUS": 0,
        "SANE": 0,
        "VALID": 0,
        "total": 659
    },
    "percentage": {
        "ACTIVE": 99.84825493171472,
        "INACTIVE": 0.5376344086021505,
        "INVALID": 0,
        "MALICIOUS": 0,
        "SANE": 0,
        "VALID": 0,
        "total": 100.38588934031687
    }
}