{
    "counter": {
        "ACTIVE": 2118,
        "INACTIVE": 3,
        "INVALID": 0,
        "MALICIOUS": 0,
        "SANE": 0,
        "VALID": 0,
        "total": 2121
    },
    "percentage": {
        "ACTIVE": 99.85855728429986,
        "INACTIVE": 0.22813688212927757,
        "INVALID": 0,
        "MALICIOUS": 0,
        "SANE": 0,
        "VALID": 0,
        "total": 100.08669416642914
    }
}