{
    "counter": {
        "ACTIVE": 1311,
        "INACTIVE": 1,
        "INVALID": 0,
        "MALICIOUS": 0,
        "SANE": 0,
        "VALID": 0,
        "total": 1312
    },
    "percentage": {
        "ACTIVE": 99.92378048780488,
        "INACTIVE": 1.5873015873015872,
        "INVALID": 0,
        "MALICIOUS": 0,
        "SANE": 0,
        "VALID": 0,
        "total": 101.51108207510646
    }
}