{
    "counter": {
        "ACTIVE": 3826,
        "INACTIVE": 2,
        "INVALID": 0,
        "MALICIOUS": 0,
        "SANE": 0,
        "VALID": 0,
        "total": 3828
    },
    "percentage": {
        "ACTIVE": 99.94775339602926,
        "INACTIVE": 0.05399568034557235,
        "INVALID": 0,
        "MALICIOUS": 0,
        "SANE": 0,
        "VALID": 0,
        "total": 100.00174907637484
    }
}