{
    "counter": {
        "ACTIVE": 204,
        "INACTIVE": 1,
        "INVALID": 0,
        "MALICIOUS": 0,
        "SANE": 0,
        "VALID": 0,
        "total": 205
    },
    "percentage": {
        "ACTIVE": 99.51219512195122,
        "INACTIVE": 0.7874015748031497,
        "INVALID": 0,
        "MALICIOUS": 0,
        "SANE": 0,
        "VALID": 0,
        "total": 100.29959669675438
    }
}