{
    "counter": {
        "ACTIVE": 1178,
        "INACTIVE": 2,
        "INVALID": 0,
        "MALICIOUS": 0,
        "SANE": 0,
        "VALID": 0,
        "total": 1180
    },
    "percentage": {
        "ACTIVE": 99.83050847457628,
        "INACTIVE": 0.46403712296983757,
        "INVALID": 0,
        "MALICIOUS": 0,
        "SANE": 0,
        "VALID": 0,
        "total": 100.29454559754612
    }
}