{
    "counter": {
        "ACTIVE": 1285,
        "INACTIVE": 3,
        "INVALID": 0,
        "MALICIOUS": 0,
        "SANE": 0,
        "VALID": 0,
        "total": 1288
    },
    "percentage": {
        "ACTIVE": 99.76708074534162,
        "INACTIVE": 0.37641154328732745,
        "INVALID": 0,
        "MALICIOUS": 0,
        "SANE": 0,
        "VALID": 0,
        "total": 100.14349228862895
    }
}