{
    "counter": {
        "ACTIVE": 1952,
        "INACTIVE": 3,
        "INVALID": 0,
        "MALICIOUS": 0,
        "SANE": 0,
        "VALID": 0,
        "total": 1955
    },
    "percentage": {
        "ACTIVE": 99.846547314578,
        "INACTIVE": 0.24691358024691357,
        "INVALID": 0,
        "MALICIOUS": 0,
        "SANE": 0,
        "VALID": 0,
        "total": 100.09346089482491
    }
}