{
    "counter": {
        "ACTIVE": 3142,
        "INACTIVE": 37,
        "INVALID": 0,
        "MALICIOUS": 0,
        "SANE": 0,
        "VALID": 0,
        "total": 3179
    },
    "percentage": {
        "ACTIVE": 98.83611198490091,
        "INACTIVE": 1.164620711362921,
        "INVALID": 0,
        "MALICIOUS": 0,
        "SANE": 0,
        "VALID": 0,
        "total": 100.00073269626382
    }
}