{
    "counter": {
        "ACTIVE": 2336,
        "INACTIVE": 3,
        "INVALID": 0,
        "MALICIOUS": 0,
        "SANE": 0,
        "VALID": 0,
        "total": 2339
    },
    "percentage": {
        "ACTIVE": 99.87174005985464,
        "INACTIVE": 0.2798507462686567,
        "INVALID": 0,
        "MALICIOUS": 0,
        "SANE": 0,
        "VALID": 0,
        "total": 100.1515908061233
    }
}