{
    "counter": {
        "ACTIVE": 1676,
        "INACTIVE": 6,
        "INVALID": 0,
        "MALICIOUS": 0,
        "SANE": 0,
        "VALID": 0,
        "total": 1682
    },
    "percentage": {
        "ACTIVE": 99.64328180737218,
        "INACTIVE": 0.6880733944954128,
        "INVALID": 0,
        "MALICIOUS": 0,
        "SANE": 0,
        "VALID": 0,
        "total": 100.3313552018676
    }
}