{
    "counter": {
        "ACTIVE": 684,
        "INACTIVE": 2,
        "INVALID": 0,
        "MALICIOUS": 0,
        "SANE": 0,
        "VALID": 0,
        "total": 686
    },
    "percentage": {
        "ACTIVE": 99.70845481049562,
        "INACTIVE": 0.4716981132075472,
        "INVALID": 0,
        "MALICIOUS": 0,
        "SANE": 0,
        "VALID": 0,
        "total": 100.18015292370318
    }
}