{
    "counter": {
        "ACTIVE": 3199,
        "INACTIVE": 12,
        "INVALID": 0,
        "MALICIOUS": 0,
        "SANE": 0,
        "VALID": 0,
        "total": 3211
    },
    "percentage": {
        "ACTIVE": 99.62628464652757,
        "INACTIVE": 0.39408866995073893,
        "INVALID": 0,
        "MALICIOUS": 0,
        "SANE": 0,
        "VALID": 0,
        "total": 100.0203733164783
    }
}