{
    "counter": {
        "ACTIVE": 1185,
        "INACTIVE": 4,
        "INVALID": 0,
        "MALICIOUS": 0,
        "SANE": 0,
        "VALID": 0,
        "total": 1189
    },
    "percentage": {
        "ACTIVE": 99.66358284272498,
        "INACTIVE": 0.9779951100244498,
        "INVALID": 0,
        "MALICIOUS": 0,
        "SANE": 0,
        "VALID": 0,
        "total": 100.64157795274943
    }
}