{
    "counter": {
        "ACTIVE": 1667,
        "INACTIVE": 3,
        "INVALID": 0,
        "MALICIOUS": 0,
        "SANE": 0,
        "VALID": 0,
        "total": 1670
    },
    "percentage": {
        "ACTIVE": 99.82035928143712,
        "INACTIVE": 0.18773466833541927,
        "INVALID": 0,
        "MALICIOUS": 0,
        "SANE": 0,
        "VALID": 0,
        "total": 100.00809394977254
    }
}