{
    "counter": {
        "ACTIVE": 2216,
        "INACTIVE": 5,
        "INVALID": 0,
        "MALICIOUS": 0,
        "SANE": 0,
        "VALID": 0,
        "total": 2221
    },
    "percentage": {
        "ACTIVE": 99.77487618190004,
        "INACTIVE": 0.23126734505087881,
        "INVALID": 0,
        "MALICIOUS": 0,
        "SANE": 0,
        "VALID": 0,
        "total": 100.00614352695092
    }
}