{
    "counter": {
        "ACTIVE": 1006,
        "INACTIVE": 2,
        "INVALID": 0,
        "MALICIOUS": 0,
        "SANE": 0,
        "VALID": 0,
        "total": 1008
    },
    "percentage": {
        "ACTIVE": 99.8015873015873,
        "INACTIVE": 0.44052863436123346,
        "INVALID": 0,
        "MALICIOUS": 0,
        "SANE": 0,
        "VALID": 0,
        "total": 100.24211593594853
    }
}