{
    "counter": {
        "ACTIVE": 508,
        "INACTIVE": 2,
        "INVALID": 0,
        "MALICIOUS": 0,
        "SANE": 0,
        "VALID": 0,
        "total": 510
    },
    "percentage": {
        "ACTIVE": 99.6078431372549,
        "INACTIVE": 0.4444444444444444,
        "INVALID": 0,
        "MALICIOUS": 0,
        "SANE": 0,
        "VALID": 0,
        "total": 100.05228758169935
    }
}