{
    "counter": {
        "ACTIVE": 355,
        "INACTIVE": 1,
        "INVALID": 0,
        "MALICIOUS": 0,
        "SANE": 0,
        "VALID": 0,
        "total": 356
    },
    "percentage": {
        "ACTIVE": 99.71910112359551,
        "INACTIVE": 0.5813953488372093,
        "INVALID": 0,
        "MALICIOUS": 0,
        "SANE": 0,
        "VALID": 0,
        "total": 100.30049647243271
    }
}