{
    "counter": {
        "ACTIVE": 2188,
        "INACTIVE": 1,
        "INVALID": 0,
        "MALICIOUS": 0,
        "SANE": 0,
        "VALID": 0,
        "total": 2189
    },
    "percentage": {
        "ACTIVE": 99.95431703974417,
        "INACTIVE": 0.08968609865470852,
        "INVALID": 0,
        "MALICIOUS": 0,
        "SANE": 0,
        "VALID": 0,
        "total": 100.04400313839888
    }
}