{
    "counter": {
        "ACTIVE": 636,
        "INACTIVE": 1,
        "INVALID": 0,
        "MALICIOUS": 0,
        "SANE": 0,
        "VALID": 0,
        "total": 637
    },
    "percentage": {
        "ACTIVE": 99.84301412872841,
        "INACTIVE": 0.16722408026755853,
        "INVALID": 0,
        "MALICIOUS": 0,
        "SANE": 0,
        "VALID": 0,
        "total": 100.01023820899597
    }
}