{
    "counter": {
        "ACTIVE": 1256,
        "INACTIVE": 1,
        "INVALID": 0,
        "MALICIOUS": 0,
        "SANE": 0,
        "VALID": 0,
        "total": 1257
    },
    "percentage": {
        "ACTIVE": 99.92044550517105,
        "INACTIVE": 0.2358490566037736,
        "INVALID": 0,
        "MALICIOUS": 0,
        "SANE": 0,
        "VALID": 0,
        "total": 100.15629456177481
    }
}