{
    "counter": {
        "ACTIVE": 3921,
        "INACTIVE": 19,
        "INVALID": 0,
        "MALICIOUS": 0,
        "SANE": 0,
        "VALID": 0,
        "total": 3940
    },
    "percentage": {
        "ACTIVE": 99.51776649746193,
        "INACTIVE": 0.48223350253807107,
        "INVALID": 0.0,
        "MALICIOUS": 0.0,
        "SANE": 0.0,
        "VALID": 0.0,
        "total": 100.0
    }
}