{
    "counter": {
        "ACTIVE": 1991,
        "INACTIVE": 3,
        "INVALID": 0,
        "MALICIOUS": 0,
        "SANE": 0,
        "VALID": 0,
        "total": 1994
    },
    "percentage": {
        "ACTIVE": 99.84954864593782,
        "INACTIVE": 0.1918158567774936,
        "INVALID": 0,
        "MALICIOUS": 0,
        "SANE": 0,
        "VALID": 0,
        "total": 100.04136450271531
    }
}