{
    "counter": {
        "ACTIVE": 1243,
        "INACTIVE": 1,
        "INVALID": 0,
        "MALICIOUS": 0,
        "SANE": 0,
        "VALID": 0,
        "total": 1244
    },
    "percentage": {
        "ACTIVE": 99.91961414790997,
        "INACTIVE": 0.10341261633919338,
        "INVALID": 0,
        "MALICIOUS": 0,
        "SANE": 0,
        "VALID": 0,
        "total": 100.02302676424917
    }
}