{
    "counter": {
        "ACTIVE": 207,
        "INACTIVE": 1,
        "INVALID": 0,
        "MALICIOUS": 0,
        "SANE": 0,
        "VALID": 0,
        "total": 208
    },
    "percentage": {
        "ACTIVE": 99.51923076923077,
        "INACTIVE": 0.4975124378109453,
        "INVALID": 0,
        "MALICIOUS": 0,
        "SANE": 0,
        "VALID": 0,
        "total": 100.01674320704171
    }
}