{
    "counter": {
        "ACTIVE": 668,
        "INACTIVE": 13,
        "INVALID": 0,
        "MALICIOUS": 0,
        "SANE": 0,
        "VALID": 0,
        "total": 681
    },
    "percentage": {
        "ACTIVE": 98.09104258443466,
        "INACTIVE": 1.97869101978691,
        "INVALID": 0,
        "MALICIOUS": 0,
        "SANE": 0,
        "VALID": 0,
        "total": 100.06973360422157
    }
}