{
    "counter": {
        "ACTIVE": 2332,
        "INACTIVE": 3,
        "INVALID": 0,
        "MALICIOUS": 0,
        "SANE": 0,
        "VALID": 0,
        "total": 2335
    },
    "percentage": {
        "ACTIVE": 99.87152034261241,
        "INACTIVE": 0.16901408450704225,
        "INVALID": 0,
        "MALICIOUS": 0,
        "SANE": 0,
        "VALID": 0,
        "total": 100.04053442711945
    }
}