{
    "counter": {
        "ACTIVE": 967,
        "INACTIVE": 1,
        "INVALID": 0,
        "MALICIOUS": 0,
        "SANE": 0,
        "VALID": 0,
        "total": 968
    },
    "percentage": {
        "ACTIVE": 99.89669421487604,
        "INACTIVE": 0.24875621890547264,
        "INVALID": 0,
        "MALICIOUS": 0,
        "SANE": 0,
        "VALID": 0,
        "total": 100.1454504337815
    }
}