{
    "counter": {
        "ACTIVE": 2161,
        "INACTIVE": 1,
        "INVALID": 0,
        "MALICIOUS": 0,
        "SANE": 0,
        "VALID": 0,
        "total": 2162
    },
    "percentage": {
        "ACTIVE": 99.95374653098982,
        "INACTIVE": 0.8620689655172413,
        "INVALID": 0,
        "MALICIOUS": 0,
        "SANE": 0,
        "VALID": 0,
        "total": 100.81581549650706
    }
}