{
    "counter": {
        "ACTIVE": 359,
        "INACTIVE": 1,
        "INVALID": 0,
        "MALICIOUS": 0,
        "SANE": 0,
        "VALID": 0,
        "total": 360
    },
    "percentage": {
        "ACTIVE": 99.72222222222223,
        "INACTIVE": 1.3157894736842106,
        "INVALID": 0,
        "MALICIOUS": 0,
        "SANE": 0,
        "VALID": 0,
        "total": 101.03801169590643
    }
}