{
    "counter": {
        "ACTIVE": 2315,
        "INACTIVE": 1,
        "INVALID": 0,
        "MALICIOUS": 0,
        "SANE": 0,
        "VALID": 0,
        "total": 2316
    },
    "percentage": {
        "ACTIVE": 99.95682210708118,
        "INACTIVE": 0.11173184357541899,
        "INVALID": 0,
        "MALICIOUS": 0,
        "SANE": 0,
        "VALID": 0,
        "total": 100.0685539506566
    }
}