{
    "counter": {
        "ACTIVE": 1695,
        "INACTIVE": 1,
        "INVALID": 0,
        "MALICIOUS": 0,
        "SANE": 0,
        "VALID": 0,
        "total": 1696
    },
    "percentage": {
        "ACTIVE": 99.94103773584905,
        "INACTIVE": 0.5128205128205128,
        "INVALID": 0,
        "MALICIOUS": 0,
        "SANE": 0,
        "VALID": 0,
        "total": 100.45385824866956
    }
}