{
    "counter": {
        "ACTIVE": 1639,
        "INACTIVE": 1,
        "INVALID": 0,
        "MALICIOUS": 0,
        "SANE": 0,
        "VALID": 0,
        "total": 1640
    },
    "percentage": {
        "ACTIVE": 99.9390243902439,
        "INACTIVE": 0.6410256410256411,
        "INVALID": 0,
        "MALICIOUS": 0,
        "SANE": 0,
        "VALID": 0,
        "total": 100.58005003126954
    }
}