{
    "counter": {
        "ACTIVE": 1861,
        "INACTIVE": 1,
        "INVALID": 0,
        "MALICIOUS": 0,
        "SANE": 0,
        "VALID": 0,
        "total": 1862
    },
    "percentage": {
        "ACTIVE": 99.94629430719657,
        "INACTIVE": 0.07923930269413629,
        "INVALID": 0,
        "MALICIOUS": 0,
        "SANE": 0,
        "VALID": 0,
        "total": 100.0255336098907
    }
}