{
    "counter": {
        "ACTIVE": 1028,
        "INACTIVE": 2,
        "INVALID": 0,
        "MALICIOUS": 0,
        "SANE": 0,
        "VALID": 0,
        "total": 1030
    },
    "percentage": {
        "ACTIVE": 99.80582524271844,
        "INACTIVE": 0.23148148148148148,
        "INVALID": 0,
        "MALICIOUS": 0,
        "SANE": 0,
        "VALID": 0,
        "total": 100.03730672419992
    }
}