{
    "counter": {
        "ACTIVE": 1063,
        "INACTIVE": 2,
        "INVALID": 0,
        "MALICIOUS": 0,
        "SANE": 0,
        "VALID": 0,
        "total": 1065
    },
    "percentage": {
        "ACTIVE": 99.81220657276995,
        "INACTIVE": 0.4158004158004158,
        "INVALID": 0,
        "MALICIOUS": 0,
        "SANE": 0,
        "VALID": 0,
        "total": 100.22800698857037
    }
}