{
    "counter": {
        "ACTIVE": 2555,
        "INACTIVE": 1,
        "INVALID": 0,
        "MALICIOUS": 0,
        "SANE": 0,
        "VALID": 0,
        "total": 2556
    },
    "percentage": {
        "ACTIVE": 99.96087636932707,
        "INACTIVE": 0.49504950495049505,
        "INVALID": 0,
        "MALICIOUS": 0,
        "SANE": 0,
        "VALID": 0,
        "total": 100.45592587427757
    }
}