{
    "counter": {
        "ACTIVE": 2043,
        "INACTIVE": 74,
        "INVALID": 0,
        "MALICIOUS": 0,
        "SANE": 0,
        "VALID": 0,
        "total": 2117
    },
    "percentage": {
        "ACTIVE": 96.50448748228625,
        "INACTIVE": 3.497164461247637,
        "INVALID": 0,
        "MALICIOUS": 0,
        "SANE": 0,
        "VALID": 0,
        "total": 100.00165194353389
    }
}