{
    "counter": {
        "ACTIVE": 1750,
        "INACTIVE": 2,
        "INVALID": 0,
        "MALICIOUS": 0,
        "SANE": 0,
        "VALID": 0,
        "total": 1752
    },
    "percentage": {
        "ACTIVE": 99.88584474885845,
        "INACTIVE": 0.13976240391334732,
        "INVALID": 0,
        "MALICIOUS": 0,
        "SANE": 0,
        "VALID": 0,
        "total": 100.0256071527718
    }
}