{
    "counter": {
        "ACTIVE": 1680,
        "INACTIVE": 4,
        "INVALID": 0,
        "MALICIOUS": 0,
        "SANE": 0,
        "VALID": 0,
        "total": 1684
    },
    "percentage": {
        "ACTIVE": 99.7624703087886,
        "INACTIVE": 0.33030553261767137,
        "INVALID": 0,
        "MALICIOUS": 0,
        "SANE": 0,
        "VALID": 0,
        "total": 100.09277584140627
    }
}