{
    "counter": {
        "ACTIVE": 993,
        "INACTIVE": 1,
        "INVALID": 0,
        "MALICIOUS": 0,
        "SANE": 0,
        "VALID": 0,
        "total": 994
    },
    "percentage": {
        "ACTIVE": 99.89939637826961,
        "INACTIVE": 0.5376344086021505,
        "INVALID": 0,
        "MALICIOUS": 0,
        "SANE": 0,
        "VALID": 0,
        "total": 100.43703078687176
    }
}