{
    "counter": {
        "ACTIVE": 1807,
        "INACTIVE": 2,
        "INVALID": 0,
        "MALICIOUS": 0,
        "SANE": 0,
        "VALID": 0,
        "total": 1809
    },
    "percentage": {
        "ACTIVE": 99.88944168048646,
        "INACTIVE": 0.4914004914004914,
        "INVALID": 0,
        "MALICIOUS": 0,
        "SANE": 0,
        "VALID": 0,
        "total": 100.38084217188695
    }
}