{
    "counter": {
        "ACTIVE": 1380,
        "INACTIVE": 1,
        "INVALID": 0,
        "MALICIOUS": 0,
        "SANE": 0,
        "VALID": 0,
        "total": 1381
    },
    "percentage": {
        "ACTIVE": 99.9275887038378,
        "INACTIVE": 2.6315789473684212,
        "INVALID": 0,
        "MALICIOUS": 0,
        "SANE": 0,
        "VALID": 0,
        "total": 102.55916765120622
    }
}