{
    "counter": {
        "ACTIVE": 1550,
        "INACTIVE": 1,
        "INVALID": 0,
        "MALICIOUS": 0,
        "SANE": 0,
        "VALID": 0,
        "total": 1551
    },
    "percentage": {
        "ACTIVE": 99.93552546744036,
        "INACTIVE": 0.6097560975609756,
        "INVALID": 0,
        "MALICIOUS": 0,
        "SANE": 0,
        "VALID": 0,
        "total": 100.54528156500133
    }
}