{
    "counter": {
        "ACTIVE": 2176,
        "INACTIVE": 2,
        "INVALID": 0,
        "MALICIOUS": 0,
        "SANE": 0,
        "VALID": 0,
        "total": 2178
    },
    "percentage": {
        "ACTIVE": 99.90817263544537,
        "INACTIVE": 0.11098779134295228,
        "INVALID": 0,
        "MALICIOUS": 0,
        "SANE": 0,
        "VALID": 0,
        "total": 100.01916042678832
    }
}