{
    "counter": {
        "ACTIVE": 1920,
        "INACTIVE": 9,
        "INVALID": 0,
        "MALICIOUS": 0,
        "SANE": 0,
        "VALID": 0,
        "total": 1929
    },
    "percentage": {
        "ACTIVE": 99.53343701399689,
        "INACTIVE": 0.6751687921980495,
        "INVALID": 0,
        "MALICIOUS": 0,
        "SANE": 0,
        "VALID": 0,
        "total": 100.20860580619494
    }
}