{
    "counter": {
        "ACTIVE": 2106,
        "INACTIVE": 1,
        "INVALID": 0,
        "MALICIOUS": 0,
        "SANE": 0,
        "VALID": 0,
        "total": 2107
    },
    "percentage": {
        "ACTIVE": 99.95253915519696,
        "INACTIVE": 3.5714285714285716,
        "INVALID": 0,
        "MALICIOUS": 0,
        "SANE": 0,
        "VALID": 0,
        "total": 103.52396772662553
    }
}