{
    "counter": {
        "ACTIVE": 4447,
        "INACTIVE": 1,
        "INVALID": 0,
        "MALICIOUS": 0,
        "SANE": 0,
        "VALID": 0,
        "total": 4448
    },
    "percentage": {
        "ACTIVE": 99.97751798561151,
        "INACTIVE": 0.022482014388489208,
        "INVALID": 0.0,
        "MALICIOUS": 0.0,
        "SANE": 0.0,
        "VALID": 0.0,
        "total": 100.0
    }
}