{
    "counter": {
        "ACTIVE": 1306,
        "INACTIVE": 2,
        "INVALID": 0,
        "MALICIOUS": 0,
        "SANE": 0,
        "VALID": 0,
        "total": 1308
    },
    "percentage": {
        "ACTIVE": 99.84709480122324,
        "INACTIVE": 0.4914004914004914,
        "INVALID": 0,
        "MALICIOUS": 0,
        "SANE": 0,
        "VALID": 0,
        "total": 100.33849529262373
    }
}