{
    "counter": {
        "ACTIVE": 2245,
        "INACTIVE": 3,
        "INVALID": 0,
        "MALICIOUS": 0,
        "SANE": 0,
        "VALID": 0,
        "total": 2248
    },
    "percentage": {
        "ACTIVE": 99.86654804270462,
        "INACTIVE": 0.2798507462686567,
        "INVALID": 0,
        "MALICIOUS": 0,
        "SANE": 0,
        "VALID": 0,
        "total": 100.14639878897327
    }
}