{
    "counter": {
        "ACTIVE": 712,
        "INACTIVE": 1,
        "INVALID": 0,
        "MALICIOUS": 0,
        "SANE": 0,
        "VALID": 0,
        "total": 713
    },
    "percentage": {
        "ACTIVE": 99.85974754558205,
        "INACTIVE": 0.6622516556291391,
        "INVALID": 0,
        "MALICIOUS": 0,
        "SANE": 0,
        "VALID": 0,
        "total": 100.52199920121119
    }
}