{
    "counter": {
        "ACTIVE": 1689,
        "INACTIVE": 1,
        "INVALID": 0,
        "MALICIOUS": 0,
        "SANE": 0,
        "VALID": 0,
        "total": 1690
    },
    "percentage": {
        "ACTIVE": 99.94082840236686,
        "INACTIVE": 0.06510416666666667,
        "INVALID": 0,
        "MALICIOUS": 0,
        "SANE": 0,
        "VALID": 0,
        "total": 100.00593256903353
    }
}