{
    "counter": {
        "ACTIVE": 1985,
        "INACTIVE": 1,
        "INVALID": 0,
        "MALICIOUS": 0,
        "SANE": 0,
        "VALID": 0,
        "total": 1986
    },
    "percentage": {
        "ACTIVE": 99.9496475327291,
        "INACTIVE": 0.6944444444444444,
        "INVALID": 0,
        "MALICIOUS": 0,
        "SANE": 0,
        "VALID": 0,
        "total": 100.64409197717355
    }
}