{
    "counter": {
        "ACTIVE": 1731,
        "INACTIVE": 1,
        "INVALID": 0,
        "MALICIOUS": 0,
        "SANE": 0,
        "VALID": 0,
        "total": 1732
    },
    "percentage": {
        "ACTIVE": 99.94226327944573,
        "INACTIVE": 0.06901311249137336,
        "INVALID": 0,
        "MALICIOUS": 0,
        "SANE": 0,
        "VALID": 0,
        "total": 100.0112763919371
    }
}