{
    "counter": {
        "ACTIVE": 1490,
        "INACTIVE": 5,
        "INVALID": 0,
        "MALICIOUS": 0,
        "SANE": 0,
        "VALID": 0,
        "total": 1495
    },
    "percentage": {
        "ACTIVE": 99.66555183946488,
        "INACTIVE": 0.42122999157540014,
        "INVALID": 0,
        "MALICIOUS": 0,
        "SANE": 0,
        "VALID": 0,
        "total": 100.08678183104028
    }
}