{
    "counter": {
        "ACTIVE": 638,
        "INACTIVE": 3,
        "INVALID": 0,
        "MALICIOUS": 0,
        "SANE": 0,
        "VALID": 0,
        "total": 641
    },
    "percentage": {
        "ACTIVE": 99.53198127925117,
        "INACTIVE": 0.6944444444444444,
        "INVALID": 0,
        "MALICIOUS": 0,
        "SANE": 0,
        "VALID": 0,
        "total": 100.22642572369561
    }
}