{
    "counter": {
        "ACTIVE": 1182,
        "INACTIVE": 56,
        "INVALID": 0,
        "MALICIOUS": 0,
        "SANE": 0,
        "VALID": 0,
        "total": 1238
    },
    "percentage": {
        "ACTIVE": 95.47657512116317,
        "INACTIVE": 4.527081649151172,
        "INVALID": 0,
        "MALICIOUS": 0,
        "SANE": 0,
        "VALID": 0,
        "total": 100.00365677031434
    }
}