{
    "counter": {
        "ACTIVE": 530,
        "INACTIVE": 2,
        "INVALID": 0,
        "MALICIOUS": 0,
        "SANE": 0,
        "VALID": 0,
        "total": 532
    },
    "percentage": {
        "ACTIVE": 99.62406015037594,
        "INACTIVE": 1.0471204188481675,
        "INVALID": 0,
        "MALICIOUS": 0,
        "SANE": 0,
        "VALID": 0,
        "total": 100.6711805692241
    }
}