{
    "counter": {
        "ACTIVE": 2343,
        "INACTIVE": 3,
        "INVALID": 0,
        "MALICIOUS": 0,
        "SANE": 0,
        "VALID": 0,
        "total": 2346
    },
    "percentage": {
        "ACTIVE": 99.87212276214834,
        "INACTIVE": 0.1294777729823047,
        "INVALID": 0,
        "MALICIOUS": 0,
        "SANE": 0,
        "VALID": 0,
        "total": 100.00160053513063
    }
}