{
    "counter": {
        "ACTIVE": 986,
        "INACTIVE": 1,
        "INVALID": 0,
        "MALICIOUS": 0,
        "SANE": 0,
        "VALID": 0,
        "total": 987
    },
    "percentage": {
        "ACTIVE": 99.89868287740629,
        "INACTIVE": 0.4444444444444444,
        "INVALID": 0,
        "MALICIOUS": 0,
        "SANE": 0,
        "VALID": 0,
        "total": 100.34312732185073
    }
}