{
    "counter": {
        "ACTIVE": 2340,
        "INACTIVE": 10,
        "INVALID": 0,
        "MALICIOUS": 0,
        "SANE": 0,
        "VALID": 0,
        "total": 2350
    },
    "percentage": {
        "ACTIVE": 99.57446808510639,
        "INACTIVE": 0.44964028776978415,
        "INVALID": 0,
        "MALICIOUS": 0,
        "SANE": 0,
        "VALID": 0,
        "total": 100.02410837287617
    }
}