{
    "counter": {
        "ACTIVE": 2289,
        "INACTIVE": 4,
        "INVALID": 0,
        "MALICIOUS": 0,
        "SANE": 0,
        "VALID": 0,
        "total": 2293
    },
    "percentage": {
        "ACTIVE": 99.82555604012211,
        "INACTIVE": 0.17490161783996502,
        "INVALID": 0,
        "MALICIOUS": 0,
        "SANE": 0,
        "VALID": 0,
        "total": 100.00045765796207
    }
}