{
    "counter": {
        "ACTIVE": 1180,
        "INACTIVE": 18,
        "INVALID": 0,
        "MALICIOUS": 0,
        "SANE": 0,
        "VALID": 0,
        "total": 1198
    },
    "percentage": {
        "ACTIVE": 98.49749582637729,
        "INACTIVE": 1.6143497757847534,
        "INVALID": 0,
        "MALICIOUS": 0,
        "SANE": 0,
        "VALID": 0,
        "total": 100.11184560216205
    }
}