{
    "counter": {
        "ACTIVE": 1648,
        "INACTIVE": 2,
        "INVALID": 0,
        "MALICIOUS": 0,
        "SANE": 0,
        "VALID": 0,
        "total": 1650
    },
    "percentage": {
        "ACTIVE": 99.87878787878788,
        "INACTIVE": 0.12165450121654502,
        "INVALID": 0,
        "MALICIOUS": 0,
        "SANE": 0,
        "VALID": 0,
        "total": 100.00044238000442
    }
}