{
    "counter": {
        "ACTIVE": 1549,
        "INACTIVE": 2,
        "INVALID": 0,
        "MALICIOUS": 0,
        "SANE": 0,
        "VALID": 0,
        "total": 1551
    },
    "percentage": {
        "ACTIVE": 99.87105093488073,
        "INACTIVE": 0.4784688995215311,
        "INVALID": 0,
        "MALICIOUS": 0,
        "SANE": 0,
        "VALID": 0,
        "total": 100.34951983440226
    }
}