{
    "counter": {
        "ACTIVE": 1569,
        "INACTIVE": 10,
        "INVALID": 0,
        "MALICIOUS": 0,
        "SANE": 0,
        "VALID": 0,
        "total": 1579
    },
    "percentage": {
        "ACTIVE": 99.36668777707409,
        "INACTIVE": 0.6811989100817438,
        "INVALID": 0,
        "MALICIOUS": 0,
        "SANE": 0,
        "VALID": 0,
        "total": 100.04788668715584
    }
}