{
    "counter": {
        "ACTIVE": 1620,
        "INACTIVE": 3,
        "INVALID": 0,
        "MALICIOUS": 0,
        "SANE": 0,
        "VALID": 0,
        "total": 1623
    },
    "percentage": {
        "ACTIVE": 99.81515711645102,
        "INACTIVE": 0.37641154328732745,
        "INVALID": 0,
        "MALICIOUS": 0,
        "SANE": 0,
        "VALID": 0,
        "total": 100.19156865973835
    }
}