{
    "counter": {
        "ACTIVE": 2067,
        "INACTIVE": 2,
        "INVALID": 0,
        "MALICIOUS": 0,
        "SANE": 0,
        "VALID": 0,
        "total": 2069
    },
    "percentage": {
        "ACTIVE": 99.9033349444176,
        "INACTIVE": 0.10989010989010989,
        "INVALID": 0,
        "MALICIOUS": 0,
        "SANE": 0,
        "VALID": 0,
        "total": 100.01322505430771
    }
}