{
    "counter": {
        "ACTIVE": 2215,
        "INACTIVE": 3,
        "INVALID": 0,
        "MALICIOUS": 0,
        "SANE": 0,
        "VALID": 0,
        "total": 2218
    },
    "percentage": {
        "ACTIVE": 99.86474301172227,
        "INACTIVE": 0.37037037037037035,
        "INVALID": 0,
        "MALICIOUS": 0,
        "SANE": 0,
        "VALID": 0,
        "total": 100.23511338209263
    }
}