{
    "counter": {
        "ACTIVE": 1649,
        "INACTIVE": 3,
        "INVALID": 0,
        "MALICIOUS": 0,
        "SANE": 0,
        "VALID": 0,
        "total": 1652
    },
    "percentage": {
        "ACTIVE": 99.818401937046,
        "INACTIVE": 0.2097902097902098,
        "INVALID": 0,
        "MALICIOUS": 0,
        "SANE": 0,
        "VALID": 0,
        "total": 100.02819214683622
    }
}