{
    "counter": {
        "ACTIVE": 1567,
        "INACTIVE": 4,
        "INVALID": 0,
        "MALICIOUS": 0,
        "SANE": 0,
        "VALID": 0,
        "total": 1571
    },
    "percentage": {
        "ACTIVE": 99.74538510502865,
        "INACTIVE": 0.8403361344537815,
        "INVALID": 0,
        "MALICIOUS": 0,
        "SANE": 0,
        "VALID": 0,
        "total": 100.58572123948242
    }
}