{
    "counter": {
        "ACTIVE": 1519,
        "INACTIVE": 5,
        "INVALID": 0,
        "MALICIOUS": 0,
        "SANE": 0,
        "VALID": 0,
        "total": 1524
    },
    "percentage": {
        "ACTIVE": 99.67191601049869,
        "INACTIVE": 0.328515111695138,
        "INVALID": 0,
        "MALICIOUS": 0,
        "SANE": 0,
        "VALID": 0,
        "total": 100.00043112219383
    }
}