{
    "counter": {
        "ACTIVE": 2110,
        "INACTIVE": 3,
        "INVALID": 0,
        "MALICIOUS": 0,
        "SANE": 0,
        "VALID": 0,
        "total": 2113
    },
    "percentage": {
        "ACTIVE": 99.85802176999526,
        "INACTIVE": 0.6944444444444444,
        "INVALID": 0,
        "MALICIOUS": 0,
        "SANE": 0,
        "VALID": 0,
        "total": 100.5524662144397
    }
}