{
    "counter": {
        "ACTIVE": 1721,
        "INACTIVE": 1,
        "INVALID": 0,
        "MALICIOUS": 0,
        "SANE": 0,
        "VALID": 0,
        "total": 1722
    },
    "percentage": {
        "ACTIVE": 99.94192799070848,
        "INACTIVE": 0.6802721088435374,
        "INVALID": 0,
        "MALICIOUS": 0,
        "SANE": 0,
        "VALID": 0,
        "total": 100.62220009955202
    }
}