{
    "counter": {
        "ACTIVE": 3203,
        "INACTIVE": 1,
        "INVALID": 0,
        "MALICIOUS": 0,
        "SANE": 0,
        "VALID": 0,
        "total": 3204
    },
    "percentage": {
        "ACTIVE": 99.96878901373283,
        "INACTIVE": 0.03414134516899966,
        "INVALID": 0,
        "MALICIOUS": 0,
        "SANE": 0,
        "VALID": 0,
        "total": 100.00293035890184
    }
}