{
    "counter": {
        "ACTIVE": 960,
        "INACTIVE": 3,
        "INVALID": 0,
        "MALICIOUS": 0,
        "SANE": 0,
        "VALID": 0,
        "total": 963
    },
    "percentage": {
        "ACTIVE": 99.68847352024922,
        "INACTIVE": 0.7751937984496124,
        "INVALID": 0,
        "MALICIOUS": 0,
        "SANE": 0,
        "VALID": 0,
        "total": 100.46366731869882
    }
}