{
    "counter": {
        "ACTIVE": 1672,
        "INACTIVE": 1,
        "INVALID": 0,
        "MALICIOUS": 0,
        "SANE": 0,
        "VALID": 0,
        "total": 1673
    },
    "percentage": {
        "ACTIVE": 99.94022713687986,
        "INACTIVE": 0.8547008547008547,
        "INVALID": 0,
        "MALICIOUS": 0,
        "SANE": 0,
        "VALID": 0,
        "total": 100.7949279915807
    }
}