{
    "counter": {
        "ACTIVE": 1654,
        "INACTIVE": 2,
        "INVALID": 0,
        "MALICIOUS": 0,
        "SANE": 0,
        "VALID": 0,
        "total": 1656
    },
    "percentage": {
        "ACTIVE": 99.8792270531401,
        "INACTIVE": 0.49019607843137253,
        "INVALID": 0,
        "MALICIOUS": 0,
        "SANE": 0,
        "VALID": 0,
        "total": 100.36942313157147
    }
}