{
    "counter": {
        "ACTIVE": 961,
        "INACTIVE": 2,
        "INVALID": 0,
        "MALICIOUS": 0,
        "SANE": 0,
        "VALID": 0,
        "total": 963
    },
    "percentage": {
        "ACTIVE": 99.79231568016614,
        "INACTIVE": 0.2081165452653486,
        "INVALID": 0,
        "MALICIOUS": 0,
        "SANE": 0,
        "VALID": 0,
        "total": 100.0004322254315
    }
}