{
    "counter": {
        "ACTIVE": 647,
        "INACTIVE": 9,
        "INVALID": 0,
        "MALICIOUS": 0,
        "SANE": 0,
        "VALID": 0,
        "total": 656
    },
    "percentage": {
        "ACTIVE": 98.6280487804878,
        "INACTIVE": 1.6274864376130198,
        "INVALID": 0,
        "MALICIOUS": 0,
        "SANE": 0,
        "VALID": 0,
        "total": 100.25553521810082
    }
}