{
    "counter": {
        "ACTIVE": 1792,
        "INACTIVE": 1,
        "INVALID": 0,
        "MALICIOUS": 0,
        "SANE": 0,
        "VALID": 0,
        "total": 1793
    },
    "percentage": {
        "ACTIVE": 99.94422755158952,
        "INACTIVE": 0.22988505747126436,
        "INVALID": 0,
        "MALICIOUS": 0,
        "SANE": 0,
        "VALID": 0,
        "total": 100.17411260906078
    }
}