{
    "counter": {
        "ACTIVE": 1556,
        "INACTIVE": 1,
        "INVALID": 0,
        "MALICIOUS": 0,
        "SANE": 0,
        "VALID": 0,
        "total": 1557
    },
    "percentage": {
        "ACTIVE": 99.93577392421324,
        "INACTIVE": 0.704225352112676,
        "INVALID": 0,
        "MALICIOUS": 0,
        "SANE": 0,
        "VALID": 0,
        "total": 100.63999927632591
    }
}