{
    "counter": {
        "ACTIVE": 990,
        "INACTIVE": 1,
        "INVALID": 0,
        "MALICIOUS": 0,
        "SANE": 0,
        "VALID": 0,
        "total": 991
    },
    "percentage": {
        "ACTIVE": 99.89909182643794,
        "INACTIVE": 0.24509803921568626,
        "INVALID": 0,
        "MALICIOUS": 0,
        "SANE": 0,
        "VALID": 0,
        "total": 100.14418986565363
    }
}