{
    "counter": {
        "ACTIVE": 2148,
        "INACTIVE": 3,
        "INVALID": 0,
        "MALICIOUS": 0,
        "SANE": 0,
        "VALID": 0,
        "total": 2151
    },
    "percentage": {
        "ACTIVE": 99.860529986053,
        "INACTIVE": 0.17152658662092624,
        "INVALID": 0,
        "MALICIOUS": 0,
        "SANE": 0,
        "VALID": 0,
        "total": 100.03205657267392
    }
}