{
    "counter": {
        "ACTIVE": 1308,
        "INACTIVE": 1,
        "INVALID": 0,
        "MALICIOUS": 0,
        "SANE": 0,
        "VALID": 0,
        "total": 1309
    },
    "percentage": {
        "ACTIVE": 99.92360580595874,
        "INACTIVE": 0.7194244604316546,
        "INVALID": 0,
        "MALICIOUS": 0,
        "SANE": 0,
        "VALID": 0,
        "total": 100.6430302663904
    }
}