{
    "counter": {
        "ACTIVE": 1019,
        "INACTIVE": 3,
        "INVALID": 0,
        "MALICIOUS": 0,
        "SANE": 0,
        "VALID": 0,
        "total": 1022
    },
    "percentage": {
        "ACTIVE": 99.706457925636,
        "INACTIVE": 0.3424657534246575,
        "INVALID": 0,
        "MALICIOUS": 0,
        "SANE": 0,
        "VALID": 0,
        "total": 100.04892367906066
    }
}