{
    "counter": {
        "ACTIVE": 191,
        "INACTIVE": 1,
        "INVALID": 0,
        "MALICIOUS": 0,
        "SANE": 0,
        "VALID": 0,
        "total": 192
    },
    "percentage": {
        "ACTIVE": 99.47916666666667,
        "INACTIVE": 0.6802721088435374,
        "INVALID": 0,
        "MALICIOUS": 0,
        "SANE": 0,
        "VALID": 0,
        "total": 100.15943877551021
    }
}