{
    "counter": {
        "ACTIVE": 2008,
        "INACTIVE": 1,
        "INVALID": 0,
        "MALICIOUS": 0,
        "SANE": 0,
        "VALID": 0,
        "total": 2009
    },
    "percentage": {
        "ACTIVE": 99.95022399203584,
        "INACTIVE": 0.13280212483399734,
        "INVALID": 0,
        "MALICIOUS": 0,
        "SANE": 0,
        "VALID": 0,
        "total": 100.08302611686985
    }
}