{
    "counter": {
        "ACTIVE": 1536,
        "INACTIVE": 3,
        "INVALID": 0,
        "MALICIOUS": 0,
        "SANE": 0,
        "VALID": 0,
        "total": 1539
    },
    "percentage": {
        "ACTIVE": 99.80506822612085,
        "INACTIVE": 0.25773195876288657,
        "INVALID": 0,
        "MALICIOUS": 0,
        "SANE": 0,
        "VALID": 0,
        "total": 100.06280018488374
    }
}