{
    "counter": {
        "ACTIVE": 2167,
        "INACTIVE": 4,
        "INVALID": 0,
        "MALICIOUS": 0,
        "SANE": 0,
        "VALID": 0,
        "total": 2171
    },
    "percentage": {
        "ACTIVE": 99.81575310916628,
        "INACTIVE": 0.3184713375796178,
        "INVALID": 0,
        "MALICIOUS": 0,
        "SANE": 0,
        "VALID": 0,
        "total": 100.1342244467459
    }
}