{
    "counter": {
        "ACTIVE": 496,
        "INACTIVE": 1,
        "INVALID": 0,
        "MALICIOUS": 0,
        "SANE": 0,
        "VALID": 0,
        "total": 497
    },
    "percentage": {
        "ACTIVE": 99.79879275653923,
        "INACTIVE": 0.2801120448179272,
        "INVALID": 0,
        "MALICIOUS": 0,
        "SANE": 0,
        "VALID": 0,
        "total": 100.07890480135715
    }
}