{
    "counter": {
        "ACTIVE": 191,
        "INACTIVE": 2,
        "INVALID": 0,
        "MALICIOUS": 0,
        "SANE": 0,
        "VALID": 0,
        "total": 193
    },
    "percentage": {
        "ACTIVE": 98.96373056994818,
        "INACTIVE": 1.0471204188481675,
        "INVALID": 0,
        "MALICIOUS": 0,
        "SANE": 0,
        "VALID": 0,
        "total": 100.01085098879635
    }
}