{
    "counter": {
        "ACTIVE": 1317,
        "INACTIVE": 2,
        "INVALID": 0,
        "MALICIOUS": 0,
        "SANE": 0,
        "VALID": 0,
        "total": 1319
    },
    "percentage": {
        "ACTIVE": 99.8483699772555,
        "INACTIVE": 0.15661707126076743,
        "INVALID": 0,
        "MALICIOUS": 0,
        "SANE": 0,
        "VALID": 0,
        "total": 100.00498704851627
    }
}