{
    "counter": {
        "ACTIVE": 2348,
        "INACTIVE": 2,
        "INVALID": 0,
        "MALICIOUS": 0,
        "SANE": 0,
        "VALID": 0,
        "total": 2350
    },
    "percentage": {
        "ACTIVE": 99.91489361702128,
        "INACTIVE": 0.5167958656330749,
        "INVALID": 0,
        "MALICIOUS": 0,
        "SANE": 0,
        "VALID": 0,
        "total": 100.43168948265435
    }
}