{
    "counter": {
        "ACTIVE": 491,
        "INACTIVE": 2,
        "INVALID": 0,
        "MALICIOUS": 0,
        "SANE": 0,
        "VALID": 0,
        "total": 493
    },
    "percentage": {
        "ACTIVE": 99.59432048681542,
        "INACTIVE": 0.5449591280653951,
        "INVALID": 0,
        "MALICIOUS": 0,
        "SANE": 0,
        "VALID": 0,
        "total": 100.13927961488082
    }
}