{
    "counter": {
        "ACTIVE": 2133,
        "INACTIVE": 1,
        "INVALID": 0,
        "MALICIOUS": 0,
        "SANE": 0,
        "VALID": 0,
        "total": 2134
    },
    "percentage": {
        "ACTIVE": 99.95313964386129,
        "INACTIVE": 0.5076142131979695,
        "INVALID": 0,
        "MALICIOUS": 0,
        "SANE": 0,
        "VALID": 0,
        "total": 100.46075385705926
    }
}