{
    "counter": {
        "ACTIVE": 994,
        "INACTIVE": 9,
        "INVALID": 0,
        "MALICIOUS": 0,
        "SANE": 0,
        "VALID": 0,
        "total": 1003
    },
    "percentage": {
        "ACTIVE": 99.10269192422732,
        "INACTIVE": 1.6274864376130198,
        "INVALID": 0,
        "MALICIOUS": 0,
        "SANE": 0,
        "VALID": 0,
        "total": 100.73017836184033
    }
}