{
    "counter": {
        "ACTIVE": 1000,
        "INACTIVE": 5,
        "INVALID": 0,
        "MALICIOUS": 0,
        "SANE": 0,
        "VALID": 0,
        "total": 1005
    },
    "percentage": {
        "ACTIVE": 99.50248756218906,
        "INACTIVE": 0.5035246727089627,
        "INVALID": 0,
        "MALICIOUS": 0,
        "SANE": 0,
        "VALID": 0,
        "total": 100.00601223489802
    }
}