{
    "counter": {
        "ACTIVE": 1570,
        "INACTIVE": 1,
        "INVALID": 0,
        "MALICIOUS": 0,
        "SANE": 0,
        "VALID": 0,
        "total": 1571
    },
    "percentage": {
        "ACTIVE": 99.93634627625715,
        "INACTIVE": 2.6315789473684212,
        "INVALID": 0,
        "MALICIOUS": 0,
        "SANE": 0,
        "VALID": 0,
        "total": 102.56792522362558
    }
}