{
    "counter": {
        "ACTIVE": 2832,
        "INACTIVE": 2,
        "INVALID": 0,
        "MALICIOUS": 0,
        "SANE": 0,
        "VALID": 0,
        "total": 2834
    },
    "percentage": {
        "ACTIVE": 99.92942836979535,
        "INACTIVE": 0.08087343307723413,
        "INVALID": 0,
        "MALICIOUS": 0,
        "SANE": 0,
        "VALID": 0,
        "total": 100.01030180287258
    }
}