{
    "counter": {
        "ACTIVE": 2119,
        "INACTIVE": 3,
        "INVALID": 0,
        "MALICIOUS": 0,
        "SANE": 0,
        "VALID": 0,
        "total": 2122
    },
    "percentage": {
        "ACTIVE": 99.85862393967955,
        "INACTIVE": 0.32786885245901637,
        "INVALID": 0,
        "MALICIOUS": 0,
        "SANE": 0,
        "VALID": 0,
        "total": 100.18649279213857
    }
}