{
    "counter": {
        "ACTIVE": 1203,
        "INACTIVE": 2,
        "INVALID": 0,
        "MALICIOUS": 0,
        "SANE": 0,
        "VALID": 0,
        "total": 1205
    },
    "percentage": {
        "ACTIVE": 99.83402489626556,
        "INACTIVE": 0.2059732234809475,
        "INVALID": 0,
        "MALICIOUS": 0,
        "SANE": 0,
        "VALID": 0,
        "total": 100.03999811974651
    }
}