{
    "counter": {
        "ACTIVE": 1644,
        "INACTIVE": 1,
        "INVALID": 0,
        "MALICIOUS": 0,
        "SANE": 0,
        "VALID": 0,
        "total": 1645
    },
    "percentage": {
        "ACTIVE": 99.93920972644376,
        "INACTIVE": 0.18018018018018017,
        "INVALID": 0,
        "MALICIOUS": 0,
        "SANE": 0,
        "VALID": 0,
        "total": 100.11938990662395
    }
}