{
    "counter": {
        "ACTIVE": 1292,
        "INACTIVE": 3,
        "INVALID": 0,
        "MALICIOUS": 0,
        "SANE": 0,
        "VALID": 0,
        "total": 1295
    },
    "percentage": {
        "ACTIVE": 99.76833976833977,
        "INACTIVE": 0.7751937984496124,
        "INVALID": 0,
        "MALICIOUS": 0,
        "SANE": 0,
        "VALID": 0,
        "total": 100.54353356678938
    }
}