{
    "counter": {
        "ACTIVE": 1909,
        "INACTIVE": 2,
        "INVALID": 0,
        "MALICIOUS": 0,
        "SANE": 0,
        "VALID": 0,
        "total": 1911
    },
    "percentage": {
        "ACTIVE": 99.8953427524856,
        "INACTIVE": 0.14154281670205238,
        "INVALID": 0,
        "MALICIOUS": 0,
        "SANE": 0,
        "VALID": 0,
        "total": 100.03688556918766
    }
}