{
    "counter": {
        "ACTIVE": 1412,
        "INACTIVE": 1,
        "INVALID": 0,
        "MALICIOUS": 0,
        "SANE": 0,
        "VALID": 0,
        "total": 1413
    },
    "percentage": {
        "ACTIVE": 99.92922859164898,
        "INACTIVE": 0.6622516556291391,
        "INVALID": 0,
        "MALICIOUS": 0,
        "SANE": 0,
        "VALID": 0,
        "total": 100.59148024727811
    }
}