{
    "counter": {
        "ACTIVE": 1767,
        "INACTIVE": 1,
        "INVALID": 0,
        "MALICIOUS": 0,
        "SANE": 0,
        "VALID": 0,
        "total": 1768
    },
    "percentage": {
        "ACTIVE": 99.94343891402715,
        "INACTIVE": 1.5151515151515151,
        "INVALID": 0,
        "MALICIOUS": 0,
        "SANE": 0,
        "VALID": 0,
        "total": 101.45859042917867
    }
}