{
    "counter": {
        "ACTIVE": 502,
        "INACTIVE": 1,
        "INVALID": 0,
        "MALICIOUS": 0,
        "SANE": 0,
        "VALID": 0,
        "total": 503
    },
    "percentage": {
        "ACTIVE": 99.80119284294234,
        "INACTIVE": 0.6802721088435374,
        "INVALID": 0,
        "MALICIOUS": 0,
        "SANE": 0,
        "VALID": 0,
        "total": 100.48146495178588
    }
}