{
    "counter": {
        "ACTIVE": 1652,
        "INACTIVE": 2,
        "INVALID": 0,
        "MALICIOUS": 0,
        "SANE": 0,
        "VALID": 0,
        "total": 1654
    },
    "percentage": {
        "ACTIVE": 99.87908101571946,
        "INACTIVE": 0.12345679012345678,
        "INVALID": 0,
        "MALICIOUS": 0,
        "SANE": 0,
        "VALID": 0,
        "total": 100.00253780584292
    }
}