{
    "counter": {
        "ACTIVE": 1861,
        "INACTIVE": 4,
        "INVALID": 0,
        "MALICIOUS": 0,
        "SANE": 0,
        "VALID": 0,
        "total": 1865
    },
    "percentage": {
        "ACTIVE": 99.78552278820375,
        "INACTIVE": 0.31520882584712373,
        "INVALID": 0,
        "MALICIOUS": 0,
        "SANE": 0,
        "VALID": 0,
        "total": 100.10073161405087
    }
}