{
    "counter": {
        "ACTIVE": 928,
        "INACTIVE": 8,
        "INVALID": 0,
        "MALICIOUS": 0,
        "SANE": 0,
        "VALID": 0,
        "total": 936
    },
    "percentage": {
        "ACTIVE": 99.14529914529915,
        "INACTIVE": 1.0075566750629723,
        "INVALID": 0,
        "MALICIOUS": 0,
        "SANE": 0,
        "VALID": 0,
        "total": 100.15285582036212
    }
}