{
    "counter": {
        "ACTIVE": 1918,
        "INACTIVE": 9,
        "INVALID": 0,
        "MALICIOUS": 0,
        "SANE": 0,
        "VALID": 0,
        "total": 1927
    },
    "percentage": {
        "ACTIVE": 99.53295277633627,
        "INACTIVE": 0.8071748878923767,
        "INVALID": 0,
        "MALICIOUS": 0,
        "SANE": 0,
        "VALID": 0,
        "total": 100.34012766422865
    }
}