{
    "counter": {
        "ACTIVE": 993,
        "INACTIVE": 2,
        "INVALID": 0,
        "MALICIOUS": 0,
        "SANE": 0,
        "VALID": 0,
        "total": 995
    },
    "percentage": {
        "ACTIVE": 99.79899497487438,
        "INACTIVE": 0.32102728731942215,
        "INVALID": 0,
        "MALICIOUS": 0,
        "SANE": 0,
        "VALID": 0,
        "total": 100.1200222621938
    }
}