{
    "counter": {
        "ACTIVE": 217,
        "INACTIVE": 2,
        "INVALID": 0,
        "MALICIOUS": 0,
        "SANE": 0,
        "VALID": 0,
        "total": 219
    },
    "percentage": {
        "ACTIVE": 99.08675799086758,
        "INACTIVE": 1.1173184357541899,
        "INVALID": 0,
        "MALICIOUS": 0,
        "SANE": 0,
        "VALID": 0,
        "total": 100.20407642662177
    }
}