{
    "counter": {
        "ACTIVE": 492,
        "INACTIVE": 1,
        "INVALID": 0,
        "MALICIOUS": 0,
        "SANE": 0,
        "VALID": 0,
        "total": 493
    },
    "percentage": {
        "ACTIVE": 99.7971602434077,
        "INACTIVE": 0.7092198581560284,
        "INVALID": 0,
        "MALICIOUS": 0,
        "SANE": 0,
        "VALID": 0,
        "total": 100.50638010156374
    }
}