{
    "counter": {
        "ACTIVE": 1702,
        "INACTIVE": 7,
        "INVALID": 0,
        "MALICIOUS": 0,
        "SANE": 0,
        "VALID": 0,
        "total": 1709
    },
    "percentage": {
        "ACTIVE": 99.59040374488005,
        "INACTIVE": 0.41103934233705225,
        "INVALID": 0,
        "MALICIOUS": 0,
        "SANE": 0,
        "VALID": 0,
        "total": 100.0014430872171
    }
}