{
    "counter": {
        "ACTIVE": 1841,
        "INACTIVE": 2,
        "INVALID": 0,
        "MALICIOUS": 0,
        "SANE": 0,
        "VALID": 0,
        "total": 1843
    },
    "percentage": {
        "ACTIVE": 99.89148128052089,
        "INACTIVE": 0.18214936247723132,
        "INVALID": 0,
        "MALICIOUS": 0,
        "SANE": 0,
        "VALID": 0,
        "total": 100.07363064299813
    }
}