{
    "counter": {
        "ACTIVE": 2270,
        "INACTIVE": 2,
        "INVALID": 0,
        "MALICIOUS": 0,
        "SANE": 0,
        "VALID": 0,
        "total": 2272
    },
    "percentage": {
        "ACTIVE": 99.91197183098592,
        "INACTIVE": 0.10712372790573112,
        "INVALID": 0,
        "MALICIOUS": 0,
        "SANE": 0,
        "VALID": 0,
        "total": 100.01909555889165
    }
}