{
    "counter": {
        "ACTIVE": 1476,
        "INACTIVE": 53,
        "INVALID": 0,
        "MALICIOUS": 0,
        "SANE": 0,
        "VALID": 0,
        "total": 1529
    },
    "percentage": {
        "ACTIVE": 96.53368214519294,
        "INACTIVE": 3.489137590520079,
        "INVALID": 0,
        "MALICIOUS": 0,
        "SANE": 0,
        "VALID": 0,
        "total": 100.02281973571301
    }
}