{
    "counter": {
        "ACTIVE": 2398,
        "INACTIVE": 3,
        "INVALID": 0,
        "MALICIOUS": 0,
        "SANE": 0,
        "VALID": 0,
        "total": 2401
    },
    "percentage": {
        "ACTIVE": 99.87505206164099,
        "INACTIVE": 0.20066889632107024,
        "INVALID": 0,
        "MALICIOUS": 0,
        "SANE": 0,
        "VALID": 0,
        "total": 100.07572095796206
    }
}