{
    "counter": {
        "ACTIVE": 2552,
        "INACTIVE": 53,
        "INVALID": 0,
        "MALICIOUS": 0,
        "SANE": 0,
        "VALID": 0,
        "total": 2605
    },
    "percentage": {
        "ACTIVE": 97.96545105566219,
        "INACTIVE": 2.0463320463320462,
        "INVALID": 0,
        "MALICIOUS": 0,
        "SANE": 0,
        "VALID": 0,
        "total": 100.01178310199423
    }
}