{
    "counter": {
        "ACTIVE": 1516,
        "INACTIVE": 1,
        "INVALID": 0,
        "MALICIOUS": 0,
        "SANE": 0,
        "VALID": 0,
        "total": 1517
    },
    "percentage": {
        "ACTIVE": 99.9340804218853,
        "INACTIVE": 0.06830601092896176,
        "INVALID": 0,
        "MALICIOUS": 0,
        "SANE": 0,
        "VALID": 0,
        "total": 100.00238643281426
    }
}