{
    "counter": {
        "ACTIVE": 965,
        "INACTIVE": 1,
        "INVALID": 0,
        "MALICIOUS": 0,
        "SANE": 0,
        "VALID": 0,
        "total": 966
    },
    "percentage": {
        "ACTIVE": 99.89648033126294,
        "INACTIVE": 1.0869565217391304,
        "INVALID": 0,
        "MALICIOUS": 0,
        "SANE": 0,
        "VALID": 0,
        "total": 100.98343685300206
    }
}