{
    "counter": {
        "ACTIVE": 866,
        "INACTIVE": 2,
        "INVALID": 0,
        "MALICIOUS": 0,
        "SANE": 0,
        "VALID": 0,
        "total": 868
    },
    "percentage": {
        "ACTIVE": 99.76958525345623,
        "INACTIVE": 0.40899795501022496,
        "INVALID": 0,
        "MALICIOUS": 0,
        "SANE": 0,
        "VALID": 0,
        "total": 100.17858320846645
    }
}