{
    "counter": {
        "ACTIVE": 2203,
        "INACTIVE": 1,
        "INVALID": 0,
        "MALICIOUS": 0,
        "SANE": 0,
        "VALID": 0,
        "total": 2204
    },
    "percentage": {
        "ACTIVE": 99.9546279491833,
        "INACTIVE": 0.12853470437017994,
        "INVALID": 0,
        "MALICIOUS": 0,
        "SANE": 0,
        "VALID": 0,
        "total": 100.08316265355349
    }
}