{
    "counter": {
        "ACTIVE": 2183,
        "INACTIVE": 4,
        "INVALID": 0,
        "MALICIOUS": 0,
        "SANE": 0,
        "VALID": 0,
        "total": 2187
    },
    "percentage": {
        "ACTIVE": 99.81710105166896,
        "INACTIVE": 0.2805049088359046,
        "INVALID": 0,
        "MALICIOUS": 0,
        "SANE": 0,
        "VALID": 0,
        "total": 100.09760596050486
    }
}