{
    "counter": {
        "ACTIVE": 1754,
        "INACTIVE": 4,
        "INVALID": 0,
        "MALICIOUS": 0,
        "SANE": 0,
        "VALID": 0,
        "total": 1758
    },
    "percentage": {
        "ACTIVE": 99.77246871444824,
        "INACTIVE": 0.27359781121751026,
        "INVALID": 0,
        "MALICIOUS": 0,
        "SANE": 0,
        "VALID": 0,
        "total": 100.04606652566575
    }
}