{
    "counter": {
        "ACTIVE": 1649,
        "INACTIVE": 3,
        "INVALID": 0,
        "MALICIOUS": 0,
        "SANE": 0,
        "VALID": 0,
        "total": 1652
    },
    "percentage": {
        "ACTIVE": 99.818401937046,
        "INACTIVE": 0.2336448598130841,
        "INVALID": 0,
        "MALICIOUS": 0,
        "SANE": 0,
        "VALID": 0,
        "total": 100.05204679685909
    }
}