{
    "counter": {
        "ACTIVE": 2184,
        "INACTIVE": 2,
        "INVALID": 0,
        "MALICIOUS": 0,
        "SANE": 0,
        "VALID": 0,
        "total": 2186
    },
    "percentage": {
        "ACTIVE": 99.90850869167429,
        "INACTIVE": 0.12468827930174564,
        "INVALID": 0,
        "MALICIOUS": 0,
        "SANE": 0,
        "VALID": 0,
        "total": 100.03319697097604
    }
}