{
    "counter": {
        "ACTIVE": 3459,
        "INACTIVE": 1,
        "INVALID": 0,
        "MALICIOUS": 0,
        "SANE": 0,
        "VALID": 0,
        "total": 3460
    },
    "percentage": {
        "ACTIVE": 99.97109826589596,
        "INACTIVE": 0.028901734104046242,
        "INVALID": 0.0,
        "MALICIOUS": 0.0,
        "SANE": 0.0,
        "VALID": 0.0,
        "total": 100.0
    }
}