{
    "counter": {
        "ACTIVE": 1965,
        "INACTIVE": 5,
        "INVALID": 0,
        "MALICIOUS": 0,
        "SANE": 0,
        "VALID": 0,
        "total": 1970
    },
    "percentage": {
        "ACTIVE": 99.74619289340102,
        "INACTIVE": 0.25497195308516063,
        "INVALID": 0,
        "MALICIOUS": 0,
        "SANE": 0,
        "VALID": 0,
        "total": 100.00116484648618
    }
}