{
    "counter": {
        "ACTIVE": 1662,
        "INACTIVE": 1,
        "INVALID": 0,
        "MALICIOUS": 0,
        "SANE": 0,
        "VALID": 0,
        "total": 1663
    },
    "percentage": {
        "ACTIVE": 99.93986770895971,
        "INACTIVE": 0.7692307692307693,
        "INVALID": 0,
        "MALICIOUS": 0,
        "SANE": 0,
        "VALID": 0,
        "total": 100.70909847819048
    }
}