{
    "counter": {
        "ACTIVE": 1312,
        "INACTIVE": 1,
        "INVALID": 0,
        "MALICIOUS": 0,
        "SANE": 0,
        "VALID": 0,
        "total": 1313
    },
    "percentage": {
        "ACTIVE": 99.92383853769992,
        "INACTIVE": 0.2066115702479339,
        "INVALID": 0,
        "MALICIOUS": 0,
        "SANE": 0,
        "VALID": 0,
        "total": 100.13045010794785
    }
}