{
    "counter": {
        "ACTIVE": 775,
        "INACTIVE": 2,
        "INVALID": 0,
        "MALICIOUS": 0,
        "SANE": 0,
        "VALID": 0,
        "total": 777
    },
    "percentage": {
        "ACTIVE": 99.74259974259974,
        "INACTIVE": 0.2936857562408223,
        "INVALID": 0,
        "MALICIOUS": 0,
        "SANE": 0,
        "VALID": 0,
        "total": 100.03628549884056
    }
}