{
    "counter": {
        "ACTIVE": 1185,
        "INACTIVE": 2,
        "INVALID": 0,
        "MALICIOUS": 0,
        "SANE": 0,
        "VALID": 0,
        "total": 1187
    },
    "percentage": {
        "ACTIVE": 99.83150800336983,
        "INACTIVE": 0.20429009193054137,
        "INVALID": 0,
        "MALICIOUS": 0,
        "SANE": 0,
        "VALID": 0,
        "total": 100.03579809530038
    }
}