{
    "counter": {
        "ACTIVE": 1583,
        "INACTIVE": 1,
        "INVALID": 0,
        "MALICIOUS": 0,
        "SANE": 0,
        "VALID": 0,
        "total": 1584
    },
    "percentage": {
        "ACTIVE": 99.93686868686869,
        "INACTIVE": 0.7692307692307693,
        "INVALID": 0,
        "MALICIOUS": 0,
        "SANE": 0,
        "VALID": 0,
        "total": 100.70609945609947
    }
}