{
    "counter": {
        "ACTIVE": 2188,
        "INACTIVE": 1,
        "INVALID": 0,
        "MALICIOUS": 0,
        "SANE": 0,
        "VALID": 0,
        "total": 2189
    },
    "percentage": {
        "ACTIVE": 99.95431703974417,
        "INACTIVE": 0.07183908045977011,
        "INVALID": 0,
        "MALICIOUS": 0,
        "SANE": 0,
        "VALID": 0,
        "total": 100.02615612020394
    }
}