{
    "counter": {
        "ACTIVE": 1793,
        "INACTIVE": 1,
        "INVALID": 0,
        "MALICIOUS": 0,
        "SANE": 0,
        "VALID": 0,
        "total": 1794
    },
    "percentage": {
        "ACTIVE": 99.94425863991081,
        "INACTIVE": 0.2386634844868735,
        "INVALID": 0,
        "MALICIOUS": 0,
        "SANE": 0,
        "VALID": 0,
        "total": 100.18292212439769
    }
}