{
    "counter": {
        "ACTIVE": 708,
        "INACTIVE": 1,
        "INVALID": 0,
        "MALICIOUS": 0,
        "SANE": 0,
        "VALID": 0,
        "total": 709
    },
    "percentage": {
        "ACTIVE": 99.8589562764457,
        "INACTIVE": 0.3389830508474576,
        "INVALID": 0,
        "MALICIOUS": 0,
        "SANE": 0,
        "VALID": 0,
        "total": 100.19793932729316
    }
}