{
    "counter": {
        "ACTIVE": 292,
        "INACTIVE": 15,
        "INVALID": 0,
        "MALICIOUS": 0,
        "SANE": 0,
        "VALID": 0,
        "total": 307
    },
    "percentage": {
        "ACTIVE": 95.11400651465799,
        "INACTIVE": 20.54794520547945,
        "INVALID": 0,
        "MALICIOUS": 0,
        "SANE": 0,
        "VALID": 0,
        "total": 115.66195172013744
    }
}