{
    "counter": {
        "ACTIVE": 1365,
        "INACTIVE": 6,
        "INVALID": 0,
        "MALICIOUS": 0,
        "SANE": 0,
        "VALID": 0,
        "total": 1371
    },
    "percentage": {
        "ACTIVE": 99.56236323851203,
        "INACTIVE": 0.4662004662004662,
        "INVALID": 0,
        "MALICIOUS": 0,
        "SANE": 0,
        "VALID": 0,
        "total": 100.0285637047125
    }
}