{
    "counter": {
        "ACTIVE": 567,
        "INACTIVE": 1,
        "INVALID": 0,
        "MALICIOUS": 0,
        "SANE": 0,
        "VALID": 0,
        "total": 568
    },
    "percentage": {
        "ACTIVE": 99.82394366197182,
        "INACTIVE": 0.22988505747126436,
        "INVALID": 0,
        "MALICIOUS": 0,
        "SANE": 0,
        "VALID": 0,
        "total": 100.05382871944309
    }
}