{
    "counter": {
        "ACTIVE": 1186,
        "INACTIVE": 2,
        "INVALID": 0,
        "MALICIOUS": 0,
        "SANE": 0,
        "VALID": 0,
        "total": 1188
    },
    "percentage": {
        "ACTIVE": 99.83164983164983,
        "INACTIVE": 0.17421602787456447,
        "INVALID": 0,
        "MALICIOUS": 0,
        "SANE": 0,
        "VALID": 0,
        "total": 100.00586585952439
    }
}