{
    "counter": {
        "ACTIVE": 1985,
        "INACTIVE": 2,
        "INVALID": 0,
        "MALICIOUS": 0,
        "SANE": 0,
        "VALID": 0,
        "total": 1987
    },
    "percentage": {
        "ACTIVE": 99.89934574735783,
        "INACTIVE": 0.49019607843137253,
        "INVALID": 0,
        "MALICIOUS": 0,
        "SANE": 0,
        "VALID": 0,
        "total": 100.3895418257892
    }
}