{
    "counter": {
        "ACTIVE": 3216,
        "INACTIVE": 1,
        "INVALID": 0,
        "MALICIOUS": 0,
        "SANE": 0,
        "VALID": 0,
        "total": 3217
    },
    "percentage": {
        "ACTIVE": 99.96891513832763,
        "INACTIVE": 0.031746031746031744,
        "INVALID": 0,
        "MALICIOUS": 0,
        "SANE": 0,
        "VALID": 0,
        "total": 100.00066117007367
    }
}