{
    "counter": {
        "ACTIVE": 318,
        "INACTIVE": 1,
        "INVALID": 0,
        "MALICIOUS": 0,
        "SANE": 0,
        "VALID": 0,
        "total": 319
    },
    "percentage": {
        "ACTIVE": 99.68652037617555,
        "INACTIVE": 0.7751937984496124,
        "INVALID": 0,
        "MALICIOUS": 0,
        "SANE": 0,
        "VALID": 0,
        "total": 100.46171417462516
    }
}