{
    "counter": {
        "ACTIVE": 995,
        "INACTIVE": 1,
        "INVALID": 0,
        "MALICIOUS": 0,
        "SANE": 0,
        "VALID": 0,
        "total": 996
    },
    "percentage": {
        "ACTIVE": 99.8995983935743,
        "INACTIVE": 0.8547008547008547,
        "INVALID": 0,
        "MALICIOUS": 0,
        "SANE": 0,
        "VALID": 0,
        "total": 100.75429924827515
    }
}