{
    "counter": {
        "ACTIVE": 2088,
        "INACTIVE": 2,
        "INVALID": 0,
        "MALICIOUS": 0,
        "SANE": 0,
        "VALID": 0,
        "total": 2090
    },
    "percentage": {
        "ACTIVE": 99.90430622009569,
        "INACTIVE": 0.11827321111768184,
        "INVALID": 0,
        "MALICIOUS": 0,
        "SANE": 0,
        "VALID": 0,
        "total": 100.02257943121337
    }
}