{
    "counter": {
        "ACTIVE": 325,
        "INACTIVE": 1,
        "INVALID": 0,
        "MALICIOUS": 0,
        "SANE": 0,
        "VALID": 0,
        "total": 326
    },
    "percentage": {
        "ACTIVE": 99.69325153374233,
        "INACTIVE": 0.6329113924050633,
        "INVALID": 0,
        "MALICIOUS": 0,
        "SANE": 0,
        "VALID": 0,
        "total": 100.32616292614739
    }
}