{
    "counter": {
        "ACTIVE": 1729,
        "INACTIVE": 2,
        "INVALID": 0,
        "MALICIOUS": 0,
        "SANE": 0,
        "VALID": 0,
        "total": 1731
    },
    "percentage": {
        "ACTIVE": 99.8844598497978,
        "INACTIVE": 0.12836970474967907,
        "INVALID": 0,
        "MALICIOUS": 0,
        "SANE": 0,
        "VALID": 0,
        "total": 100.01282955454748
    }
}