{
    "counter": {
        "ACTIVE": 1015,
        "INACTIVE": 1,
        "INVALID": 0,
        "MALICIOUS": 0,
        "SANE": 0,
        "VALID": 0,
        "total": 1016
    },
    "percentage": {
        "ACTIVE": 99.9015748031496,
        "INACTIVE": 0.11376564277588168,
        "INVALID": 0,
        "MALICIOUS": 0,
        "SANE": 0,
        "VALID": 0,
        "total": 100.01534044592549
    }
}