{
    "counter": {
        "ACTIVE": 2147,
        "INACTIVE": 1,
        "INVALID": 0,
        "MALICIOUS": 0,
        "SANE": 0,
        "VALID": 0,
        "total": 2148
    },
    "percentage": {
        "ACTIVE": 99.95344506517691,
        "INACTIVE": 0.07225433526011561,
        "INVALID": 0,
        "MALICIOUS": 0,
        "SANE": 0,
        "VALID": 0,
        "total": 100.02569940043702
    }
}