{
    "counter": {
        "ACTIVE": 1785,
        "INACTIVE": 2,
        "INVALID": 0,
        "MALICIOUS": 0,
        "SANE": 0,
        "VALID": 0,
        "total": 1787
    },
    "percentage": {
        "ACTIVE": 99.88808058198097,
        "INACTIVE": 0.4158004158004158,
        "INVALID": 0,
        "MALICIOUS": 0,
        "SANE": 0,
        "VALID": 0,
        "total": 100.30388099778139
    }
}