{
    "counter": {
        "ACTIVE": 1761,
        "INACTIVE": 5,
        "INVALID": 0,
        "MALICIOUS": 0,
        "SANE": 0,
        "VALID": 0,
        "total": 1766
    },
    "percentage": {
        "ACTIVE": 99.71687429218574,
        "INACTIVE": 0.2946375957572186,
        "INVALID": 0,
        "MALICIOUS": 0,
        "SANE": 0,
        "VALID": 0,
        "total": 100.01151188794296
    }
}