{
    "counter": {
        "ACTIVE": 1838,
        "INACTIVE": 4,
        "INVALID": 0,
        "MALICIOUS": 0,
        "SANE": 0,
        "VALID": 0,
        "total": 1842
    },
    "percentage": {
        "ACTIVE": 99.7828447339848,
        "INACTIVE": 0.29175784099197666,
        "INVALID": 0,
        "MALICIOUS": 0,
        "SANE": 0,
        "VALID": 0,
        "total": 100.07460257497678
    }
}