{
    "counter": {
        "ACTIVE": 2184,
        "INACTIVE": 5,
        "INVALID": 0,
        "MALICIOUS": 0,
        "SANE": 0,
        "VALID": 0,
        "total": 2189
    },
    "percentage": {
        "ACTIVE": 99.77158519872087,
        "INACTIVE": 0.25588536335721596,
        "INVALID": 0,
        "MALICIOUS": 0,
        "SANE": 0,
        "VALID": 0,
        "total": 100.0274705620781
    }
}