{
    "counter": {
        "ACTIVE": 886,
        "INACTIVE": 2,
        "INVALID": 0,
        "MALICIOUS": 0,
        "SANE": 0,
        "VALID": 0,
        "total": 888
    },
    "percentage": {
        "ACTIVE": 99.77477477477477,
        "INACTIVE": 0.33167495854063017,
        "INVALID": 0,
        "MALICIOUS": 0,
        "SANE": 0,
        "VALID": 0,
        "total": 100.1064497333154
    }
}