{
    "counter": {
        "ACTIVE": 2220,
        "INACTIVE": 1,
        "INVALID": 0,
        "MALICIOUS": 0,
        "SANE": 0,
        "VALID": 0,
        "total": 2221
    },
    "percentage": {
        "ACTIVE": 99.95497523638001,
        "INACTIVE": 0.6622516556291391,
        "INVALID": 0,
        "MALICIOUS": 0,
        "SANE": 0,
        "VALID": 0,
        "total": 100.61722689200914
    }
}