{
    "counter": {
        "ACTIVE": 987,
        "INACTIVE": 1,
        "INVALID": 0,
        "MALICIOUS": 0,
        "SANE": 0,
        "VALID": 0,
        "total": 988
    },
    "percentage": {
        "ACTIVE": 99.89878542510121,
        "INACTIVE": 0.14534883720930233,
        "INVALID": 0,
        "MALICIOUS": 0,
        "SANE": 0,
        "VALID": 0,
        "total": 100.04413426231051
    }
}