{
    "counter": {
        "ACTIVE": 1615,
        "INACTIVE": 3,
        "INVALID": 0,
        "MALICIOUS": 0,
        "SANE": 0,
        "VALID": 0,
        "total": 1618
    },
    "percentage": {
        "ACTIVE": 99.81458590852905,
        "INACTIVE": 0.31347962382445144,
        "INVALID": 0,
        "MALICIOUS": 0,
        "SANE": 0,
        "VALID": 0,
        "total": 100.1280655323535
    }
}