{
    "counter": {
        "ACTIVE": 850,
        "INACTIVE": 1,
        "INVALID": 0,
        "MALICIOUS": 0,
        "SANE": 0,
        "VALID": 0,
        "total": 851
    },
    "percentage": {
        "ACTIVE": 99.88249118683902,
        "INACTIVE": 0.16891891891891891,
        "INVALID": 0,
        "MALICIOUS": 0,
        "SANE": 0,
        "VALID": 0,
        "total": 100.05141010575794
    }
}