{
    "counter": {
        "ACTIVE": 2010,
        "INACTIVE": 1,
        "INVALID": 0,
        "MALICIOUS": 0,
        "SANE": 0,
        "VALID": 0,
        "total": 2011
    },
    "percentage": {
        "ACTIVE": 99.95027349577325,
        "INACTIVE": 0.06983240223463687,
        "INVALID": 0,
        "MALICIOUS": 0,
        "SANE": 0,
        "VALID": 0,
        "total": 100.02010589800788
    }
}