{
    "counter": {
        "ACTIVE": 1629,
        "INACTIVE": 1,
        "INVALID": 0,
        "MALICIOUS": 0,
        "SANE": 0,
        "VALID": 0,
        "total": 1630
    },
    "percentage": {
        "ACTIVE": 99.93865030674847,
        "INACTIVE": 0.8771929824561403,
        "INVALID": 0,
        "MALICIOUS": 0,
        "SANE": 0,
        "VALID": 0,
        "total": 100.81584328920461
    }
}