{
    "counter": {
        "ACTIVE": 1195,
        "INACTIVE": 2,
        "INVALID": 0,
        "MALICIOUS": 0,
        "SANE": 0,
        "VALID": 0,
        "total": 1197
    },
    "percentage": {
        "ACTIVE": 99.83291562238931,
        "INACTIVE": 0.4784688995215311,
        "INVALID": 0,
        "MALICIOUS": 0,
        "SANE": 0,
        "VALID": 0,
        "total": 100.31138452191084
    }
}