{
    "counter": {
        "ACTIVE": 1761,
        "INACTIVE": 2,
        "INVALID": 0,
        "MALICIOUS": 0,
        "SANE": 0,
        "VALID": 0,
        "total": 1763
    },
    "percentage": {
        "ACTIVE": 99.88655700510493,
        "INACTIVE": 0.1384083044982699,
        "INVALID": 0,
        "MALICIOUS": 0,
        "SANE": 0,
        "VALID": 0,
        "total": 100.0249653096032
    }
}