{
    "counter": {
        "ACTIVE": 1682,
        "INACTIVE": 6,
        "INVALID": 0,
        "MALICIOUS": 0,
        "SANE": 0,
        "VALID": 0,
        "total": 1688
    },
    "percentage": {
        "ACTIVE": 99.64454976303317,
        "INACTIVE": 0.5132591958939264,
        "INVALID": 0,
        "MALICIOUS": 0,
        "SANE": 0,
        "VALID": 0,
        "total": 100.15780895892709
    }
}