{
    "counter": {
        "ACTIVE": 2559,
        "INACTIVE": 1,
        "INVALID": 0,
        "MALICIOUS": 0,
        "SANE": 0,
        "VALID": 0,
        "total": 2560
    },
    "percentage": {
        "ACTIVE": 99.9609375,
        "INACTIVE": 0.04084967320261438,
        "INVALID": 0,
        "MALICIOUS": 0,
        "SANE": 0,
        "VALID": 0,
        "total": 100.00178717320262
    }
}