{
    "counter": {
        "ACTIVE": 2138,
        "INACTIVE": 1,
        "INVALID": 0,
        "MALICIOUS": 0,
        "SANE": 0,
        "VALID": 0,
        "total": 2139
    },
    "percentage": {
        "ACTIVE": 99.95324918186068,
        "INACTIVE": 0.07457121551081283,
        "INVALID": 0,
        "MALICIOUS": 0,
        "SANE": 0,
        "VALID": 0,
        "total": 100.0278203973715
    }
}