{
    "counter": {
        "ACTIVE": 891,
        "INACTIVE": 2,
        "INVALID": 0,
        "MALICIOUS": 0,
        "SANE": 0,
        "VALID": 0,
        "total": 893
    },
    "percentage": {
        "ACTIVE": 99.77603583426652,
        "INACTIVE": 0.5167958656330749,
        "INVALID": 0,
        "MALICIOUS": 0,
        "SANE": 0,
        "VALID": 0,
        "total": 100.2928316998996
    }
}