{
    "counter": {
        "ACTIVE": 1553,
        "INACTIVE": 2,
        "INVALID": 0,
        "MALICIOUS": 0,
        "SANE": 0,
        "VALID": 0,
        "total": 1555
    },
    "percentage": {
        "ACTIVE": 99.87138263665595,
        "INACTIVE": 0.4716981132075472,
        "INVALID": 0,
        "MALICIOUS": 0,
        "SANE": 0,
        "VALID": 0,
        "total": 100.3430807498635
    }
}