{
    "counter": {
        "ACTIVE": 826,
        "INACTIVE": 2,
        "INVALID": 0,
        "MALICIOUS": 0,
        "SANE": 0,
        "VALID": 0,
        "total": 828
    },
    "percentage": {
        "ACTIVE": 99.7584541062802,
        "INACTIVE": 0.25477707006369427,
        "INVALID": 0,
        "MALICIOUS": 0,
        "SANE": 0,
        "VALID": 0,
        "total": 100.0132311763439
    }
}