{
    "counter": {
        "ACTIVE": 2340,
        "INACTIVE": 2,
        "INVALID": 0,
        "MALICIOUS": 0,
        "SANE": 0,
        "VALID": 0,
        "total": 2342
    },
    "percentage": {
        "ACTIVE": 99.91460290350128,
        "INACTIVE": 0.2849002849002849,
        "INVALID": 0,
        "MALICIOUS": 0,
        "SANE": 0,
        "VALID": 0,
        "total": 100.19950318840156
    }
}