{
    "counter": {
        "ACTIVE": 1886,
        "INACTIVE": 2,
        "INVALID": 0,
        "MALICIOUS": 0,
        "SANE": 0,
        "VALID": 0,
        "total": 1888
    },
    "percentage": {
        "ACTIVE": 99.89406779661017,
        "INACTIVE": 0.11827321111768184,
        "INVALID": 0,
        "MALICIOUS": 0,
        "SANE": 0,
        "VALID": 0,
        "total": 100.01234100772785
    }
}