{
    "counter": {
        "ACTIVE": 861,
        "INACTIVE": 1,
        "INVALID": 0,
        "MALICIOUS": 0,
        "SANE": 0,
        "VALID": 0,
        "total": 862
    },
    "percentage": {
        "ACTIVE": 99.88399071925754,
        "INACTIVE": 0.3952569169960474,
        "INVALID": 0,
        "MALICIOUS": 0,
        "SANE": 0,
        "VALID": 0,
        "total": 100.27924763625359
    }
}