{
    "counter": {
        "ACTIVE": 1574,
        "INACTIVE": 3,
        "INVALID": 0,
        "MALICIOUS": 0,
        "SANE": 0,
        "VALID": 0,
        "total": 1577
    },
    "percentage": {
        "ACTIVE": 99.80976537729867,
        "INACTIVE": 0.19607843137254902,
        "INVALID": 0,
        "MALICIOUS": 0,
        "SANE": 0,
        "VALID": 0,
        "total": 100.00584380867123
    }
}