{
    "counter": {
        "ACTIVE": 869,
        "INACTIVE": 2,
        "INVALID": 0,
        "MALICIOUS": 0,
        "SANE": 0,
        "VALID": 0,
        "total": 871
    },
    "percentage": {
        "ACTIVE": 99.77037887485649,
        "INACTIVE": 1.5384615384615385,
        "INVALID": 0,
        "MALICIOUS": 0,
        "SANE": 0,
        "VALID": 0,
        "total": 101.30884041331802
    }
}