{
    "counter": {
        "ACTIVE": 2272,
        "INACTIVE": 110,
        "INVALID": 0,
        "MALICIOUS": 0,
        "SANE": 0,
        "VALID": 0,
        "total": 2382
    },
    "percentage": {
        "ACTIVE": 95.38203190596138,
        "INACTIVE": 4.62962962962963,
        "INVALID": 0,
        "MALICIOUS": 0,
        "SANE": 0,
        "VALID": 0,
        "total": 100.01166153559102
    }
}