{
    "counter": {
        "ACTIVE": 525,
        "INACTIVE": 1,
        "INVALID": 0,
        "MALICIOUS": 0,
        "SANE": 0,
        "VALID": 0,
        "total": 526
    },
    "percentage": {
        "ACTIVE": 99.80988593155894,
        "INACTIVE": 0.2785515320334262,
        "INVALID": 0,
        "MALICIOUS": 0,
        "SANE": 0,
        "VALID": 0,
        "total": 100.08843746359237
    }
}