{
    "counter": {
        "ACTIVE": 1339,
        "INACTIVE": 1,
        "INVALID": 0,
        "MALICIOUS": 0,
        "SANE": 0,
        "VALID": 0,
        "total": 1340
    },
    "percentage": {
        "ACTIVE": 99.92537313432835,
        "INACTIVE": 0.1736111111111111,
        "INVALID": 0,
        "MALICIOUS": 0,
        "SANE": 0,
        "VALID": 0,
        "total": 100.09898424543947
    }
}