{
    "counter": {
        "ACTIVE": 1246,
        "INACTIVE": 1,
        "INVALID": 0,
        "MALICIOUS": 0,
        "SANE": 0,
        "VALID": 0,
        "total": 1247
    },
    "percentage": {
        "ACTIVE": 99.91980753809142,
        "INACTIVE": 0.6622516556291391,
        "INVALID": 0,
        "MALICIOUS": 0,
        "SANE": 0,
        "VALID": 0,
        "total": 100.58205919372055
    }
}