{
    "counter": {
        "ACTIVE": 2217,
        "INACTIVE": 18,
        "INVALID": 0,
        "MALICIOUS": 0,
        "SANE": 0,
        "VALID": 0,
        "total": 2235
    },
    "percentage": {
        "ACTIVE": 99.19463087248322,
        "INACTIVE": 0.8192990441511152,
        "INVALID": 0,
        "MALICIOUS": 0,
        "SANE": 0,
        "VALID": 0,
        "total": 100.01392991663432
    }
}