{
    "counter": {
        "ACTIVE": 1328,
        "INACTIVE": 1,
        "INVALID": 0,
        "MALICIOUS": 0,
        "SANE": 0,
        "VALID": 0,
        "total": 1329
    },
    "percentage": {
        "ACTIVE": 99.9247554552295,
        "INACTIVE": 0.0984251968503937,
        "INVALID": 0,
        "MALICIOUS": 0,
        "SANE": 0,
        "VALID": 0,
        "total": 100.0231806520799
    }
}