{
    "counter": {
        "ACTIVE": 1804,
        "INACTIVE": 2,
        "INVALID": 0,
        "MALICIOUS": 0,
        "SANE": 0,
        "VALID": 0,
        "total": 1806
    },
    "percentage": {
        "ACTIVE": 99.88925802879291,
        "INACTIVE": 0.16090104585679807,
        "INVALID": 0,
        "MALICIOUS": 0,
        "SANE": 0,
        "VALID": 0,
        "total": 100.05015907464971
    }
}