{
    "counter": {
        "ACTIVE": 2345,
        "INACTIVE": 3,
        "INVALID": 0,
        "MALICIOUS": 0,
        "SANE": 0,
        "VALID": 0,
        "total": 2348
    },
    "percentage": {
        "ACTIVE": 99.87223168654174,
        "INACTIVE": 0.17931858936043035,
        "INVALID": 0,
        "MALICIOUS": 0,
        "SANE": 0,
        "VALID": 0,
        "total": 100.05155027590217
    }
}