{
    "counter": {
        "ACTIVE": 1352,
        "INACTIVE": 2,
        "INVALID": 0,
        "MALICIOUS": 0,
        "SANE": 0,
        "VALID": 0,
        "total": 1354
    },
    "percentage": {
        "ACTIVE": 99.9260901699926,
        "INACTIVE": 0.14771048744460857,
        "INVALID": 0,
        "MALICIOUS": 0,
        "SANE": 0,
        "VALID": 0,
        "total": 100.07380065743722
    }
}