{
    "counter": {
        "ACTIVE": 541,
        "INACTIVE": 1,
        "INVALID": 0,
        "MALICIOUS": 0,
        "SANE": 0,
        "VALID": 0,
        "total": 542
    },
    "percentage": {
        "ACTIVE": 99.81549815498155,
        "INACTIVE": 1.7543859649122806,
        "INVALID": 0,
        "MALICIOUS": 0,
        "SANE": 0,
        "VALID": 0,
        "total": 101.56988411989383
    }
}