{
    "counter": {
        "ACTIVE": 1540,
        "INACTIVE": 6,
        "INVALID": 0,
        "MALICIOUS": 0,
        "SANE": 0,
        "VALID": 0,
        "total": 1546
    },
    "percentage": {
        "ACTIVE": 99.61190168175938,
        "INACTIVE": 0.4662004662004662,
        "INVALID": 0,
        "MALICIOUS": 0,
        "SANE": 0,
        "VALID": 0,
        "total": 100.07810214795984
    }
}