{
    "counter": {
        "ACTIVE": 1532,
        "INACTIVE": 3,
        "INVALID": 0,
        "MALICIOUS": 0,
        "SANE": 0,
        "VALID": 0,
        "total": 1535
    },
    "percentage": {
        "ACTIVE": 99.80456026058631,
        "INACTIVE": 0.2435064935064935,
        "INVALID": 0,
        "MALICIOUS": 0,
        "SANE": 0,
        "VALID": 0,
        "total": 100.0480667540928
    }
}