{
    "counter": {
        "ACTIVE": 1929,
        "INACTIVE": 2,
        "INVALID": 0,
        "MALICIOUS": 0,
        "SANE": 0,
        "VALID": 0,
        "total": 1931
    },
    "percentage": {
        "ACTIVE": 99.89642672190575,
        "INACTIVE": 0.5167958656330749,
        "INVALID": 0,
        "MALICIOUS": 0,
        "SANE": 0,
        "VALID": 0,
        "total": 100.41322258753883
    }
}