{
    "counter": {
        "ACTIVE": 1913,
        "INACTIVE": 3,
        "INVALID": 0,
        "MALICIOUS": 0,
        "SANE": 0,
        "VALID": 0,
        "total": 1916
    },
    "percentage": {
        "ACTIVE": 99.84342379958247,
        "INACTIVE": 0.18915510718789408,
        "INVALID": 0,
        "MALICIOUS": 0,
        "SANE": 0,
        "VALID": 0,
        "total": 100.03257890677037
    }
}