{
    "counter": {
        "ACTIVE": 1850,
        "INACTIVE": 1,
        "INVALID": 0,
        "MALICIOUS": 0,
        "SANE": 0,
        "VALID": 0,
        "total": 1851
    },
    "percentage": {
        "ACTIVE": 99.94597514856834,
        "INACTIVE": 0.058788947677836566,
        "INVALID": 0,
        "MALICIOUS": 0,
        "SANE": 0,
        "VALID": 0,
        "total": 100.00476409624618
    }
}