{
    "counter": {
        "ACTIVE": 182,
        "INACTIVE": 2,
        "INVALID": 0,
        "MALICIOUS": 0,
        "SANE": 0,
        "VALID": 0,
        "total": 184
    },
    "percentage": {
        "ACTIVE": 98.91304347826087,
        "INACTIVE": 1.183431952662722,
        "INVALID": 0,
        "MALICIOUS": 0,
        "SANE": 0,
        "VALID": 0,
        "total": 100.09647543092359
    }
}