{
    "counter": {
        "ACTIVE": 1209,
        "INACTIVE": 1,
        "INVALID": 0,
        "MALICIOUS": 0,
        "SANE": 0,
        "VALID": 0,
        "total": 1210
    },
    "percentage": {
        "ACTIVE": 99.91735537190083,
        "INACTIVE": 0.32786885245901637,
        "INVALID": 0,
        "MALICIOUS": 0,
        "SANE": 0,
        "VALID": 0,
        "total": 100.24522422435984
    }
}