{
    "counter": {
        "ACTIVE": 1987,
        "INACTIVE": 2,
        "INVALID": 0,
        "MALICIOUS": 0,
        "SANE": 0,
        "VALID": 0,
        "total": 1989
    },
    "percentage": {
        "ACTIVE": 99.89944695827049,
        "INACTIVE": 0.10752688172043011,
        "INVALID": 0,
        "MALICIOUS": 0,
        "SANE": 0,
        "VALID": 0,
        "total": 100.00697383999092
    }
}