{
    "counter": {
        "ACTIVE": 2129,
        "INACTIVE": 2,
        "INVALID": 0,
        "MALICIOUS": 0,
        "SANE": 0,
        "VALID": 0,
        "total": 2131
    },
    "percentage": {
        "ACTIVE": 99.9061473486626,
        "INACTIVE": 1.1235955056179776,
        "INVALID": 0,
        "MALICIOUS": 0,
        "SANE": 0,
        "VALID": 0,
        "total": 101.02974285428058
    }
}