{
    "counter": {
        "ACTIVE": 1561,
        "INACTIVE": 3,
        "INVALID": 0,
        "MALICIOUS": 0,
        "SANE": 0,
        "VALID": 0,
        "total": 1564
    },
    "percentage": {
        "ACTIVE": 99.8081841432225,
        "INACTIVE": 0.3740648379052369,
        "INVALID": 0,
        "MALICIOUS": 0,
        "SANE": 0,
        "VALID": 0,
        "total": 100.18224898112774
    }
}