{
    "counter": {
        "ACTIVE": 510,
        "INACTIVE": 1,
        "INVALID": 0,
        "MALICIOUS": 0,
        "SANE": 0,
        "VALID": 0,
        "total": 511
    },
    "percentage": {
        "ACTIVE": 99.80430528375734,
        "INACTIVE": 0.26455026455026454,
        "INVALID": 0,
        "MALICIOUS": 0,
        "SANE": 0,
        "VALID": 0,
        "total": 100.06885554830761
    }
}