{
    "counter": {
        "ACTIVE": 984,
        "INACTIVE": 1,
        "INVALID": 0,
        "MALICIOUS": 0,
        "SANE": 0,
        "VALID": 0,
        "total": 985
    },
    "percentage": {
        "ACTIVE": 99.8984771573604,
        "INACTIVE": 0.8695652173913043,
        "INVALID": 0,
        "MALICIOUS": 0,
        "SANE": 0,
        "VALID": 0,
        "total": 100.7680423747517
    }
}