{
    "counter": {
        "ACTIVE": 711,
        "INACTIVE": 1,
        "INVALID": 0,
        "MALICIOUS": 0,
        "SANE": 0,
        "VALID": 0,
        "total": 712
    },
    "percentage": {
        "ACTIVE": 99.85955056179775,
        "INACTIVE": 0.5813953488372093,
        "INVALID": 0,
        "MALICIOUS": 0,
        "SANE": 0,
        "VALID": 0,
        "total": 100.44094591063495
    }
}