{
    "counter": {
        "ACTIVE": 619,
        "INACTIVE": 1,
        "INVALID": 0,
        "MALICIOUS": 0,
        "SANE": 0,
        "VALID": 0,
        "total": 620
    },
    "percentage": {
        "ACTIVE": 99.83870967741936,
        "INACTIVE": 2.6315789473684212,
        "INVALID": 0,
        "MALICIOUS": 0,
        "SANE": 0,
        "VALID": 0,
        "total": 102.47028862478778
    }
}