{
    "counter": {
        "ACTIVE": 1046,
        "INACTIVE": 3,
        "INVALID": 0,
        "MALICIOUS": 0,
        "SANE": 0,
        "VALID": 0,
        "total": 1049
    },
    "percentage": {
        "ACTIVE": 99.71401334604386,
        "INACTIVE": 0.35377358490566035,
        "INVALID": 0,
        "MALICIOUS": 0,
        "SANE": 0,
        "VALID": 0,
        "total": 100.06778693094952
    }
}