{
    "counter": {
        "ACTIVE": 2128,
        "INACTIVE": 5,
        "INVALID": 0,
        "MALICIOUS": 0,
        "SANE": 0,
        "VALID": 0,
        "total": 2133
    },
    "percentage": {
        "ACTIVE": 99.7655883731833,
        "INACTIVE": 0.5296610169491526,
        "INVALID": 0,
        "MALICIOUS": 0,
        "SANE": 0,
        "VALID": 0,
        "total": 100.29524939013245
    }
}