{
    "counter": {
        "ACTIVE": 2192,
        "INACTIVE": 1,
        "INVALID": 0,
        "MALICIOUS": 0,
        "SANE": 0,
        "VALID": 0,
        "total": 2193
    },
    "percentage": {
        "ACTIVE": 99.95440036479708,
        "INACTIVE": 0.047961630695443645,
        "INVALID": 0,
        "MALICIOUS": 0,
        "SANE": 0,
        "VALID": 0,
        "total": 100.00236199549252
    }
}