{
    "counter": {
        "ACTIVE": 652,
        "INACTIVE": 16,
        "INVALID": 0,
        "MALICIOUS": 0,
        "SANE": 0,
        "VALID": 0,
        "total": 668
    },
    "percentage": {
        "ACTIVE": 97.60479041916167,
        "INACTIVE": 3.9215686274509802,
        "INVALID": 0,
        "MALICIOUS": 0,
        "SANE": 0,
        "VALID": 0,
        "total": 101.52635904661265
    }
}