{
    "counter": {
        "ACTIVE": 2738,
        "INACTIVE": 1,
        "INVALID": 0,
        "MALICIOUS": 0,
        "SANE": 0,
        "VALID": 0,
        "total": 2739
    },
    "percentage": {
        "ACTIVE": 99.9634903249361,
        "INACTIVE": 0.03694126339120798,
        "INVALID": 0,
        "MALICIOUS": 0,
        "SANE": 0,
        "VALID": 0,
        "total": 100.00043158832732
    }
}