{
    "counter": {
        "ACTIVE": 444,
        "INACTIVE": 1,
        "INVALID": 0,
        "MALICIOUS": 0,
        "SANE": 0,
        "VALID": 0,
        "total": 445
    },
    "percentage": {
        "ACTIVE": 99.7752808988764,
        "INACTIVE": 2.857142857142857,
        "INVALID": 0,
        "MALICIOUS": 0,
        "SANE": 0,
        "VALID": 0,
        "total": 102.63242375601926
    }
}