{
    "counter": {
        "ACTIVE": 2324,
        "INACTIVE": 9,
        "INVALID": 0,
        "MALICIOUS": 0,
        "SANE": 0,
        "VALID": 0,
        "total": 2333
    },
    "percentage": {
        "ACTIVE": 99.61423060437205,
        "INACTIVE": 0.40687160940325495,
        "INVALID": 0,
        "MALICIOUS": 0,
        "SANE": 0,
        "VALID": 0,
        "total": 100.02110221377531
    }
}