{
    "counter": {
        "ACTIVE": 1388,
        "INACTIVE": 2,
        "INVALID": 0,
        "MALICIOUS": 0,
        "SANE": 0,
        "VALID": 0,
        "total": 1390
    },
    "percentage": {
        "ACTIVE": 99.85611510791367,
        "INACTIVE": 0.17985611510791366,
        "INVALID": 0,
        "MALICIOUS": 0,
        "SANE": 0,
        "VALID": 0,
        "total": 100.03597122302158
    }
}