{
    "counter": {
        "ACTIVE": 809,
        "INACTIVE": 1,
        "INVALID": 0,
        "MALICIOUS": 0,
        "SANE": 0,
        "VALID": 0,
        "total": 810
    },
    "percentage": {
        "ACTIVE": 99.87654320987654,
        "INACTIVE": 0.4975124378109453,
        "INVALID": 0,
        "MALICIOUS": 0,
        "SANE": 0,
        "VALID": 0,
        "total": 100.37405564768748
    }
}