{
    "counter": {
        "ACTIVE": 2336,
        "INACTIVE": 2,
        "INVALID": 0,
        "MALICIOUS": 0,
        "SANE": 0,
        "VALID": 0,
        "total": 2338
    },
    "percentage": {
        "ACTIVE": 99.91445680068435,
        "INACTIVE": 0.088261253309797,
        "INVALID": 0,
        "MALICIOUS": 0,
        "SANE": 0,
        "VALID": 0,
        "total": 100.00271805399414
    }
}