{
    "counter": {
        "ACTIVE": 1886,
        "INACTIVE": 3,
        "INVALID": 0,
        "MALICIOUS": 0,
        "SANE": 0,
        "VALID": 0,
        "total": 1889
    },
    "percentage": {
        "ACTIVE": 99.84118581259926,
        "INACTIVE": 0.17482517482517482,
        "INVALID": 0,
        "MALICIOUS": 0,
        "SANE": 0,
        "VALID": 0,
        "total": 100.01601098742444
    }
}