{
    "counter": {
        "ACTIVE": 1663,
        "INACTIVE": 1,
        "INVALID": 0,
        "MALICIOUS": 0,
        "SANE": 0,
        "VALID": 0,
        "total": 1664
    },
    "percentage": {
        "ACTIVE": 99.93990384615384,
        "INACTIVE": 0.3436426116838488,
        "INVALID": 0,
        "MALICIOUS": 0,
        "SANE": 0,
        "VALID": 0,
        "total": 100.28354645783769
    }
}