{
    "counter": {
        "ACTIVE": 862,
        "INACTIVE": 2,
        "INVALID": 0,
        "MALICIOUS": 0,
        "SANE": 0,
        "VALID": 0,
        "total": 864
    },
    "percentage": {
        "ACTIVE": 99.76851851851852,
        "INACTIVE": 0.4694835680751174,
        "INVALID": 0,
        "MALICIOUS": 0,
        "SANE": 0,
        "VALID": 0,
        "total": 100.23800208659364
    }
}