{
    "counter": {
        "ACTIVE": 1644,
        "INACTIVE": 1,
        "INVALID": 0,
        "MALICIOUS": 0,
        "SANE": 0,
        "VALID": 0,
        "total": 1645
    },
    "percentage": {
        "ACTIVE": 99.93920972644376,
        "INACTIVE": 0.2074688796680498,
        "INVALID": 0,
        "MALICIOUS": 0,
        "SANE": 0,
        "VALID": 0,
        "total": 100.14667860611182
    }
}