{
    "counter": {
        "ACTIVE": 1382,
        "INACTIVE": 1,
        "INVALID": 0,
        "MALICIOUS": 0,
        "SANE": 0,
        "VALID": 0,
        "total": 1383
    },
    "percentage": {
        "ACTIVE": 99.92769342010124,
        "INACTIVE": 0.07283321194464676,
        "INVALID": 0,
        "MALICIOUS": 0,
        "SANE": 0,
        "VALID": 0,
        "total": 100.00052663204588
    }
}