{
    "counter": {
        "ACTIVE": 2338,
        "INACTIVE": 2,
        "INVALID": 0,
        "MALICIOUS": 0,
        "SANE": 0,
        "VALID": 0,
        "total": 2340
    },
    "percentage": {
        "ACTIVE": 99.91452991452991,
        "INACTIVE": 0.2849002849002849,
        "INVALID": 0,
        "MALICIOUS": 0,
        "SANE": 0,
        "VALID": 0,
        "total": 100.1994301994302
    }
}