{
    "counter": {
        "ACTIVE": 1400,
        "INACTIVE": 4,
        "INVALID": 0,
        "MALICIOUS": 0,
        "SANE": 0,
        "VALID": 0,
        "total": 1404
    },
    "percentage": {
        "ACTIVE": 99.71509971509971,
        "INACTIVE": 0.31520882584712373,
        "INVALID": 0,
        "MALICIOUS": 0,
        "SANE": 0,
        "VALID": 0,
        "total": 100.03030854094683
    }
}