{
    "counter": {
        "ACTIVE": 1926,
        "INACTIVE": 1,
        "INVALID": 0,
        "MALICIOUS": 0,
        "SANE": 0,
        "VALID": 0,
        "total": 1927
    },
    "percentage": {
        "ACTIVE": 99.94810586403736,
        "INACTIVE": 0.0594883997620464,
        "INVALID": 0,
        "MALICIOUS": 0,
        "SANE": 0,
        "VALID": 0,
        "total": 100.0075942637994
    }
}