{
    "counter": {
        "ACTIVE": 1571,
        "INACTIVE": 3,
        "INVALID": 0,
        "MALICIOUS": 0,
        "SANE": 0,
        "VALID": 0,
        "total": 1574
    },
    "percentage": {
        "ACTIVE": 99.80940279542567,
        "INACTIVE": 0.26833631484794274,
        "INVALID": 0,
        "MALICIOUS": 0,
        "SANE": 0,
        "VALID": 0,
        "total": 100.07773911027361
    }
}