{
    "counter": {
        "ACTIVE": 3182,
        "INACTIVE": 2,
        "INVALID": 0,
        "MALICIOUS": 0,
        "SANE": 0,
        "VALID": 0,
        "total": 3184
    },
    "percentage": {
        "ACTIVE": 99.93718592964824,
        "INACTIVE": 0.07674597083653108,
        "INVALID": 0,
        "MALICIOUS": 0,
        "SANE": 0,
        "VALID": 0,
        "total": 100.01393190048476
    }
}