{
    "counter": {
        "ACTIVE": 2201,
        "INACTIVE": 2,
        "INVALID": 0,
        "MALICIOUS": 0,
        "SANE": 0,
        "VALID": 0,
        "total": 2203
    },
    "percentage": {
        "ACTIVE": 99.90921470721743,
        "INACTIVE": 0.1384083044982699,
        "INVALID": 0,
        "MALICIOUS": 0,
        "SANE": 0,
        "VALID": 0,
        "total": 100.0476230117157
    }
}