{
    "counter": {
        "ACTIVE": 339,
        "INACTIVE": 2,
        "INVALID": 0,
        "MALICIOUS": 0,
        "SANE": 0,
        "VALID": 0,
        "total": 341
    },
    "percentage": {
        "ACTIVE": 99.41348973607037,
        "INACTIVE": 0.7117437722419929,
        "INVALID": 0,
        "MALICIOUS": 0,
        "SANE": 0,
        "VALID": 0,
        "total": 100.12523350831236
    }
}