{
    "counter": {
        "ACTIVE": 875,
        "INACTIVE": 2,
        "INVALID": 0,
        "MALICIOUS": 0,
        "SANE": 0,
        "VALID": 0,
        "total": 877
    },
    "percentage": {
        "ACTIVE": 99.77194982896238,
        "INACTIVE": 0.49875311720698257,
        "INVALID": 0,
        "MALICIOUS": 0,
        "SANE": 0,
        "VALID": 0,
        "total": 100.27070294616937
    }
}