{
    "counter": {
        "ACTIVE": 1605,
        "INACTIVE": 6,
        "INVALID": 0,
        "MALICIOUS": 0,
        "SANE": 0,
        "VALID": 0,
        "total": 1611
    },
    "percentage": {
        "ACTIVE": 99.62756052141528,
        "INACTIVE": 0.3814367450731087,
        "INVALID": 0,
        "MALICIOUS": 0,
        "SANE": 0,
        "VALID": 0,
        "total": 100.00899726648838
    }
}