{
    "counter": {
        "ACTIVE": 2250,
        "INACTIVE": 1,
        "INVALID": 0,
        "MALICIOUS": 0,
        "SANE": 0,
        "VALID": 0,
        "total": 2251
    },
    "percentage": {
        "ACTIVE": 99.95557529986672,
        "INACTIVE": 0.0665335994677312,
        "INVALID": 0,
        "MALICIOUS": 0,
        "SANE": 0,
        "VALID": 0,
        "total": 100.02210889933446
    }
}