{
    "counter": {
        "ACTIVE": 2073,
        "INACTIVE": 1,
        "INVALID": 0,
        "MALICIOUS": 0,
        "SANE": 0,
        "VALID": 0,
        "total": 2074
    },
    "percentage": {
        "ACTIVE": 99.95178399228544,
        "INACTIVE": 0.05241090146750524,
        "INVALID": 0,
        "MALICIOUS": 0,
        "SANE": 0,
        "VALID": 0,
        "total": 100.00419489375295
    }
}