{
    "counter": {
        "ACTIVE": 3185,
        "INACTIVE": 34,
        "INVALID": 0,
        "MALICIOUS": 0,
        "SANE": 0,
        "VALID": 0,
        "total": 3219
    },
    "percentage": {
        "ACTIVE": 98.94377135756446,
        "INACTIVE": 1.0621680724773508,
        "INVALID": 0,
        "MALICIOUS": 0,
        "SANE": 0,
        "VALID": 0,
        "total": 100.0059394300418
    }
}