{
    "counter": {
        "ACTIVE": 2365,
        "INACTIVE": 3,
        "INVALID": 0,
        "MALICIOUS": 0,
        "SANE": 0,
        "VALID": 0,
        "total": 2368
    },
    "percentage": {
        "ACTIVE": 99.8733108108108,
        "INACTIVE": 0.20026702269692923,
        "INVALID": 0,
        "MALICIOUS": 0,
        "SANE": 0,
        "VALID": 0,
        "total": 100.07357783350774
    }
}