{
    "counter": {
        "ACTIVE": 1403,
        "INACTIVE": 2,
        "INVALID": 0,
        "MALICIOUS": 0,
        "SANE": 0,
        "VALID": 0,
        "total": 1405
    },
    "percentage": {
        "ACTIVE": 99.85765124555161,
        "INACTIVE": 1.3157894736842106,
        "INVALID": 0,
        "MALICIOUS": 0,
        "SANE": 0,
        "VALID": 0,
        "total": 101.17344071923581
    }
}