{
    "counter": {
        "ACTIVE": 983,
        "INACTIVE": 1,
        "INVALID": 0,
        "MALICIOUS": 0,
        "SANE": 0,
        "VALID": 0,
        "total": 984
    },
    "percentage": {
        "ACTIVE": 99.89837398373983,
        "INACTIVE": 0.22172949002217296,
        "INVALID": 0,
        "MALICIOUS": 0,
        "SANE": 0,
        "VALID": 0,
        "total": 100.120103473762
    }
}