{
    "counter": {
        "ACTIVE": 2831,
        "INACTIVE": 1,
        "INVALID": 0,
        "MALICIOUS": 0,
        "SANE": 0,
        "VALID": 0,
        "total": 2832
    },
    "percentage": {
        "ACTIVE": 99.96468926553672,
        "INACTIVE": 0.5555555555555556,
        "INVALID": 0,
        "MALICIOUS": 0,
        "SANE": 0,
        "VALID": 0,
        "total": 100.52024482109228
    }
}