{
    "counter": {
        "ACTIVE": 1797,
        "INACTIVE": 2,
        "INVALID": 0,
        "MALICIOUS": 0,
        "SANE": 0,
        "VALID": 0,
        "total": 1799
    },
    "percentage": {
        "ACTIVE": 99.88882712618121,
        "INACTIVE": 0.12468827930174564,
        "INVALID": 0,
        "MALICIOUS": 0,
        "SANE": 0,
        "VALID": 0,
        "total": 100.01351540548296
    }
}