{
    "counter": {
        "ACTIVE": 671,
        "INACTIVE": 2,
        "INVALID": 0,
        "MALICIOUS": 0,
        "SANE": 0,
        "VALID": 0,
        "total": 673
    },
    "percentage": {
        "ACTIVE": 99.70282317979198,
        "INACTIVE": 1.183431952662722,
        "INVALID": 0,
        "MALICIOUS": 0,
        "SANE": 0,
        "VALID": 0,
        "total": 100.88625513245469
    }
}