{
    "counter": {
        "ACTIVE": 1868,
        "INACTIVE": 5,
        "INVALID": 0,
        "MALICIOUS": 0,
        "SANE": 0,
        "VALID": 0,
        "total": 1873
    },
    "percentage": {
        "ACTIVE": 99.7330485851575,
        "INACTIVE": 0.328515111695138,
        "INVALID": 0,
        "MALICIOUS": 0,
        "SANE": 0,
        "VALID": 0,
        "total": 100.06156369685264
    }
}