{
    "counter": {
        "ACTIVE": 2307,
        "INACTIVE": 2,
        "INVALID": 0,
        "MALICIOUS": 0,
        "SANE": 0,
        "VALID": 0,
        "total": 2309
    },
    "percentage": {
        "ACTIVE": 99.91338241663058,
        "INACTIVE": 0.10085728693898134,
        "INVALID": 0,
        "MALICIOUS": 0,
        "SANE": 0,
        "VALID": 0,
        "total": 100.01423970356956
    }
}