{
    "counter": {
        "ACTIVE": 321,
        "INACTIVE": 1,
        "INVALID": 0,
        "MALICIOUS": 0,
        "SANE": 0,
        "VALID": 0,
        "total": 322
    },
    "percentage": {
        "ACTIVE": 99.68944099378882,
        "INACTIVE": 0.819672131147541,
        "INVALID": 0,
        "MALICIOUS": 0,
        "SANE": 0,
        "VALID": 0,
        "total": 100.50911312493636
    }
}