{
    "counter": {
        "ACTIVE": 1907,
        "INACTIVE": 34,
        "INVALID": 0,
        "MALICIOUS": 0,
        "SANE": 0,
        "VALID": 0,
        "total": 1941
    },
    "percentage": {
        "ACTIVE": 98.24832560535806,
        "INACTIVE": 1.8181818181818181,
        "INVALID": 0,
        "MALICIOUS": 0,
        "SANE": 0,
        "VALID": 0,
        "total": 100.06650742353987
    }
}