{
    "counter": {
        "ACTIVE": 1894,
        "INACTIVE": 2,
        "INVALID": 0,
        "MALICIOUS": 0,
        "SANE": 0,
        "VALID": 0,
        "total": 1896
    },
    "percentage": {
        "ACTIVE": 99.89451476793249,
        "INACTIVE": 0.12755102040816327,
        "INVALID": 0,
        "MALICIOUS": 0,
        "SANE": 0,
        "VALID": 0,
        "total": 100.02206578834065
    }
}