{
    "counter": {
        "ACTIVE": 1200,
        "INACTIVE": 1,
        "INVALID": 0,
        "MALICIOUS": 0,
        "SANE": 0,
        "VALID": 0,
        "total": 1201
    },
    "percentage": {
        "ACTIVE": 99.91673605328893,
        "INACTIVE": 0.704225352112676,
        "INVALID": 0,
        "MALICIOUS": 0,
        "SANE": 0,
        "VALID": 0,
        "total": 100.6209614054016
    }
}