{
    "counter": {
        "ACTIVE": 2333,
        "INACTIVE": 4,
        "INVALID": 0,
        "MALICIOUS": 0,
        "SANE": 0,
        "VALID": 0,
        "total": 2337
    },
    "percentage": {
        "ACTIVE": 99.8288403936671,
        "INACTIVE": 0.29985007496251875,
        "INVALID": 0,
        "MALICIOUS": 0,
        "SANE": 0,
        "VALID": 0,
        "total": 100.12869046862961
    }
}