{
    "counter": {
        "ACTIVE": 1040,
        "INACTIVE": 2,
        "INVALID": 0,
        "MALICIOUS": 0,
        "SANE": 0,
        "VALID": 0,
        "total": 1042
    },
    "percentage": {
        "ACTIVE": 99.8080614203455,
        "INACTIVE": 0.2361275088547816,
        "INVALID": 0,
        "MALICIOUS": 0,
        "SANE": 0,
        "VALID": 0,
        "total": 100.04418892920027
    }
}