{
    "counter": {
        "ACTIVE": 1011,
        "INACTIVE": 4,
        "INVALID": 0,
        "MALICIOUS": 0,
        "SANE": 0,
        "VALID": 0,
        "total": 1015
    },
    "percentage": {
        "ACTIVE": 99.70414201183432,
        "INACTIVE": 0.39408866995073893,
        "INVALID": 0,
        "MALICIOUS": 0,
        "SANE": 0,
        "VALID": 0,
        "total": 100.09823068178505
    }
}