{
    "counter": {
        "ACTIVE": 192,
        "INACTIVE": 10,
        "INVALID": 0,
        "MALICIOUS": 0,
        "SANE": 0,
        "VALID": 0,
        "total": 202
    },
    "percentage": {
        "ACTIVE": 95.04950495049505,
        "INACTIVE": 5.714285714285714,
        "INVALID": 0,
        "MALICIOUS": 0,
        "SANE": 0,
        "VALID": 0,
        "total": 100.76379066478076
    }
}