{
    "counter": {
        "ACTIVE": 1911,
        "INACTIVE": 1,
        "INVALID": 0,
        "MALICIOUS": 0,
        "SANE": 0,
        "VALID": 0,
        "total": 1912
    },
    "percentage": {
        "ACTIVE": 99.94769874476988,
        "INACTIVE": 0.0859106529209622,
        "INVALID": 0,
        "MALICIOUS": 0,
        "SANE": 0,
        "VALID": 0,
        "total": 100.03360939769084
    }
}