{
    "counter": {
        "ACTIVE": 516,
        "INACTIVE": 2,
        "INVALID": 0,
        "MALICIOUS": 0,
        "SANE": 0,
        "VALID": 0,
        "total": 518
    },
    "percentage": {
        "ACTIVE": 99.61389961389962,
        "INACTIVE": 0.40899795501022496,
        "INVALID": 0,
        "MALICIOUS": 0,
        "SANE": 0,
        "VALID": 0,
        "total": 100.02289756890984
    }
}