{
    "counter": {
        "ACTIVE": 1249,
        "INACTIVE": 2,
        "INVALID": 0,
        "MALICIOUS": 0,
        "SANE": 0,
        "VALID": 0,
        "total": 1251
    },
    "percentage": {
        "ACTIVE": 99.84012789768185,
        "INACTIVE": 0.1863932898415657,
        "INVALID": 0,
        "MALICIOUS": 0,
        "SANE": 0,
        "VALID": 0,
        "total": 100.02652118752341
    }
}