{
    "counter": {
        "ACTIVE": 688,
        "INACTIVE": 1,
        "INVALID": 0,
        "MALICIOUS": 0,
        "SANE": 0,
        "VALID": 0,
        "total": 689
    },
    "percentage": {
        "ACTIVE": 99.85486211901306,
        "INACTIVE": 2.2222222222222223,
        "INVALID": 0,
        "MALICIOUS": 0,
        "SANE": 0,
        "VALID": 0,
        "total": 102.07708434123529
    }
}