{
    "counter": {
        "ACTIVE": 1673,
        "INACTIVE": 3,
        "INVALID": 0,
        "MALICIOUS": 0,
        "SANE": 0,
        "VALID": 0,
        "total": 1676
    },
    "percentage": {
        "ACTIVE": 99.82100238663485,
        "INACTIVE": 0.2798507462686567,
        "INVALID": 0,
        "MALICIOUS": 0,
        "SANE": 0,
        "VALID": 0,
        "total": 100.1008531329035
    }
}