{
    "counter": {
        "ACTIVE": 894,
        "INACTIVE": 3,
        "INVALID": 0,
        "MALICIOUS": 0,
        "SANE": 0,
        "VALID": 0,
        "total": 897
    },
    "percentage": {
        "ACTIVE": 99.66555183946488,
        "INACTIVE": 0.4838709677419355,
        "INVALID": 0,
        "MALICIOUS": 0,
        "SANE": 0,
        "VALID": 0,
        "total": 100.14942280720682
    }
}