{
    "counter": {
        "ACTIVE": 2243,
        "INACTIVE": 2,
        "INVALID": 0,
        "MALICIOUS": 0,
        "SANE": 0,
        "VALID": 0,
        "total": 2245
    },
    "percentage": {
        "ACTIVE": 99.9109131403118,
        "INACTIVE": 0.08984725965858041,
        "INVALID": 0,
        "MALICIOUS": 0,
        "SANE": 0,
        "VALID": 0,
        "total": 100.00076039997039
    }
}