{
    "counter": {
        "ACTIVE": 611,
        "INACTIVE": 1,
        "INVALID": 0,
        "MALICIOUS": 0,
        "SANE": 0,
        "VALID": 0,
        "total": 612
    },
    "percentage": {
        "ACTIVE": 99.83660130718954,
        "INACTIVE": 2.6315789473684212,
        "INVALID": 0,
        "MALICIOUS": 0,
        "SANE": 0,
        "VALID": 0,
        "total": 102.46818025455796
    }
}