{
    "counter": {
        "ACTIVE": 2211,
        "INACTIVE": 1,
        "INVALID": 0,
        "MALICIOUS": 0,
        "SANE": 0,
        "VALID": 0,
        "total": 2212
    },
    "percentage": {
        "ACTIVE": 99.95479204339964,
        "INACTIVE": 0.4784688995215311,
        "INVALID": 0,
        "MALICIOUS": 0,
        "SANE": 0,
        "VALID": 0,
        "total": 100.43326094292117
    }
}