{
    "counter": {
        "ACTIVE": 760,
        "INACTIVE": 2,
        "INVALID": 0,
        "MALICIOUS": 0,
        "SANE": 0,
        "VALID": 0,
        "total": 762
    },
    "percentage": {
        "ACTIVE": 99.73753280839895,
        "INACTIVE": 5.2631578947368425,
        "INVALID": 0,
        "MALICIOUS": 0,
        "SANE": 0,
        "VALID": 0,
        "total": 105.0006907031358
    }
}