{
    "counter": {
        "ACTIVE": 1318,
        "INACTIVE": 1,
        "INVALID": 0,
        "MALICIOUS": 0,
        "SANE": 0,
        "VALID": 0,
        "total": 1319
    },
    "percentage": {
        "ACTIVE": 99.92418498862774,
        "INACTIVE": 0.3436426116838488,
        "INVALID": 0,
        "MALICIOUS": 0,
        "SANE": 0,
        "VALID": 0,
        "total": 100.26782760031159
    }
}