{
    "counter": {
        "ACTIVE": 1340,
        "INACTIVE": 3,
        "INVALID": 0,
        "MALICIOUS": 0,
        "SANE": 0,
        "VALID": 0,
        "total": 1343
    },
    "percentage": {
        "ACTIVE": 99.77661950856292,
        "INACTIVE": 0.2798507462686567,
        "INVALID": 0,
        "MALICIOUS": 0,
        "SANE": 0,
        "VALID": 0,
        "total": 100.05647025483157
    }
}