{
    "counter": {
        "ACTIVE": 1397,
        "INACTIVE": 2,
        "INVALID": 0,
        "MALICIOUS": 0,
        "SANE": 0,
        "VALID": 0,
        "total": 1399
    },
    "percentage": {
        "ACTIVE": 99.85704074338814,
        "INACTIVE": 0.5167958656330749,
        "INVALID": 0,
        "MALICIOUS": 0,
        "SANE": 0,
        "VALID": 0,
        "total": 100.37383660902121
    }
}