{
    "counter": {
        "ACTIVE": 1753,
        "INACTIVE": 2,
        "INVALID": 0,
        "MALICIOUS": 0,
        "SANE": 0,
        "VALID": 0,
        "total": 1755
    },
    "percentage": {
        "ACTIVE": 99.88603988603988,
        "INACTIVE": 0.22935779816513763,
        "INVALID": 0,
        "MALICIOUS": 0,
        "SANE": 0,
        "VALID": 0,
        "total": 100.11539768420502
    }
}