{
    "counter": {
        "ACTIVE": 1726,
        "INACTIVE": 1,
        "INVALID": 0,
        "MALICIOUS": 0,
        "SANE": 0,
        "VALID": 0,
        "total": 1727
    },
    "percentage": {
        "ACTIVE": 99.94209612044007,
        "INACTIVE": 1.1627906976744187,
        "INVALID": 0,
        "MALICIOUS": 0,
        "SANE": 0,
        "VALID": 0,
        "total": 101.1048868181145
    }
}