{
    "counter": {
        "ACTIVE": 1926,
        "INACTIVE": 3,
        "INVALID": 0,
        "MALICIOUS": 0,
        "SANE": 0,
        "VALID": 0,
        "total": 1929
    },
    "percentage": {
        "ACTIVE": 99.84447900466563,
        "INACTIVE": 0.21645021645021645,
        "INVALID": 0,
        "MALICIOUS": 0,
        "SANE": 0,
        "VALID": 0,
        "total": 100.06092922111584
    }
}