{
    "counter": {
        "ACTIVE": 2173,
        "INACTIVE": 4,
        "INVALID": 0,
        "MALICIOUS": 0,
        "SANE": 0,
        "VALID": 0,
        "total": 2177
    },
    "percentage": {
        "ACTIVE": 99.8162609095085,
        "INACTIVE": 0.2348796241926013,
        "INVALID": 0,
        "MALICIOUS": 0,
        "SANE": 0,
        "VALID": 0,
        "total": 100.0511405337011
    }
}