{
    "counter": {
        "ACTIVE": 877,
        "INACTIVE": 1,
        "INVALID": 0,
        "MALICIOUS": 0,
        "SANE": 0,
        "VALID": 0,
        "total": 878
    },
    "percentage": {
        "ACTIVE": 99.8861047835991,
        "INACTIVE": 0.6622516556291391,
        "INVALID": 0,
        "MALICIOUS": 0,
        "SANE": 0,
        "VALID": 0,
        "total": 100.54835643922823
    }
}