{
    "counter": {
        "ACTIVE": 2320,
        "INACTIVE": 3,
        "INVALID": 0,
        "MALICIOUS": 0,
        "SANE": 0,
        "VALID": 0,
        "total": 2323
    },
    "percentage": {
        "ACTIVE": 99.87085665088247,
        "INACTIVE": 0.13410818059901655,
        "INVALID": 0,
        "MALICIOUS": 0,
        "SANE": 0,
        "VALID": 0,
        "total": 100.00496483148149
    }
}