{
    "counter": {
        "ACTIVE": 2179,
        "INACTIVE": 1,
        "INVALID": 0,
        "MALICIOUS": 0,
        "SANE": 0,
        "VALID": 0,
        "total": 2180
    },
    "percentage": {
        "ACTIVE": 99.95412844036697,
        "INACTIVE": 0.11723329425556858,
        "INVALID": 0,
        "MALICIOUS": 0,
        "SANE": 0,
        "VALID": 0,
        "total": 100.07136173462254
    }
}