{
    "counter": {
        "ACTIVE": 979,
        "INACTIVE": 3,
        "INVALID": 0,
        "MALICIOUS": 0,
        "SANE": 0,
        "VALID": 0,
        "total": 982
    },
    "percentage": {
        "ACTIVE": 99.69450101832994,
        "INACTIVE": 0.3740648379052369,
        "INVALID": 0,
        "MALICIOUS": 0,
        "SANE": 0,
        "VALID": 0,
        "total": 100.06856585623518
    }
}