{
    "counter": {
        "ACTIVE": 2181,
        "INACTIVE": 4,
        "INVALID": 0,
        "MALICIOUS": 0,
        "SANE": 0,
        "VALID": 0,
        "total": 2185
    },
    "percentage": {
        "ACTIVE": 99.81693363844394,
        "INACTIVE": 0.33030553261767137,
        "INVALID": 0,
        "MALICIOUS": 0,
        "SANE": 0,
        "VALID": 0,
        "total": 100.14723917106161
    }
}