{
    "counter": {
        "ACTIVE": 1801,
        "INACTIVE": 1,
        "INVALID": 0,
        "MALICIOUS": 0,
        "SANE": 0,
        "VALID": 0,
        "total": 1802
    },
    "percentage": {
        "ACTIVE": 99.94450610432852,
        "INACTIVE": 0.08960573476702509,
        "INVALID": 0,
        "MALICIOUS": 0,
        "SANE": 0,
        "VALID": 0,
        "total": 100.03411183909554
    }
}