{
    "counter": {
        "ACTIVE": 3176,
        "INACTIVE": 15,
        "INVALID": 0,
        "MALICIOUS": 0,
        "SANE": 0,
        "VALID": 0,
        "total": 3191
    },
    "percentage": {
        "ACTIVE": 99.52992792228142,
        "INACTIVE": 0.48293625241468124,
        "INVALID": 0,
        "MALICIOUS": 0,
        "SANE": 0,
        "VALID": 0,
        "total": 100.01286417469609
    }
}