{
    "counter": {
        "ACTIVE": 921,
        "INACTIVE": 1,
        "INVALID": 0,
        "MALICIOUS": 0,
        "SANE": 0,
        "VALID": 0,
        "total": 922
    },
    "percentage": {
        "ACTIVE": 99.89154013015184,
        "INACTIVE": 0.22988505747126436,
        "INVALID": 0,
        "MALICIOUS": 0,
        "SANE": 0,
        "VALID": 0,
        "total": 100.1214251876231
    }
}