{
    "counter": {
        "ACTIVE": 703,
        "INACTIVE": 2,
        "INVALID": 0,
        "MALICIOUS": 0,
        "SANE": 0,
        "VALID": 0,
        "total": 705
    },
    "percentage": {
        "ACTIVE": 99.71631205673759,
        "INACTIVE": 0.5263157894736842,
        "INVALID": 0,
        "MALICIOUS": 0,
        "SANE": 0,
        "VALID": 0,
        "total": 100.24262784621128
    }
}