{
    "counter": {
        "ACTIVE": 1866,
        "INACTIVE": 2,
        "INVALID": 0,
        "MALICIOUS": 0,
        "SANE": 0,
        "VALID": 0,
        "total": 1868
    },
    "percentage": {
        "ACTIVE": 99.89293361884368,
        "INACTIVE": 0.1265022137887413,
        "INVALID": 0,
        "MALICIOUS": 0,
        "SANE": 0,
        "VALID": 0,
        "total": 100.01943583263242
    }
}