{
    "counter": {
        "ACTIVE": 2200,
        "INACTIVE": 1,
        "INVALID": 0,
        "MALICIOUS": 0,
        "SANE": 0,
        "VALID": 0,
        "total": 2201
    },
    "percentage": {
        "ACTIVE": 99.95456610631531,
        "INACTIVE": 0.056338028169014086,
        "INVALID": 0,
        "MALICIOUS": 0,
        "SANE": 0,
        "VALID": 0,
        "total": 100.01090413448432
    }
}