{
    "counter": {
        "ACTIVE": 2830,
        "INACTIVE": 2,
        "INVALID": 0,
        "MALICIOUS": 0,
        "SANE": 0,
        "VALID": 0,
        "total": 2832
    },
    "percentage": {
        "ACTIVE": 99.92937853107344,
        "INACTIVE": 0.1488095238095238,
        "INVALID": 0,
        "MALICIOUS": 0,
        "SANE": 0,
        "VALID": 0,
        "total": 100.07818805488296
    }
}