{
    "counter": {
        "ACTIVE": 2004,
        "INACTIVE": 2,
        "INVALID": 0,
        "MALICIOUS": 0,
        "SANE": 0,
        "VALID": 0,
        "total": 2006
    },
    "percentage": {
        "ACTIVE": 99.90029910269192,
        "INACTIVE": 0.8620689655172413,
        "INVALID": 0,
        "MALICIOUS": 0,
        "SANE": 0,
        "VALID": 0,
        "total": 100.76236806820916
    }
}