{
    "counter": {
        "ACTIVE": 1607,
        "INACTIVE": 1,
        "INVALID": 0,
        "MALICIOUS": 0,
        "SANE": 0,
        "VALID": 0,
        "total": 1608
    },
    "percentage": {
        "ACTIVE": 99.93781094527363,
        "INACTIVE": 0.08960573476702509,
        "INVALID": 0,
        "MALICIOUS": 0,
        "SANE": 0,
        "VALID": 0,
        "total": 100.02741668004064
    }
}