{
    "counter": {
        "ACTIVE": 1223,
        "INACTIVE": 3,
        "INVALID": 0,
        "MALICIOUS": 0,
        "SANE": 0,
        "VALID": 0,
        "total": 1226
    },
    "percentage": {
        "ACTIVE": 99.7553017944535,
        "INACTIVE": 0.30832476875642345,
        "INVALID": 0,
        "MALICIOUS": 0,
        "SANE": 0,
        "VALID": 0,
        "total": 100.06362656320992
    }
}