{
    "counter": {
        "ACTIVE": 2765,
        "INACTIVE": 1,
        "INVALID": 0,
        "MALICIOUS": 0,
        "SANE": 0,
        "VALID": 0,
        "total": 2766
    },
    "percentage": {
        "ACTIVE": 99.96384671005062,
        "INACTIVE": 1.1764705882352942,
        "INVALID": 0,
        "MALICIOUS": 0,
        "SANE": 0,
        "VALID": 0,
        "total": 101.14031729828591
    }
}