{
    "counter": {
        "ACTIVE": 1930,
        "INACTIVE": 5,
        "INVALID": 0,
        "MALICIOUS": 0,
        "SANE": 0,
        "VALID": 0,
        "total": 1935
    },
    "percentage": {
        "ACTIVE": 99.74160206718346,
        "INACTIVE": 0.27624309392265195,
        "INVALID": 0,
        "MALICIOUS": 0,
        "SANE": 0,
        "VALID": 0,
        "total": 100.01784516110612
    }
}