{
    "counter": {
        "ACTIVE": 3204,
        "INACTIVE": 1,
        "INVALID": 0,
        "MALICIOUS": 0,
        "SANE": 0,
        "VALID": 0,
        "total": 3205
    },
    "percentage": {
        "ACTIVE": 99.96879875195008,
        "INACTIVE": 0.037397157816005985,
        "INVALID": 0,
        "MALICIOUS": 0,
        "SANE": 0,
        "VALID": 0,
        "total": 100.00619590976608
    }
}