{
    "counter": {
        "ACTIVE": 641,
        "INACTIVE": 1,
        "INVALID": 0,
        "MALICIOUS": 0,
        "SANE": 0,
        "VALID": 0,
        "total": 642
    },
    "percentage": {
        "ACTIVE": 99.84423676012462,
        "INACTIVE": 0.16835016835016836,
        "INVALID": 0,
        "MALICIOUS": 0,
        "SANE": 0,
        "VALID": 0,
        "total": 100.01258692847479
    }
}