{
    "counter": {
        "ACTIVE": 1144,
        "INACTIVE": 2,
        "INVALID": 0,
        "MALICIOUS": 0,
        "SANE": 0,
        "VALID": 0,
        "total": 1146
    },
    "percentage": {
        "ACTIVE": 99.82547993019197,
        "INACTIVE": 0.5089058524173028,
        "INVALID": 0,
        "MALICIOUS": 0,
        "SANE": 0,
        "VALID": 0,
        "total": 100.33438578260927
    }
}