{
    "counter": {
        "ACTIVE": 1442,
        "INACTIVE": 3,
        "INVALID": 0,
        "MALICIOUS": 0,
        "SANE": 0,
        "VALID": 0,
        "total": 1445
    },
    "percentage": {
        "ACTIVE": 99.7923875432526,
        "INACTIVE": 0.31347962382445144,
        "INVALID": 0,
        "MALICIOUS": 0,
        "SANE": 0,
        "VALID": 0,
        "total": 100.10586716707705
    }
}