{
    "counter": {
        "ACTIVE": 2129,
        "INACTIVE": 1,
        "INVALID": 0,
        "MALICIOUS": 0,
        "SANE": 0,
        "VALID": 0,
        "total": 2130
    },
    "percentage": {
        "ACTIVE": 99.9530516431925,
        "INACTIVE": 4.3478260869565215,
        "INVALID": 0,
        "MALICIOUS": 0,
        "SANE": 0,
        "VALID": 0,
        "total": 104.30087773014901
    }
}