{
    "counter": {
        "ACTIVE": 2061,
        "INACTIVE": 1,
        "INVALID": 0,
        "MALICIOUS": 0,
        "SANE": 0,
        "VALID": 0,
        "total": 2062
    },
    "percentage": {
        "ACTIVE": 99.95150339476237,
        "INACTIVE": 0.8130081300813008,
        "INVALID": 0,
        "MALICIOUS": 0,
        "SANE": 0,
        "VALID": 0,
        "total": 100.76451152484367
    }
}