{
    "counter": {
        "ACTIVE": 2301,
        "INACTIVE": 7,
        "INVALID": 0,
        "MALICIOUS": 0,
        "SANE": 0,
        "VALID": 0,
        "total": 2308
    },
    "percentage": {
        "ACTIVE": 99.69670710571924,
        "INACTIVE": 0.31746031746031744,
        "INVALID": 0,
        "MALICIOUS": 0,
        "SANE": 0,
        "VALID": 0,
        "total": 100.01416742317956
    }
}