{
    "counter": {
        "ACTIVE": 1515,
        "INACTIVE": 5,
        "INVALID": 0,
        "MALICIOUS": 0,
        "SANE": 0,
        "VALID": 0,
        "total": 1520
    },
    "percentage": {
        "ACTIVE": 99.67105263157895,
        "INACTIVE": 0.4355400696864111,
        "INVALID": 0,
        "MALICIOUS": 0,
        "SANE": 0,
        "VALID": 0,
        "total": 100.10659270126536
    }
}