{
    "counter": {
        "ACTIVE": 1411,
        "INACTIVE": 2,
        "INVALID": 0,
        "MALICIOUS": 0,
        "SANE": 0,
        "VALID": 0,
        "total": 1413
    },
    "percentage": {
        "ACTIVE": 99.85845718329794,
        "INACTIVE": 0.14903129657228018,
        "INVALID": 0,
        "MALICIOUS": 0,
        "SANE": 0,
        "VALID": 0,
        "total": 100.00748847987022
    }
}