{
    "counter": {
        "ACTIVE": 1558,
        "INACTIVE": 1,
        "INVALID": 0,
        "MALICIOUS": 0,
        "SANE": 0,
        "VALID": 0,
        "total": 1559
    },
    "percentage": {
        "ACTIVE": 99.93585631815266,
        "INACTIVE": 0.5076142131979695,
        "INVALID": 0,
        "MALICIOUS": 0,
        "SANE": 0,
        "VALID": 0,
        "total": 100.44347053135063
    }
}