{
    "counter": {
        "ACTIVE": 2312,
        "INACTIVE": 3,
        "INVALID": 0,
        "MALICIOUS": 0,
        "SANE": 0,
        "VALID": 0,
        "total": 2315
    },
    "percentage": {
        "ACTIVE": 99.87041036717062,
        "INACTIVE": 0.18963337547408343,
        "INVALID": 0,
        "MALICIOUS": 0,
        "SANE": 0,
        "VALID": 0,
        "total": 100.06004374264471
    }
}