{
    "counter": {
        "ACTIVE": 2012,
        "INACTIVE": 1,
        "INVALID": 0,
        "MALICIOUS": 0,
        "SANE": 0,
        "VALID": 0,
        "total": 2013
    },
    "percentage": {
        "ACTIVE": 99.95032290114257,
        "INACTIVE": 0.10810810810810811,
        "INVALID": 0,
        "MALICIOUS": 0,
        "SANE": 0,
        "VALID": 0,
        "total": 100.05843100925068
    }
}