{
    "counter": {
        "ACTIVE": 1605,
        "INACTIVE": 2,
        "INVALID": 0,
        "MALICIOUS": 0,
        "SANE": 0,
        "VALID": 0,
        "total": 1607
    },
    "percentage": {
        "ACTIVE": 99.87554449284382,
        "INACTIVE": 1.1173184357541899,
        "INVALID": 0,
        "MALICIOUS": 0,
        "SANE": 0,
        "VALID": 0,
        "total": 100.992862928598
    }
}