{
    "counter": {
        "ACTIVE": 2042,
        "INACTIVE": 3,
        "INVALID": 0,
        "MALICIOUS": 0,
        "SANE": 0,
        "VALID": 0,
        "total": 2045
    },
    "percentage": {
        "ACTIVE": 99.85330073349633,
        "INACTIVE": 0.3367003367003367,
        "INVALID": 0,
        "MALICIOUS": 0,
        "SANE": 0,
        "VALID": 0,
        "total": 100.19000107019666
    }
}