{
    "counter": {
        "ACTIVE": 1929,
        "INACTIVE": 11,
        "INVALID": 0,
        "MALICIOUS": 0,
        "SANE": 0,
        "VALID": 0,
        "total": 1940
    },
    "percentage": {
        "ACTIVE": 99.43298969072166,
        "INACTIVE": 0.7289595758780649,
        "INVALID": 0,
        "MALICIOUS": 0,
        "SANE": 0,
        "VALID": 0,
        "total": 100.16194926659972
    }
}