{
    "counter": {
        "ACTIVE": 1962,
        "INACTIVE": 3,
        "INVALID": 0,
        "MALICIOUS": 0,
        "SANE": 0,
        "VALID": 0,
        "total": 1965
    },
    "percentage": {
        "ACTIVE": 99.8473282442748,
        "INACTIVE": 0.31347962382445144,
        "INVALID": 0,
        "MALICIOUS": 0,
        "SANE": 0,
        "VALID": 0,
        "total": 100.16080786809925
    }
}