{
    "counter": {
        "ACTIVE": 348,
        "INACTIVE": 2,
        "INVALID": 0,
        "MALICIOUS": 0,
        "SANE": 0,
        "VALID": 0,
        "total": 350
    },
    "percentage": {
        "ACTIVE": 99.42857142857143,
        "INACTIVE": 1.5384615384615385,
        "INVALID": 0,
        "MALICIOUS": 0,
        "SANE": 0,
        "VALID": 0,
        "total": 100.96703296703296
    }
}