{
    "counter": {
        "ACTIVE": 1041,
        "INACTIVE": 1,
        "INVALID": 0,
        "MALICIOUS": 0,
        "SANE": 0,
        "VALID": 0,
        "total": 1042
    },
    "percentage": {
        "ACTIVE": 99.90403071017275,
        "INACTIVE": 0.2364066193853428,
        "INVALID": 0,
        "MALICIOUS": 0,
        "SANE": 0,
        "VALID": 0,
        "total": 100.1404373295581
    }
}