{
    "counter": {
        "ACTIVE": 360,
        "INACTIVE": 2,
        "INVALID": 0,
        "MALICIOUS": 0,
        "SANE": 0,
        "VALID": 0,
        "total": 362
    },
    "percentage": {
        "ACTIVE": 99.4475138121547,
        "INACTIVE": 1.3157894736842106,
        "INVALID": 0,
        "MALICIOUS": 0,
        "SANE": 0,
        "VALID": 0,
        "total": 100.7633032858389
    }
}