{
    "counter": {
        "ACTIVE": 2189,
        "INACTIVE": 1,
        "INVALID": 0,
        "MALICIOUS": 0,
        "SANE": 0,
        "VALID": 0,
        "total": 2190
    },
    "percentage": {
        "ACTIVE": 99.95433789954338,
        "INACTIVE": 0.5376344086021505,
        "INVALID": 0,
        "MALICIOUS": 0,
        "SANE": 0,
        "VALID": 0,
        "total": 100.49197230814552
    }
}