{
    "counter": {
        "ACTIVE": 1747,
        "INACTIVE": 3,
        "INVALID": 0,
        "MALICIOUS": 0,
        "SANE": 0,
        "VALID": 0,
        "total": 1750
    },
    "percentage": {
        "ACTIVE": 99.82857142857142,
        "INACTIVE": 0.2944062806673209,
        "INVALID": 0,
        "MALICIOUS": 0,
        "SANE": 0,
        "VALID": 0,
        "total": 100.12297770923874
    }
}