{
    "counter": {
        "ACTIVE": 1562,
        "INACTIVE": 3,
        "INVALID": 0,
        "MALICIOUS": 0,
        "SANE": 0,
        "VALID": 0,
        "total": 1565
    },
    "percentage": {
        "ACTIVE": 99.80830670926518,
        "INACTIVE": 0.30364372469635625,
        "INVALID": 0,
        "MALICIOUS": 0,
        "SANE": 0,
        "VALID": 0,
        "total": 100.11195043396154
    }
}