{
    "counter": {
        "ACTIVE": 714,
        "INACTIVE": 3,
        "INVALID": 0,
        "MALICIOUS": 0,
        "SANE": 0,
        "VALID": 0,
        "total": 717
    },
    "percentage": {
        "ACTIVE": 99.581589958159,
        "INACTIVE": 0.4838709677419355,
        "INVALID": 0,
        "MALICIOUS": 0,
        "SANE": 0,
        "VALID": 0,
        "total": 100.06546092590094
    }
}