{
    "counter": {
        "ACTIVE": 1114,
        "INACTIVE": 1,
        "INVALID": 0,
        "MALICIOUS": 0,
        "SANE": 0,
        "VALID": 0,
        "total": 1115
    },
    "percentage": {
        "ACTIVE": 99.91031390134529,
        "INACTIVE": 1.1627906976744187,
        "INVALID": 0,
        "MALICIOUS": 0,
        "SANE": 0,
        "VALID": 0,
        "total": 101.07310459901971
    }
}