{
    "counter": {
        "ACTIVE": 2194,
        "INACTIVE": 12,
        "INVALID": 0,
        "MALICIOUS": 0,
        "SANE": 0,
        "VALID": 0,
        "total": 2206
    },
    "percentage": {
        "ACTIVE": 99.45602901178604,
        "INACTIVE": 0.5497022446174988,
        "INVALID": 0,
        "MALICIOUS": 0,
        "SANE": 0,
        "VALID": 0,
        "total": 100.00573125640354
    }
}