{
    "counter": {
        "ACTIVE": 1577,
        "INACTIVE": 2,
        "INVALID": 0,
        "MALICIOUS": 0,
        "SANE": 0,
        "VALID": 0,
        "total": 1579
    },
    "percentage": {
        "ACTIVE": 99.87333755541482,
        "INACTIVE": 0.1384083044982699,
        "INVALID": 0,
        "MALICIOUS": 0,
        "SANE": 0,
        "VALID": 0,
        "total": 100.01174585991309
    }
}