{
    "counter": {
        "ACTIVE": 2187,
        "INACTIVE": 2,
        "INVALID": 0,
        "MALICIOUS": 0,
        "SANE": 0,
        "VALID": 0,
        "total": 2189
    },
    "percentage": {
        "ACTIVE": 99.90863407948835,
        "INACTIVE": 0.19900497512437812,
        "INVALID": 0,
        "MALICIOUS": 0,
        "SANE": 0,
        "VALID": 0,
        "total": 100.10763905461273
    }
}