{
    "counter": {
        "ACTIVE": 2003,
        "INACTIVE": 2,
        "INVALID": 0,
        "MALICIOUS": 0,
        "SANE": 0,
        "VALID": 0,
        "total": 2005
    },
    "percentage": {
        "ACTIVE": 99.9002493765586,
        "INACTIVE": 0.12468827930174564,
        "INVALID": 0,
        "MALICIOUS": 0,
        "SANE": 0,
        "VALID": 0,
        "total": 100.02493765586036
    }
}