{
    "counter": {
        "ACTIVE": 1327,
        "INACTIVE": 1,
        "INVALID": 0,
        "MALICIOUS": 0,
        "SANE": 0,
        "VALID": 0,
        "total": 1328
    },
    "percentage": {
        "ACTIVE": 99.92469879518072,
        "INACTIVE": 0.076103500761035,
        "INVALID": 0,
        "MALICIOUS": 0,
        "SANE": 0,
        "VALID": 0,
        "total": 100.00080229594175
    }
}