{
    "counter": {
        "ACTIVE": 1545,
        "INACTIVE": 2,
        "INVALID": 0,
        "MALICIOUS": 0,
        "SANE": 0,
        "VALID": 0,
        "total": 1547
    },
    "percentage": {
        "ACTIVE": 99.87071751777634,
        "INACTIVE": 0.37037037037037035,
        "INVALID": 0,
        "MALICIOUS": 0,
        "SANE": 0,
        "VALID": 0,
        "total": 100.24108788814671
    }
}