{
    "counter": {
        "ACTIVE": 1226,
        "INACTIVE": 2,
        "INVALID": 0,
        "MALICIOUS": 0,
        "SANE": 0,
        "VALID": 0,
        "total": 1228
    },
    "percentage": {
        "ACTIVE": 99.8371335504886,
        "INACTIVE": 0.2849002849002849,
        "INVALID": 0,
        "MALICIOUS": 0,
        "SANE": 0,
        "VALID": 0,
        "total": 100.12203383538889
    }
}