{
    "counter": {
        "ACTIVE": 1254,
        "INACTIVE": 1,
        "INVALID": 0,
        "MALICIOUS": 0,
        "SANE": 0,
        "VALID": 0,
        "total": 1255
    },
    "percentage": {
        "ACTIVE": 99.9203187250996,
        "INACTIVE": 0.09505703422053231,
        "INVALID": 0,
        "MALICIOUS": 0,
        "SANE": 0,
        "VALID": 0,
        "total": 100.01537575932014
    }
}