{
    "counter": {
        "ACTIVE": 1012,
        "INACTIVE": 4,
        "INVALID": 0,
        "MALICIOUS": 0,
        "SANE": 0,
        "VALID": 0,
        "total": 1016
    },
    "percentage": {
        "ACTIVE": 99.60629921259843,
        "INACTIVE": 0.9779951100244498,
        "INVALID": 0,
        "MALICIOUS": 0,
        "SANE": 0,
        "VALID": 0,
        "total": 100.58429432262288
    }
}