{
    "counter": {
        "ACTIVE": 1206,
        "INACTIVE": 3,
        "INVALID": 0,
        "MALICIOUS": 0,
        "SANE": 0,
        "VALID": 0,
        "total": 1209
    },
    "percentage": {
        "ACTIVE": 99.75186104218362,
        "INACTIVE": 0.32786885245901637,
        "INVALID": 0,
        "MALICIOUS": 0,
        "SANE": 0,
        "VALID": 0,
        "total": 100.07972989464264
    }
}