{
    "counter": {
        "ACTIVE": 356,
        "INACTIVE": 1,
        "INVALID": 0,
        "MALICIOUS": 0,
        "SANE": 0,
        "VALID": 0,
        "total": 357
    },
    "percentage": {
        "ACTIVE": 99.71988795518207,
        "INACTIVE": 2.2222222222222223,
        "INVALID": 0,
        "MALICIOUS": 0,
        "SANE": 0,
        "VALID": 0,
        "total": 101.9421101774043
    }
}