{
    "counter": {
        "ACTIVE": 1882,
        "INACTIVE": 1,
        "INVALID": 0,
        "MALICIOUS": 0,
        "SANE": 0,
        "VALID": 0,
        "total": 1883
    },
    "percentage": {
        "ACTIVE": 99.94689325544344,
        "INACTIVE": 0.12391573729863693,
        "INVALID": 0,
        "MALICIOUS": 0,
        "SANE": 0,
        "VALID": 0,
        "total": 100.07080899274207
    }
}