{
    "counter": {
        "ACTIVE": 2253,
        "INACTIVE": 3,
        "INVALID": 0,
        "MALICIOUS": 0,
        "SANE": 0,
        "VALID": 0,
        "total": 2256
    },
    "percentage": {
        "ACTIVE": 99.86702127659575,
        "INACTIVE": 0.17931858936043035,
        "INVALID": 0,
        "MALICIOUS": 0,
        "SANE": 0,
        "VALID": 0,
        "total": 100.04633986595618
    }
}