{
    "counter": {
        "ACTIVE": 1413,
        "INACTIVE": 1,
        "INVALID": 0,
        "MALICIOUS": 0,
        "SANE": 0,
        "VALID": 0,
        "total": 1414
    },
    "percentage": {
        "ACTIVE": 99.92927864214992,
        "INACTIVE": 0.07782101167315175,
        "INVALID": 0,
        "MALICIOUS": 0,
        "SANE": 0,
        "VALID": 0,
        "total": 100.00709965382308
    }
}