{
    "counter": {
        "ACTIVE": 2807,
        "INACTIVE": 4,
        "INVALID": 0,
        "MALICIOUS": 0,
        "SANE": 0,
        "VALID": 0,
        "total": 2811
    },
    "percentage": {
        "ACTIVE": 99.85770188545001,
        "INACTIVE": 0.15810276679841898,
        "INVALID": 0,
        "MALICIOUS": 0,
        "SANE": 0,
        "VALID": 0,
        "total": 100.01580465224843
    }
}