{
    "counter": {
        "ACTIVE": 1665,
        "INACTIVE": 4,
        "INVALID": 0,
        "MALICIOUS": 0,
        "SANE": 0,
        "VALID": 0,
        "total": 1669
    },
    "percentage": {
        "ACTIVE": 99.76033553025763,
        "INACTIVE": 0.26195153896529144,
        "INVALID": 0,
        "MALICIOUS": 0,
        "SANE": 0,
        "VALID": 0,
        "total": 100.02228706922293
    }
}