{
    "counter": {
        "ACTIVE": 2042,
        "INACTIVE": 1,
        "INVALID": 0,
        "MALICIOUS": 0,
        "SANE": 0,
        "VALID": 0,
        "total": 2043
    },
    "percentage": {
        "ACTIVE": 99.95105237395987,
        "INACTIVE": 0.07272727272727272,
        "INVALID": 0,
        "MALICIOUS": 0,
        "SANE": 0,
        "VALID": 0,
        "total": 100.02377964668715
    }
}