{
    "counter": {
        "ACTIVE": 830,
        "INACTIVE": 2,
        "INVALID": 0,
        "MALICIOUS": 0,
        "SANE": 0,
        "VALID": 0,
        "total": 832
    },
    "percentage": {
        "ACTIVE": 99.75961538461539,
        "INACTIVE": 0.5333333333333333,
        "INVALID": 0,
        "MALICIOUS": 0,
        "SANE": 0,
        "VALID": 0,
        "total": 100.29294871794872
    }
}