{
    "counter": {
        "ACTIVE": 687,
        "INACTIVE": 7,
        "INVALID": 0,
        "MALICIOUS": 0,
        "SANE": 0,
        "VALID": 0,
        "total": 694
    },
    "percentage": {
        "ACTIVE": 98.9913544668588,
        "INACTIVE": 1.192504258943782,
        "INVALID": 0,
        "MALICIOUS": 0,
        "SANE": 0,
        "VALID": 0,
        "total": 100.18385872580258
    }
}