{
    "counter": {
        "ACTIVE": 310,
        "INACTIVE": 1,
        "INVALID": 0,
        "MALICIOUS": 0,
        "SANE": 0,
        "VALID": 0,
        "total": 311
    },
    "percentage": {
        "ACTIVE": 99.67845659163987,
        "INACTIVE": 0.8333333333333334,
        "INVALID": 0,
        "MALICIOUS": 0,
        "SANE": 0,
        "VALID": 0,
        "total": 100.5117899249732
    }
}