{
    "counter": {
        "ACTIVE": 1668,
        "INACTIVE": 1,
        "INVALID": 0,
        "MALICIOUS": 0,
        "SANE": 0,
        "VALID": 0,
        "total": 1669
    },
    "percentage": {
        "ACTIVE": 99.94008388256441,
        "INACTIVE": 0.07776049766718507,
        "INVALID": 0,
        "MALICIOUS": 0,
        "SANE": 0,
        "VALID": 0,
        "total": 100.0178443802316
    }
}