{
    "counter": {
        "ACTIVE": 2189,
        "INACTIVE": 1,
        "INVALID": 0,
        "MALICIOUS": 0,
        "SANE": 0,
        "VALID": 0,
        "total": 2190
    },
    "percentage": {
        "ACTIVE": 99.95433789954338,
        "INACTIVE": 2.4390243902439024,
        "INVALID": 0,
        "MALICIOUS": 0,
        "SANE": 0,
        "VALID": 0,
        "total": 102.39336228978728
    }
}