{
    "counter": {
        "ACTIVE": 2341,
        "INACTIVE": 3,
        "INVALID": 0,
        "MALICIOUS": 0,
        "SANE": 0,
        "VALID": 0,
        "total": 2344
    },
    "percentage": {
        "ACTIVE": 99.87201365187714,
        "INACTIVE": 0.18773466833541927,
        "INVALID": 0,
        "MALICIOUS": 0,
        "SANE": 0,
        "VALID": 0,
        "total": 100.05974832021256
    }
}