{
    "counter": {
        "ACTIVE": 380,
        "INACTIVE": 1,
        "INVALID": 0,
        "MALICIOUS": 0,
        "SANE": 0,
        "VALID": 0,
        "total": 381
    },
    "percentage": {
        "ACTIVE": 99.73753280839895,
        "INACTIVE": 1.7543859649122806,
        "INVALID": 0,
        "MALICIOUS": 0,
        "SANE": 0,
        "VALID": 0,
        "total": 101.49191877331123
    }
}