{
    "counter": {
        "ACTIVE": 526,
        "INACTIVE": 1,
        "INVALID": 0,
        "MALICIOUS": 0,
        "SANE": 0,
        "VALID": 0,
        "total": 527
    },
    "percentage": {
        "ACTIVE": 99.81024667931689,
        "INACTIVE": 0.3389830508474576,
        "INVALID": 0,
        "MALICIOUS": 0,
        "SANE": 0,
        "VALID": 0,
        "total": 100.14922973016435
    }
}