{
    "counter": {
        "ACTIVE": 1982,
        "INACTIVE": 1,
        "INVALID": 0,
        "MALICIOUS": 0,
        "SANE": 0,
        "VALID": 0,
        "total": 1983
    },
    "percentage": {
        "ACTIVE": 99.94957135653051,
        "INACTIVE": 0.076103500761035,
        "INVALID": 0,
        "MALICIOUS": 0,
        "SANE": 0,
        "VALID": 0,
        "total": 100.02567485729155
    }
}