{
    "counter": {
        "ACTIVE": 1328,
        "INACTIVE": 1,
        "INVALID": 0,
        "MALICIOUS": 0,
        "SANE": 0,
        "VALID": 0,
        "total": 1329
    },
    "percentage": {
        "ACTIVE": 99.9247554552295,
        "INACTIVE": 0.07776049766718507,
        "INVALID": 0,
        "MALICIOUS": 0,
        "SANE": 0,
        "VALID": 0,
        "total": 100.00251595289669
    }
}