{
    "counter": {
        "ACTIVE": 1030,
        "INACTIVE": 1,
        "INVALID": 0,
        "MALICIOUS": 0,
        "SANE": 0,
        "VALID": 0,
        "total": 1031
    },
    "percentage": {
        "ACTIVE": 99.90300678952474,
        "INACTIVE": 0.3952569169960474,
        "INVALID": 0,
        "MALICIOUS": 0,
        "SANE": 0,
        "VALID": 0,
        "total": 100.29826370652079
    }
}