{
    "counter": {
        "ACTIVE": 1365,
        "INACTIVE": 1,
        "INVALID": 0,
        "MALICIOUS": 0,
        "SANE": 0,
        "VALID": 0,
        "total": 1366
    },
    "percentage": {
        "ACTIVE": 99.9267935578331,
        "INACTIVE": 0.12987012987012986,
        "INVALID": 0,
        "MALICIOUS": 0,
        "SANE": 0,
        "VALID": 0,
        "total": 100.05666368770322
    }
}