{
    "counter": {
        "ACTIVE": 1435,
        "INACTIVE": 2,
        "INVALID": 0,
        "MALICIOUS": 0,
        "SANE": 0,
        "VALID": 0,
        "total": 1437
    },
    "percentage": {
        "ACTIVE": 99.86082115518441,
        "INACTIVE": 0.272108843537415,
        "INVALID": 0,
        "MALICIOUS": 0,
        "SANE": 0,
        "VALID": 0,
        "total": 100.13292999872182
    }
}