{
    "counter": {
        "ACTIVE": 1543,
        "INACTIVE": 2,
        "INVALID": 0,
        "MALICIOUS": 0,
        "SANE": 0,
        "VALID": 0,
        "total": 1545
    },
    "percentage": {
        "ACTIVE": 99.8705501618123,
        "INACTIVE": 0.24906600249066002,
        "INVALID": 0,
        "MALICIOUS": 0,
        "SANE": 0,
        "VALID": 0,
        "total": 100.11961616430297
    }
}