{
    "counter": {
        "ACTIVE": 1961,
        "INACTIVE": 2,
        "INVALID": 0,
        "MALICIOUS": 0,
        "SANE": 0,
        "VALID": 0,
        "total": 1963
    },
    "percentage": {
        "ACTIVE": 99.8981151299032,
        "INACTIVE": 0.38461538461538464,
        "INVALID": 0,
        "MALICIOUS": 0,
        "SANE": 0,
        "VALID": 0,
        "total": 100.28273051451859
    }
}