{
    "counter": {
        "ACTIVE": 1649,
        "INACTIVE": 2,
        "INVALID": 0,
        "MALICIOUS": 0,
        "SANE": 0,
        "VALID": 0,
        "total": 1651
    },
    "percentage": {
        "ACTIVE": 99.87886129618413,
        "INACTIVE": 0.5434782608695652,
        "INVALID": 0,
        "MALICIOUS": 0,
        "SANE": 0,
        "VALID": 0,
        "total": 100.42233955705369
    }
}