{
    "counter": {
        "ACTIVE": 3162,
        "INACTIVE": 2,
        "INVALID": 0,
        "MALICIOUS": 0,
        "SANE": 0,
        "VALID": 0,
        "total": 3164
    },
    "percentage": {
        "ACTIVE": 99.93678887484197,
        "INACTIVE": 0.8547008547008547,
        "INVALID": 0,
        "MALICIOUS": 0,
        "SANE": 0,
        "VALID": 0,
        "total": 100.79148972954282
    }
}