{
    "counter": {
        "ACTIVE": 1371,
        "INACTIVE": 17,
        "INVALID": 0,
        "MALICIOUS": 0,
        "SANE": 0,
        "VALID": 0,
        "total": 1388
    },
    "percentage": {
        "ACTIVE": 98.77521613832853,
        "INACTIVE": 1.331245105716523,
        "INVALID": 0,
        "MALICIOUS": 0,
        "SANE": 0,
        "VALID": 0,
        "total": 100.10646124404505
    }
}