{
    "counter": {
        "ACTIVE": 1031,
        "INACTIVE": 2,
        "INVALID": 0,
        "MALICIOUS": 0,
        "SANE": 0,
        "VALID": 0,
        "total": 1033
    },
    "percentage": {
        "ACTIVE": 99.80638915779284,
        "INACTIVE": 0.47058823529411764,
        "INVALID": 0,
        "MALICIOUS": 0,
        "SANE": 0,
        "VALID": 0,
        "total": 100.27697739308695
    }
}