{
    "counter": {
        "ACTIVE": 2313,
        "INACTIVE": 1,
        "INVALID": 0,
        "MALICIOUS": 0,
        "SANE": 0,
        "VALID": 0,
        "total": 2314
    },
    "percentage": {
        "ACTIVE": 99.95678478824546,
        "INACTIVE": 0.046620046620046623,
        "INVALID": 0,
        "MALICIOUS": 0,
        "SANE": 0,
        "VALID": 0,
        "total": 100.0034048348655
    }
}