{
    "counter": {
        "ACTIVE": 2281,
        "INACTIVE": 3,
        "INVALID": 0,
        "MALICIOUS": 0,
        "SANE": 0,
        "VALID": 0,
        "total": 2284
    },
    "percentage": {
        "ACTIVE": 99.86865148861646,
        "INACTIVE": 0.17657445556209536,
        "INVALID": 0,
        "MALICIOUS": 0,
        "SANE": 0,
        "VALID": 0,
        "total": 100.04522594417855
    }
}