{
    "counter": {
        "ACTIVE": 1854,
        "INACTIVE": 3,
        "INVALID": 0,
        "MALICIOUS": 0,
        "SANE": 0,
        "VALID": 0,
        "total": 1857
    },
    "percentage": {
        "ACTIVE": 99.83844911147011,
        "INACTIVE": 0.17657445556209536,
        "INVALID": 0,
        "MALICIOUS": 0,
        "SANE": 0,
        "VALID": 0,
        "total": 100.0150235670322
    }
}