{
    "counter": {
        "ACTIVE": 1740,
        "INACTIVE": 3,
        "INVALID": 0,
        "MALICIOUS": 0,
        "SANE": 0,
        "VALID": 0,
        "total": 1743
    },
    "percentage": {
        "ACTIVE": 99.82788296041308,
        "INACTIVE": 0.228310502283105,
        "INVALID": 0,
        "MALICIOUS": 0,
        "SANE": 0,
        "VALID": 0,
        "total": 100.05619346269619
    }
}