{
    "counter": {
        "ACTIVE": 1594,
        "INACTIVE": 3,
        "INVALID": 0,
        "MALICIOUS": 0,
        "SANE": 0,
        "VALID": 0,
        "total": 1597
    },
    "percentage": {
        "ACTIVE": 99.81214777708203,
        "INACTIVE": 0.28653295128939826,
        "INVALID": 0,
        "MALICIOUS": 0,
        "SANE": 0,
        "VALID": 0,
        "total": 100.09868072837143
    }
}