{
    "counter": {
        "ACTIVE": 3206,
        "INACTIVE": 1,
        "INVALID": 0,
        "MALICIOUS": 0,
        "SANE": 0,
        "VALID": 0,
        "total": 3207
    },
    "percentage": {
        "ACTIVE": 99.96881821016527,
        "INACTIVE": 0.035373187124159884,
        "INVALID": 0,
        "MALICIOUS": 0,
        "SANE": 0,
        "VALID": 0,
        "total": 100.00419139728943
    }
}