{
    "counter": {
        "ACTIVE": 1771,
        "INACTIVE": 1,
        "INVALID": 0,
        "MALICIOUS": 0,
        "SANE": 0,
        "VALID": 0,
        "total": 1772
    },
    "percentage": {
        "ACTIVE": 99.94356659142213,
        "INACTIVE": 0.07782101167315175,
        "INVALID": 0,
        "MALICIOUS": 0,
        "SANE": 0,
        "VALID": 0,
        "total": 100.02138760309528
    }
}