{
    "counter": {
        "ACTIVE": 321,
        "INACTIVE": 1,
        "INVALID": 0,
        "MALICIOUS": 0,
        "SANE": 0,
        "VALID": 0,
        "total": 322
    },
    "percentage": {
        "ACTIVE": 99.68944099378882,
        "INACTIVE": 2.2222222222222223,
        "INVALID": 0,
        "MALICIOUS": 0,
        "SANE": 0,
        "VALID": 0,
        "total": 101.91166321601105
    }
}