{
    "counter": {
        "ACTIVE": 2102,
        "INACTIVE": 17,
        "INVALID": 0,
        "MALICIOUS": 0,
        "SANE": 0,
        "VALID": 0,
        "total": 2119
    },
    "percentage": {
        "ACTIVE": 99.19773478055687,
        "INACTIVE": 1.051980198019802,
        "INVALID": 0,
        "MALICIOUS": 0,
        "SANE": 0,
        "VALID": 0,
        "total": 100.24971497857668
    }
}