{
    "counter": {
        "ACTIVE": 1017,
        "INACTIVE": 2,
        "INVALID": 0,
        "MALICIOUS": 0,
        "SANE": 0,
        "VALID": 0,
        "total": 1019
    },
    "percentage": {
        "ACTIVE": 99.80372914622178,
        "INACTIVE": 0.34305317324185247,
        "INVALID": 0,
        "MALICIOUS": 0,
        "SANE": 0,
        "VALID": 0,
        "total": 100.14678231946364
    }
}