{
    "counter": {
        "ACTIVE": 2335,
        "INACTIVE": 2,
        "INVALID": 0,
        "MALICIOUS": 0,
        "SANE": 0,
        "VALID": 0,
        "total": 2337
    },
    "percentage": {
        "ACTIVE": 99.91442019683355,
        "INACTIVE": 0.10240655401945725,
        "INVALID": 0,
        "MALICIOUS": 0,
        "SANE": 0,
        "VALID": 0,
        "total": 100.016826750853
    }
}