{
    "counter": {
        "ACTIVE": 1533,
        "INACTIVE": 1,
        "INVALID": 0,
        "MALICIOUS": 0,
        "SANE": 0,
        "VALID": 0,
        "total": 1534
    },
    "percentage": {
        "ACTIVE": 99.9348109517601,
        "INACTIVE": 0.12987012987012986,
        "INVALID": 0,
        "MALICIOUS": 0,
        "SANE": 0,
        "VALID": 0,
        "total": 100.06468108163023
    }
}