{
    "counter": {
        "ACTIVE": 688,
        "INACTIVE": 2,
        "INVALID": 0,
        "MALICIOUS": 0,
        "SANE": 0,
        "VALID": 0,
        "total": 690
    },
    "percentage": {
        "ACTIVE": 99.71014492753623,
        "INACTIVE": 3.5714285714285716,
        "INVALID": 0,
        "MALICIOUS": 0,
        "SANE": 0,
        "VALID": 0,
        "total": 103.2815734989648
    }
}