{
    "counter": {
        "ACTIVE": 2321,
        "INACTIVE": 3,
        "INVALID": 0,
        "MALICIOUS": 0,
        "SANE": 0,
        "VALID": 0,
        "total": 2324
    },
    "percentage": {
        "ACTIVE": 99.8709122203098,
        "INACTIVE": 0.17152658662092624,
        "INVALID": 0,
        "MALICIOUS": 0,
        "SANE": 0,
        "VALID": 0,
        "total": 100.04243880693073
    }
}