{
    "counter": {
        "ACTIVE": 2343,
        "INACTIVE": 1,
        "INVALID": 0,
        "MALICIOUS": 0,
        "SANE": 0,
        "VALID": 0,
        "total": 2344
    },
    "percentage": {
        "ACTIVE": 99.95733788395904,
        "INACTIVE": 0.049164208456243856,
        "INVALID": 0,
        "MALICIOUS": 0,
        "SANE": 0,
        "VALID": 0,
        "total": 100.00650209241529
    }
}