{
    "counter": {
        "ACTIVE": 709,
        "INACTIVE": 1,
        "INVALID": 0,
        "MALICIOUS": 0,
        "SANE": 0,
        "VALID": 0,
        "total": 710
    },
    "percentage": {
        "ACTIVE": 99.85915492957747,
        "INACTIVE": 0.5376344086021505,
        "INVALID": 0,
        "MALICIOUS": 0,
        "SANE": 0,
        "VALID": 0,
        "total": 100.39678933817962
    }
}