{
    "counter": {
        "ACTIVE": 1206,
        "INACTIVE": 3,
        "INVALID": 0,
        "MALICIOUS": 0,
        "SANE": 0,
        "VALID": 0,
        "total": 1209
    },
    "percentage": {
        "ACTIVE": 99.75186104218362,
        "INACTIVE": 0.38461538461538464,
        "INVALID": 0,
        "MALICIOUS": 0,
        "SANE": 0,
        "VALID": 0,
        "total": 100.136476426799
    }
}