{
    "counter": {
        "ACTIVE": 1686,
        "INACTIVE": 2,
        "INVALID": 0,
        "MALICIOUS": 0,
        "SANE": 0,
        "VALID": 0,
        "total": 1688
    },
    "percentage": {
        "ACTIVE": 99.88151658767772,
        "INACTIVE": 0.12658227848101267,
        "INVALID": 0,
        "MALICIOUS": 0,
        "SANE": 0,
        "VALID": 0,
        "total": 100.00809886615873
    }
}