{
    "counter": {
        "ACTIVE": 2183,
        "INACTIVE": 4,
        "INVALID": 0,
        "MALICIOUS": 0,
        "SANE": 0,
        "VALID": 0,
        "total": 2187
    },
    "percentage": {
        "ACTIVE": 99.81710105166896,
        "INACTIVE": 0.42238648363252373,
        "INVALID": 0,
        "MALICIOUS": 0,
        "SANE": 0,
        "VALID": 0,
        "total": 100.23948753530148
    }
}