{
    "counter": {
        "ACTIVE": 2004,
        "INACTIVE": 3,
        "INVALID": 0,
        "MALICIOUS": 0,
        "SANE": 0,
        "VALID": 0,
        "total": 2007
    },
    "percentage": {
        "ACTIVE": 99.85052316890882,
        "INACTIVE": 0.17657445556209536,
        "INVALID": 0,
        "MALICIOUS": 0,
        "SANE": 0,
        "VALID": 0,
        "total": 100.02709762447091
    }
}