{
    "counter": {
        "ACTIVE": 2218,
        "INACTIVE": 101,
        "INVALID": 0,
        "MALICIOUS": 0,
        "SANE": 0,
        "VALID": 0,
        "total": 2319
    },
    "percentage": {
        "ACTIVE": 95.64467442863302,
        "INACTIVE": 4.420131291028446,
        "INVALID": 0,
        "MALICIOUS": 0,
        "SANE": 0,
        "VALID": 0,
        "total": 100.06480571966146
    }
}