{
    "counter": {
        "ACTIVE": 908,
        "INACTIVE": 9,
        "INVALID": 0,
        "MALICIOUS": 0,
        "SANE": 0,
        "VALID": 0,
        "total": 917
    },
    "percentage": {
        "ACTIVE": 99.0185387131952,
        "INACTIVE": 2.2900763358778624,
        "INVALID": 0,
        "MALICIOUS": 0,
        "SANE": 0,
        "VALID": 0,
        "total": 101.30861504907305
    }
}