{
    "counter": {
        "ACTIVE": 1025,
        "INACTIVE": 2,
        "INVALID": 0,
        "MALICIOUS": 0,
        "SANE": 0,
        "VALID": 0,
        "total": 1027
    },
    "percentage": {
        "ACTIVE": 99.80525803310613,
        "INACTIVE": 0.4784688995215311,
        "INVALID": 0,
        "MALICIOUS": 0,
        "SANE": 0,
        "VALID": 0,
        "total": 100.28372693262766
    }
}