{
    "counter": {
        "ACTIVE": 1994,
        "INACTIVE": 2,
        "INVALID": 0,
        "MALICIOUS": 0,
        "SANE": 0,
        "VALID": 0,
        "total": 1996
    },
    "percentage": {
        "ACTIVE": 99.8997995991984,
        "INACTIVE": 0.17809439002671415,
        "INVALID": 0,
        "MALICIOUS": 0,
        "SANE": 0,
        "VALID": 0,
        "total": 100.07789398922512
    }
}