{
    "counter": {
        "ACTIVE": 1905,
        "INACTIVE": 2,
        "INVALID": 0,
        "MALICIOUS": 0,
        "SANE": 0,
        "VALID": 0,
        "total": 1907
    },
    "percentage": {
        "ACTIVE": 99.8951232302045,
        "INACTIVE": 0.11661807580174927,
        "INVALID": 0,
        "MALICIOUS": 0,
        "SANE": 0,
        "VALID": 0,
        "total": 100.01174130600626
    }
}