{
    "counter": {
        "ACTIVE": 2091,
        "INACTIVE": 1,
        "INVALID": 0,
        "MALICIOUS": 0,
        "SANE": 0,
        "VALID": 0,
        "total": 2092
    },
    "percentage": {
        "ACTIVE": 99.95219885277247,
        "INACTIVE": 0.04803073967339097,
        "INVALID": 0,
        "MALICIOUS": 0,
        "SANE": 0,
        "VALID": 0,
        "total": 100.00022959244586
    }
}