{
    "counter": {
        "ACTIVE": 2806,
        "INACTIVE": 16,
        "INVALID": 0,
        "MALICIOUS": 0,
        "SANE": 0,
        "VALID": 0,
        "total": 2822
    },
    "percentage": {
        "ACTIVE": 99.43302622253721,
        "INACTIVE": 1.148600143575018,
        "INVALID": 0,
        "MALICIOUS": 0,
        "SANE": 0,
        "VALID": 0,
        "total": 100.58162636611223
    }
}