{
    "counter": {
        "ACTIVE": 372,
        "INACTIVE": 1,
        "INVALID": 0,
        "MALICIOUS": 0,
        "SANE": 0,
        "VALID": 0,
        "total": 373
    },
    "percentage": {
        "ACTIVE": 99.73190348525469,
        "INACTIVE": 0.6578947368421053,
        "INVALID": 0,
        "MALICIOUS": 0,
        "SANE": 0,
        "VALID": 0,
        "total": 100.3897982220968
    }
}