{
    "counter": {
        "ACTIVE": 2183,
        "INACTIVE": 2,
        "INVALID": 0,
        "MALICIOUS": 0,
        "SANE": 0,
        "VALID": 0,
        "total": 2185
    },
    "percentage": {
        "ACTIVE": 99.90846681922197,
        "INACTIVE": 0.1347708894878706,
        "INVALID": 0,
        "MALICIOUS": 0,
        "SANE": 0,
        "VALID": 0,
        "total": 100.04323770870984
    }
}