{
    "counter": {
        "ACTIVE": 2306,
        "INACTIVE": 2,
        "INVALID": 0,
        "MALICIOUS": 0,
        "SANE": 0,
        "VALID": 0,
        "total": 2308
    },
    "percentage": {
        "ACTIVE": 99.91334488734836,
        "INACTIVE": 0.11494252873563218,
        "INVALID": 0,
        "MALICIOUS": 0,
        "SANE": 0,
        "VALID": 0,
        "total": 100.02828741608398
    }
}