{
    "counter": {
        "ACTIVE": 3178,
        "INACTIVE": 2,
        "INVALID": 0,
        "MALICIOUS": 0,
        "SANE": 0,
        "VALID": 0,
        "total": 3180
    },
    "percentage": {
        "ACTIVE": 99.937106918239,
        "INACTIVE": 0.07454342154304883,
        "INVALID": 0,
        "MALICIOUS": 0,
        "SANE": 0,
        "VALID": 0,
        "total": 100.01165033978205
    }
}