{
    "counter": {
        "ACTIVE": 1648,
        "INACTIVE": 2,
        "INVALID": 0,
        "MALICIOUS": 0,
        "SANE": 0,
        "VALID": 0,
        "total": 1650
    },
    "percentage": {
        "ACTIVE": 99.87878787878788,
        "INACTIVE": 0.13192612137203166,
        "INVALID": 0,
        "MALICIOUS": 0,
        "SANE": 0,
        "VALID": 0,
        "total": 100.01071400015991
    }
}