{
    "counter": {
        "ACTIVE": 1506,
        "INACTIVE": 2,
        "INVALID": 0,
        "MALICIOUS": 0,
        "SANE": 0,
        "VALID": 0,
        "total": 1508
    },
    "percentage": {
        "ACTIVE": 99.86737400530504,
        "INACTIVE": 0.423728813559322,
        "INVALID": 0,
        "MALICIOUS": 0,
        "SANE": 0,
        "VALID": 0,
        "total": 100.29110281886436
    }
}