{
    "counter": {
        "ACTIVE": 1368,
        "INACTIVE": 1,
        "INVALID": 0,
        "MALICIOUS": 0,
        "SANE": 0,
        "VALID": 0,
        "total": 1369
    },
    "percentage": {
        "ACTIVE": 99.92695398100804,
        "INACTIVE": 0.16891891891891891,
        "INVALID": 0,
        "MALICIOUS": 0,
        "SANE": 0,
        "VALID": 0,
        "total": 100.09587289992696
    }
}