{
    "counter": {
        "ACTIVE": 1739,
        "INACTIVE": 2,
        "INVALID": 0,
        "MALICIOUS": 0,
        "SANE": 0,
        "VALID": 0,
        "total": 1741
    },
    "percentage": {
        "ACTIVE": 99.88512349224584,
        "INACTIVE": 0.49875311720698257,
        "INVALID": 0,
        "MALICIOUS": 0,
        "SANE": 0,
        "VALID": 0,
        "total": 100.38387660945283
    }
}