{
    "counter": {
        "ACTIVE": 1732,
        "INACTIVE": 2,
        "INVALID": 0,
        "MALICIOUS": 0,
        "SANE": 0,
        "VALID": 0,
        "total": 1734
    },
    "percentage": {
        "ACTIVE": 99.88465974625144,
        "INACTIVE": 0.14265335235378032,
        "INVALID": 0,
        "MALICIOUS": 0,
        "SANE": 0,
        "VALID": 0,
        "total": 100.02731309860522
    }
}