{
    "counter": {
        "ACTIVE": 1405,
        "INACTIVE": 2,
        "INVALID": 0,
        "MALICIOUS": 0,
        "SANE": 0,
        "VALID": 0,
        "total": 1407
    },
    "percentage": {
        "ACTIVE": 99.85785358919688,
        "INACTIVE": 0.21253985122210414,
        "INVALID": 0,
        "MALICIOUS": 0,
        "SANE": 0,
        "VALID": 0,
        "total": 100.07039344041898
    }
}