{
    "counter": {
        "ACTIVE": 357,
        "INACTIVE": 2,
        "INVALID": 0,
        "MALICIOUS": 0,
        "SANE": 0,
        "VALID": 0,
        "total": 359
    },
    "percentage": {
        "ACTIVE": 99.44289693593315,
        "INACTIVE": 1.1695906432748537,
        "INVALID": 0,
        "MALICIOUS": 0,
        "SANE": 0,
        "VALID": 0,
        "total": 100.61248757920801
    }
}