{
    "counter": {
        "ACTIVE": 234,
        "INACTIVE": 1,
        "INVALID": 0,
        "MALICIOUS": 0,
        "SANE": 0,
        "VALID": 0,
        "total": 235
    },
    "percentage": {
        "ACTIVE": 99.57446808510639,
        "INACTIVE": 0.5681818181818182,
        "INVALID": 0,
        "MALICIOUS": 0,
        "SANE": 0,
        "VALID": 0,
        "total": 100.1426499032882
    }
}