{
    "counter": {
        "ACTIVE": 684,
        "INACTIVE": 1,
        "INVALID": 0,
        "MALICIOUS": 0,
        "SANE": 0,
        "VALID": 0,
        "total": 685
    },
    "percentage": {
        "ACTIVE": 99.85401459854015,
        "INACTIVE": 0.3952569169960474,
        "INVALID": 0,
        "MALICIOUS": 0,
        "SANE": 0,
        "VALID": 0,
        "total": 100.2492715155362
    }
}