{
    "counter": {
        "ACTIVE": 2150,
        "INACTIVE": 2,
        "INVALID": 0,
        "MALICIOUS": 0,
        "SANE": 0,
        "VALID": 0,
        "total": 2152
    },
    "percentage": {
        "ACTIVE": 99.90706319702602,
        "INACTIVE": 0.10303967027305512,
        "INVALID": 0,
        "MALICIOUS": 0,
        "SANE": 0,
        "VALID": 0,
        "total": 100.01010286729907
    }
}