{
    "counter": {
        "ACTIVE": 544,
        "INACTIVE": 1,
        "INVALID": 0,
        "MALICIOUS": 0,
        "SANE": 0,
        "VALID": 0,
        "total": 545
    },
    "percentage": {
        "ACTIVE": 99.81651376146789,
        "INACTIVE": 0.2638522427440633,
        "INVALID": 0,
        "MALICIOUS": 0,
        "SANE": 0,
        "VALID": 0,
        "total": 100.08036600421195
    }
}