{
    "counter": {
        "ACTIVE": 1911,
        "INACTIVE": 2,
        "INVALID": 0,
        "MALICIOUS": 0,
        "SANE": 0,
        "VALID": 0,
        "total": 1913
    },
    "percentage": {
        "ACTIVE": 99.89545216936749,
        "INACTIVE": 0.33003300330033003,
        "INVALID": 0,
        "MALICIOUS": 0,
        "SANE": 0,
        "VALID": 0,
        "total": 100.22548517266782
    }
}