{
    "counter": {
        "ACTIVE": 1033,
        "INACTIVE": 1,
        "INVALID": 0,
        "MALICIOUS": 0,
        "SANE": 0,
        "VALID": 0,
        "total": 1034
    },
    "percentage": {
        "ACTIVE": 99.90328820116054,
        "INACTIVE": 0.5181347150259067,
        "INVALID": 0,
        "MALICIOUS": 0,
        "SANE": 0,
        "VALID": 0,
        "total": 100.42142291618644
    }
}