{
    "counter": {
        "ACTIVE": 2174,
        "INACTIVE": 23,
        "INVALID": 0,
        "MALICIOUS": 0,
        "SANE": 0,
        "VALID": 0,
        "total": 2197
    },
    "percentage": {
        "ACTIVE": 98.95311788802913,
        "INACTIVE": 1.1127237542331883,
        "INVALID": 0,
        "MALICIOUS": 0,
        "SANE": 0,
        "VALID": 0,
        "total": 100.06584164226231
    }
}