{
    "counter": {
        "ACTIVE": 2184,
        "INACTIVE": 1,
        "INVALID": 0,
        "MALICIOUS": 0,
        "SANE": 0,
        "VALID": 0,
        "total": 2185
    },
    "percentage": {
        "ACTIVE": 99.95423340961098,
        "INACTIVE": 0.07776049766718507,
        "INVALID": 0,
        "MALICIOUS": 0,
        "SANE": 0,
        "VALID": 0,
        "total": 100.03199390727816
    }
}