{
    "counter": {
        "ACTIVE": 979,
        "INACTIVE": 1,
        "INVALID": 0,
        "MALICIOUS": 0,
        "SANE": 0,
        "VALID": 0,
        "total": 980
    },
    "percentage": {
        "ACTIVE": 99.89795918367346,
        "INACTIVE": 0.7751937984496124,
        "INVALID": 0,
        "MALICIOUS": 0,
        "SANE": 0,
        "VALID": 0,
        "total": 100.67315298212307
    }
}