{
    "counter": {
        "ACTIVE": 2066,
        "INACTIVE": 2,
        "INVALID": 0,
        "MALICIOUS": 0,
        "SANE": 0,
        "VALID": 0,
        "total": 2068
    },
    "percentage": {
        "ACTIVE": 99.90328820116054,
        "INACTIVE": 0.14154281670205238,
        "INVALID": 0,
        "MALICIOUS": 0,
        "SANE": 0,
        "VALID": 0,
        "total": 100.04483101786259
    }
}