{
    "counter": {
        "ACTIVE": 681,
        "INACTIVE": 3,
        "INVALID": 0,
        "MALICIOUS": 0,
        "SANE": 0,
        "VALID": 0,
        "total": 684
    },
    "percentage": {
        "ACTIVE": 99.56140350877193,
        "INACTIVE": 0.702576112412178,
        "INVALID": 0,
        "MALICIOUS": 0,
        "SANE": 0,
        "VALID": 0,
        "total": 100.2639796211841
    }
}