{
    "counter": {
        "ACTIVE": 2334,
        "INACTIVE": 2,
        "INVALID": 0,
        "MALICIOUS": 0,
        "SANE": 0,
        "VALID": 0,
        "total": 2336
    },
    "percentage": {
        "ACTIVE": 99.91438356164383,
        "INACTIVE": 0.49875311720698257,
        "INVALID": 0,
        "MALICIOUS": 0,
        "SANE": 0,
        "VALID": 0,
        "total": 100.41313667885082
    }
}