{
    "counter": {
        "ACTIVE": 1560,
        "INACTIVE": 1,
        "INVALID": 0,
        "MALICIOUS": 0,
        "SANE": 0,
        "VALID": 0,
        "total": 1561
    },
    "percentage": {
        "ACTIVE": 99.93593850096092,
        "INACTIVE": 0.5181347150259067,
        "INVALID": 0,
        "MALICIOUS": 0,
        "SANE": 0,
        "VALID": 0,
        "total": 100.45407321598682
    }
}