{
    "counter": {
        "ACTIVE": 1014,
        "INACTIVE": 1,
        "INVALID": 0,
        "MALICIOUS": 0,
        "SANE": 0,
        "VALID": 0,
        "total": 1015
    },
    "percentage": {
        "ACTIVE": 99.90147783251231,
        "INACTIVE": 0.2347417840375587,
        "INVALID": 0,
        "MALICIOUS": 0,
        "SANE": 0,
        "VALID": 0,
        "total": 100.13621961654987
    }
}