{
    "counter": {
        "ACTIVE": 2182,
        "INACTIVE": 1,
        "INVALID": 0,
        "MALICIOUS": 0,
        "SANE": 0,
        "VALID": 0,
        "total": 2183
    },
    "percentage": {
        "ACTIVE": 99.9541914796152,
        "INACTIVE": 0.6711409395973155,
        "INVALID": 0,
        "MALICIOUS": 0,
        "SANE": 0,
        "VALID": 0,
        "total": 100.62533241921253
    }
}