{
    "counter": {
        "ACTIVE": 1674,
        "INACTIVE": 9,
        "INVALID": 0,
        "MALICIOUS": 0,
        "SANE": 0,
        "VALID": 0,
        "total": 1683
    },
    "percentage": {
        "ACTIVE": 99.46524064171123,
        "INACTIVE": 1.6274864376130198,
        "INVALID": 0,
        "MALICIOUS": 0,
        "SANE": 0,
        "VALID": 0,
        "total": 101.09272707932425
    }
}