{
    "counter": {
        "ACTIVE": 1993,
        "INACTIVE": 2,
        "INVALID": 0,
        "MALICIOUS": 0,
        "SANE": 0,
        "VALID": 0,
        "total": 1995
    },
    "percentage": {
        "ACTIVE": 99.89974937343358,
        "INACTIVE": 0.19900497512437812,
        "INVALID": 0,
        "MALICIOUS": 0,
        "SANE": 0,
        "VALID": 0,
        "total": 100.09875434855796
    }
}