{
    "counter": {
        "ACTIVE": 2229,
        "INACTIVE": 3,
        "INVALID": 0,
        "MALICIOUS": 0,
        "SANE": 0,
        "VALID": 0,
        "total": 2232
    },
    "percentage": {
        "ACTIVE": 99.86559139784946,
        "INACTIVE": 0.3740648379052369,
        "INVALID": 0,
        "MALICIOUS": 0,
        "SANE": 0,
        "VALID": 0,
        "total": 100.2396562357547
    }
}