{
    "counter": {
        "ACTIVE": 2331,
        "INACTIVE": 1,
        "INVALID": 0,
        "MALICIOUS": 0,
        "SANE": 0,
        "VALID": 0,
        "total": 2332
    },
    "percentage": {
        "ACTIVE": 99.95711835334477,
        "INACTIVE": 0.5813953488372093,
        "INVALID": 0,
        "MALICIOUS": 0,
        "SANE": 0,
        "VALID": 0,
        "total": 100.53851370218197
    }
}