{
    "counter": {
        "ACTIVE": 912,
        "INACTIVE": 1,
        "INVALID": 0,
        "MALICIOUS": 0,
        "SANE": 0,
        "VALID": 0,
        "total": 913
    },
    "percentage": {
        "ACTIVE": 99.89047097480832,
        "INACTIVE": 0.2386634844868735,
        "INVALID": 0,
        "MALICIOUS": 0,
        "SANE": 0,
        "VALID": 0,
        "total": 100.1291344592952
    }
}