{
    "counter": {
        "ACTIVE": 852,
        "INACTIVE": 2,
        "INVALID": 0,
        "MALICIOUS": 0,
        "SANE": 0,
        "VALID": 0,
        "total": 854
    },
    "percentage": {
        "ACTIVE": 99.76580796252928,
        "INACTIVE": 0.34305317324185247,
        "INVALID": 0,
        "MALICIOUS": 0,
        "SANE": 0,
        "VALID": 0,
        "total": 100.10886113577114
    }
}