{
    "counter": {
        "ACTIVE": 3189,
        "INACTIVE": 2,
        "INVALID": 0,
        "MALICIOUS": 0,
        "SANE": 0,
        "VALID": 0,
        "total": 3191
    },
    "percentage": {
        "ACTIVE": 99.93732372297086,
        "INACTIVE": 0.0725163161711385,
        "INVALID": 0,
        "MALICIOUS": 0,
        "SANE": 0,
        "VALID": 0,
        "total": 100.00984003914199
    }
}