{
    "counter": {
        "ACTIVE": 1213,
        "INACTIVE": 1,
        "INVALID": 0,
        "MALICIOUS": 0,
        "SANE": 0,
        "VALID": 0,
        "total": 1214
    },
    "percentage": {
        "ACTIVE": 99.9176276771005,
        "INACTIVE": 3.7037037037037037,
        "INVALID": 0,
        "MALICIOUS": 0,
        "SANE": 0,
        "VALID": 0,
        "total": 103.62133138080421
    }
}