{
    "counter": {
        "ACTIVE": 2232,
        "INACTIVE": 3,
        "INVALID": 0,
        "MALICIOUS": 0,
        "SANE": 0,
        "VALID": 0,
        "total": 2235
    },
    "percentage": {
        "ACTIVE": 99.86577181208054,
        "INACTIVE": 0.3367003367003367,
        "INVALID": 0,
        "MALICIOUS": 0,
        "SANE": 0,
        "VALID": 0,
        "total": 100.20247214878087
    }
}