{
    "counter": {
        "ACTIVE": 3198,
        "INACTIVE": 1,
        "INVALID": 0,
        "MALICIOUS": 0,
        "SANE": 0,
        "VALID": 0,
        "total": 3199
    },
    "percentage": {
        "ACTIVE": 99.96874023132229,
        "INACTIVE": 0.040290088638195005,
        "INVALID": 0,
        "MALICIOUS": 0,
        "SANE": 0,
        "VALID": 0,
        "total": 100.00903031996049
    }
}