{
    "counter": {
        "ACTIVE": 1958,
        "INACTIVE": 2,
        "INVALID": 0,
        "MALICIOUS": 0,
        "SANE": 0,
        "VALID": 0,
        "total": 1960
    },
    "percentage": {
        "ACTIVE": 99.89795918367346,
        "INACTIVE": 0.5333333333333333,
        "INVALID": 0,
        "MALICIOUS": 0,
        "SANE": 0,
        "VALID": 0,
        "total": 100.4312925170068
    }
}