{
    "counter": {
        "ACTIVE": 2179,
        "INACTIVE": 2,
        "INVALID": 0,
        "MALICIOUS": 0,
        "SANE": 0,
        "VALID": 0,
        "total": 2181
    },
    "percentage": {
        "ACTIVE": 99.90829894543788,
        "INACTIVE": 0.09178522257916476,
        "INVALID": 0,
        "MALICIOUS": 0,
        "SANE": 0,
        "VALID": 0,
        "total": 100.00008416801704
    }
}