{
    "counter": {
        "ACTIVE": 360,
        "INACTIVE": 11,
        "INVALID": 0,
        "MALICIOUS": 0,
        "SANE": 0,
        "VALID": 0,
        "total": 371
    },
    "percentage": {
        "ACTIVE": 97.03504043126685,
        "INACTIVE": 2.9810298102981028,
        "INVALID": 0,
        "MALICIOUS": 0,
        "SANE": 0,
        "VALID": 0,
        "total": 100.01607024156495
    }
}