{
    "counter": {
        "ACTIVE": 2740,
        "INACTIVE": 4,
        "INVALID": 0,
        "MALICIOUS": 0,
        "SANE": 0,
        "VALID": 0,
        "total": 2744
    },
    "percentage": {
        "ACTIVE": 99.85422740524781,
        "INACTIVE": 0.27155465037338766,
        "INVALID": 0,
        "MALICIOUS": 0,
        "SANE": 0,
        "VALID": 0,
        "total": 100.1257820556212
    }
}