{
    "counter": {
        "ACTIVE": 2128,
        "INACTIVE": 2,
        "INVALID": 0,
        "MALICIOUS": 0,
        "SANE": 0,
        "VALID": 0,
        "total": 2130
    },
    "percentage": {
        "ACTIVE": 99.90610328638498,
        "INACTIVE": 0.0964785335262904,
        "INVALID": 0,
        "MALICIOUS": 0,
        "SANE": 0,
        "VALID": 0,
        "total": 100.00258181991127
    }
}