{
    "counter": {
        "ACTIVE": 2018,
        "INACTIVE": 1,
        "INVALID": 0,
        "MALICIOUS": 0,
        "SANE": 0,
        "VALID": 0,
        "total": 2019
    },
    "percentage": {
        "ACTIVE": 99.95047052996533,
        "INACTIVE": 0.4484304932735426,
        "INVALID": 0,
        "MALICIOUS": 0,
        "SANE": 0,
        "VALID": 0,
        "total": 100.39890102323888
    }
}