{
    "counter": {
        "ACTIVE": 1314,
        "INACTIVE": 1,
        "INVALID": 0,
        "MALICIOUS": 0,
        "SANE": 0,
        "VALID": 0,
        "total": 1315
    },
    "percentage": {
        "ACTIVE": 99.92395437262357,
        "INACTIVE": 2.4390243902439024,
        "INVALID": 0,
        "MALICIOUS": 0,
        "SANE": 0,
        "VALID": 0,
        "total": 102.36297876286747
    }
}