{
    "counter": {
        "ACTIVE": 1083,
        "INACTIVE": 2,
        "INVALID": 0,
        "MALICIOUS": 0,
        "SANE": 0,
        "VALID": 0,
        "total": 1085
    },
    "percentage": {
        "ACTIVE": 99.81566820276498,
        "INACTIVE": 0.272108843537415,
        "INVALID": 0,
        "MALICIOUS": 0,
        "SANE": 0,
        "VALID": 0,
        "total": 100.08777704630239
    }
}