{
    "counter": {
        "ACTIVE": 1539,
        "INACTIVE": 3,
        "INVALID": 0,
        "MALICIOUS": 0,
        "SANE": 0,
        "VALID": 0,
        "total": 1542
    },
    "percentage": {
        "ACTIVE": 99.80544747081711,
        "INACTIVE": 0.4032258064516129,
        "INVALID": 0,
        "MALICIOUS": 0,
        "SANE": 0,
        "VALID": 0,
        "total": 100.20867327726873
    }
}