{
    "counter": {
        "ACTIVE": 1216,
        "INACTIVE": 2,
        "INVALID": 0,
        "MALICIOUS": 0,
        "SANE": 0,
        "VALID": 0,
        "total": 1218
    },
    "percentage": {
        "ACTIVE": 99.83579638752053,
        "INACTIVE": 0.6042296072507553,
        "INVALID": 0,
        "MALICIOUS": 0,
        "SANE": 0,
        "VALID": 0,
        "total": 100.44002599477129
    }
}