{
    "counter": {
        "ACTIVE": 1191,
        "INACTIVE": 1,
        "INVALID": 0,
        "MALICIOUS": 0,
        "SANE": 0,
        "VALID": 0,
        "total": 1192
    },
    "percentage": {
        "ACTIVE": 99.91610738255034,
        "INACTIVE": 0.11376564277588168,
        "INVALID": 0,
        "MALICIOUS": 0,
        "SANE": 0,
        "VALID": 0,
        "total": 100.02987302532622
    }
}