{
    "counter": {
        "ACTIVE": 2207,
        "INACTIVE": 1,
        "INVALID": 0,
        "MALICIOUS": 0,
        "SANE": 0,
        "VALID": 0,
        "total": 2208
    },
    "percentage": {
        "ACTIVE": 99.95471014492753,
        "INACTIVE": 0.06265664160401002,
        "INVALID": 0,
        "MALICIOUS": 0,
        "SANE": 0,
        "VALID": 0,
        "total": 100.01736678653154
    }
}