{
    "counter": {
        "ACTIVE": 1233,
        "INACTIVE": 2,
        "INVALID": 0,
        "MALICIOUS": 0,
        "SANE": 0,
        "VALID": 0,
        "total": 1235
    },
    "percentage": {
        "ACTIVE": 99.83805668016194,
        "INACTIVE": 0.21253985122210414,
        "INVALID": 0,
        "MALICIOUS": 0,
        "SANE": 0,
        "VALID": 0,
        "total": 100.05059653138404
    }
}