{
    "counter": {
        "ACTIVE": 989,
        "INACTIVE": 1,
        "INVALID": 0,
        "MALICIOUS": 0,
        "SANE": 0,
        "VALID": 0,
        "total": 990
    },
    "percentage": {
        "ACTIVE": 99.8989898989899,
        "INACTIVE": 0.14947683109118087,
        "INVALID": 0,
        "MALICIOUS": 0,
        "SANE": 0,
        "VALID": 0,
        "total": 100.04846673008107
    }
}