{
    "counter": {
        "ACTIVE": 1078,
        "INACTIVE": 2,
        "INVALID": 0,
        "MALICIOUS": 0,
        "SANE": 0,
        "VALID": 0,
        "total": 1080
    },
    "percentage": {
        "ACTIVE": 99.81481481481481,
        "INACTIVE": 1.1173184357541899,
        "INVALID": 0,
        "MALICIOUS": 0,
        "SANE": 0,
        "VALID": 0,
        "total": 100.932133250569
    }
}