{
    "counter": {
        "ACTIVE": 2098,
        "INACTIVE": 2,
        "INVALID": 0,
        "MALICIOUS": 0,
        "SANE": 0,
        "VALID": 0,
        "total": 2100
    },
    "percentage": {
        "ACTIVE": 99.9047619047619,
        "INACTIVE": 0.12853470437017994,
        "INVALID": 0,
        "MALICIOUS": 0,
        "SANE": 0,
        "VALID": 0,
        "total": 100.03329660913208
    }
}