{
    "counter": {
        "ACTIVE": 1902,
        "INACTIVE": 2,
        "INVALID": 0,
        "MALICIOUS": 0,
        "SANE": 0,
        "VALID": 0,
        "total": 1904
    },
    "percentage": {
        "ACTIVE": 99.89495798319328,
        "INACTIVE": 0.1524390243902439,
        "INVALID": 0,
        "MALICIOUS": 0,
        "SANE": 0,
        "VALID": 0,
        "total": 100.04739700758353
    }
}