{
    "counter": {
        "ACTIVE": 2346,
        "INACTIVE": 2,
        "INVALID": 0,
        "MALICIOUS": 0,
        "SANE": 0,
        "VALID": 0,
        "total": 2348
    },
    "percentage": {
        "ACTIVE": 99.91482112436115,
        "INACTIVE": 0.12468827930174564,
        "INVALID": 0,
        "MALICIOUS": 0,
        "SANE": 0,
        "VALID": 0,
        "total": 100.0395094036629
    }
}