{
    "counter": {
        "ACTIVE": 851,
        "INACTIVE": 4,
        "INVALID": 0,
        "MALICIOUS": 0,
        "SANE": 0,
        "VALID": 0,
        "total": 855
    },
    "percentage": {
        "ACTIVE": 99.53216374269006,
        "INACTIVE": 0.4889975550122249,
        "INVALID": 0,
        "MALICIOUS": 0,
        "SANE": 0,
        "VALID": 0,
        "total": 100.02116129770228
    }
}