{
    "counter": {
        "ACTIVE": 1555,
        "INACTIVE": 1,
        "INVALID": 0,
        "MALICIOUS": 0,
        "SANE": 0,
        "VALID": 0,
        "total": 1556
    },
    "percentage": {
        "ACTIVE": 99.93573264781492,
        "INACTIVE": 0.09157509157509157,
        "INVALID": 0,
        "MALICIOUS": 0,
        "SANE": 0,
        "VALID": 0,
        "total": 100.02730773939001
    }
}