{
    "counter": {
        "ACTIVE": 1738,
        "INACTIVE": 2,
        "INVALID": 0,
        "MALICIOUS": 0,
        "SANE": 0,
        "VALID": 0,
        "total": 1740
    },
    "percentage": {
        "ACTIVE": 99.88505747126437,
        "INACTIVE": 0.4716981132075472,
        "INVALID": 0,
        "MALICIOUS": 0,
        "SANE": 0,
        "VALID": 0,
        "total": 100.35675558447193
    }
}