{
    "counter": {
        "ACTIVE": 1392,
        "INACTIVE": 4,
        "INVALID": 0,
        "MALICIOUS": 0,
        "SANE": 0,
        "VALID": 0,
        "total": 1396
    },
    "percentage": {
        "ACTIVE": 99.7134670487106,
        "INACTIVE": 0.8403361344537815,
        "INVALID": 0,
        "MALICIOUS": 0,
        "SANE": 0,
        "VALID": 0,
        "total": 100.55380318316438
    }
}