{
    "counter": {
        "ACTIVE": 361,
        "INACTIVE": 1,
        "INVALID": 0,
        "MALICIOUS": 0,
        "SANE": 0,
        "VALID": 0,
        "total": 362
    },
    "percentage": {
        "ACTIVE": 99.72375690607734,
        "INACTIVE": 0.704225352112676,
        "INVALID": 0,
        "MALICIOUS": 0,
        "SANE": 0,
        "VALID": 0,
        "total": 100.42798225819001
    }
}