{
    "counter": {
        "ACTIVE": 2189,
        "INACTIVE": 3,
        "INVALID": 0,
        "MALICIOUS": 0,
        "SANE": 0,
        "VALID": 0,
        "total": 2192
    },
    "percentage": {
        "ACTIVE": 99.86313868613139,
        "INACTIVE": 0.18915510718789408,
        "INVALID": 0,
        "MALICIOUS": 0,
        "SANE": 0,
        "VALID": 0,
        "total": 100.0522937933193
    }
}