{
    "counter": {
        "ACTIVE": 2322,
        "INACTIVE": 1,
        "INVALID": 0,
        "MALICIOUS": 0,
        "SANE": 0,
        "VALID": 0,
        "total": 2323
    },
    "percentage": {
        "ACTIVE": 99.95695221696083,
        "INACTIVE": 0.05611672278338945,
        "INVALID": 0,
        "MALICIOUS": 0,
        "SANE": 0,
        "VALID": 0,
        "total": 100.01306893974422
    }
}