{
    "counter": {
        "ACTIVE": 1390,
        "INACTIVE": 3,
        "INVALID": 0,
        "MALICIOUS": 0,
        "SANE": 0,
        "VALID": 0,
        "total": 1393
    },
    "percentage": {
        "ACTIVE": 99.78463747307968,
        "INACTIVE": 0.30364372469635625,
        "INVALID": 0,
        "MALICIOUS": 0,
        "SANE": 0,
        "VALID": 0,
        "total": 100.08828119777604
    }
}