{
    "counter": {
        "ACTIVE": 879,
        "INACTIVE": 3,
        "INVALID": 0,
        "MALICIOUS": 0,
        "SANE": 0,
        "VALID": 0,
        "total": 882
    },
    "percentage": {
        "ACTIVE": 99.65986394557824,
        "INACTIVE": 0.38461538461538464,
        "INVALID": 0,
        "MALICIOUS": 0,
        "SANE": 0,
        "VALID": 0,
        "total": 100.04447933019362
    }
}