{
    "counter": {
        "ACTIVE": 710,
        "INACTIVE": 1,
        "INVALID": 0,
        "MALICIOUS": 0,
        "SANE": 0,
        "VALID": 0,
        "total": 711
    },
    "percentage": {
        "ACTIVE": 99.85935302390999,
        "INACTIVE": 0.1996007984031936,
        "INVALID": 0,
        "MALICIOUS": 0,
        "SANE": 0,
        "VALID": 0,
        "total": 100.05895382231319
    }
}