{
    "counter": {
        "ACTIVE": 1372,
        "INACTIVE": 1,
        "INVALID": 0,
        "MALICIOUS": 0,
        "SANE": 0,
        "VALID": 0,
        "total": 1373
    },
    "percentage": {
        "ACTIVE": 99.92716678805536,
        "INACTIVE": 0.141643059490085,
        "INVALID": 0,
        "MALICIOUS": 0,
        "SANE": 0,
        "VALID": 0,
        "total": 100.06880984754544
    }
}