{
    "counter": {
        "ACTIVE": 1238,
        "INACTIVE": 3,
        "INVALID": 0,
        "MALICIOUS": 0,
        "SANE": 0,
        "VALID": 0,
        "total": 1241
    },
    "percentage": {
        "ACTIVE": 99.75825946817083,
        "INACTIVE": 0.37037037037037035,
        "INVALID": 0,
        "MALICIOUS": 0,
        "SANE": 0,
        "VALID": 0,
        "total": 100.1286298385412
    }
}