{
    "counter": {
        "ACTIVE": 2083,
        "INACTIVE": 4,
        "INVALID": 0,
        "MALICIOUS": 0,
        "SANE": 0,
        "VALID": 0,
        "total": 2087
    },
    "percentage": {
        "ACTIVE": 99.8083373263057,
        "INACTIVE": 0.2229654403567447,
        "INVALID": 0,
        "MALICIOUS": 0,
        "SANE": 0,
        "VALID": 0,
        "total": 100.03130276666245
    }
}