{
    "counter": {
        "ACTIVE": 1342,
        "INACTIVE": 1,
        "INVALID": 0,
        "MALICIOUS": 0,
        "SANE": 0,
        "VALID": 0,
        "total": 1343
    },
    "percentage": {
        "ACTIVE": 99.92553983618764,
        "INACTIVE": 2.6315789473684212,
        "INVALID": 0,
        "MALICIOUS": 0,
        "SANE": 0,
        "VALID": 0,
        "total": 102.55711878355606
    }
}