{
    "counter": {
        "ACTIVE": 2391,
        "INACTIVE": 3,
        "INVALID": 0,
        "MALICIOUS": 0,
        "SANE": 0,
        "VALID": 0,
        "total": 2394
    },
    "percentage": {
        "ACTIVE": 99.87468671679198,
        "INACTIVE": 0.18303843807199513,
        "INVALID": 0,
        "MALICIOUS": 0,
        "SANE": 0,
        "VALID": 0,
        "total": 100.05772515486397
    }
}