{
    "counter": {
        "ACTIVE": 1044,
        "INACTIVE": 1,
        "INVALID": 0,
        "MALICIOUS": 0,
        "SANE": 0,
        "VALID": 0,
        "total": 1045
    },
    "percentage": {
        "ACTIVE": 99.90430622009569,
        "INACTIVE": 0.11467889908256881,
        "INVALID": 0,
        "MALICIOUS": 0,
        "SANE": 0,
        "VALID": 0,
        "total": 100.01898511917825
    }
}