{
    "counter": {
        "ACTIVE": 2175,
        "INACTIVE": 4,
        "INVALID": 0,
        "MALICIOUS": 0,
        "SANE": 0,
        "VALID": 0,
        "total": 2179
    },
    "percentage": {
        "ACTIVE": 99.81642955484168,
        "INACTIVE": 0.18365472910927455,
        "INVALID": 0,
        "MALICIOUS": 0,
        "SANE": 0,
        "VALID": 0,
        "total": 100.00008428395095
    }
}