{
    "counter": {
        "ACTIVE": 668,
        "INACTIVE": 4,
        "INVALID": 0,
        "MALICIOUS": 0,
        "SANE": 0,
        "VALID": 0,
        "total": 672
    },
    "percentage": {
        "ACTIVE": 99.4047619047619,
        "INACTIVE": 0.7407407407407407,
        "INVALID": 0,
        "MALICIOUS": 0,
        "SANE": 0,
        "VALID": 0,
        "total": 100.14550264550265
    }
}