{
    "counter": {
        "ACTIVE": 2523,
        "INACTIVE": 1,
        "INVALID": 0,
        "MALICIOUS": 0,
        "SANE": 0,
        "VALID": 0,
        "total": 2524
    },
    "percentage": {
        "ACTIVE": 99.96038034865293,
        "INACTIVE": 0.039619651347068144,
        "INVALID": 0.0,
        "MALICIOUS": 0.0,
        "SANE": 0.0,
        "VALID": 0.0,
        "total": 100.0
    }
}