{
    "counter": {
        "ACTIVE": 1057,
        "INACTIVE": 1,
        "INVALID": 0,
        "MALICIOUS": 0,
        "SANE": 0,
        "VALID": 0,
        "total": 1058
    },
    "percentage": {
        "ACTIVE": 99.9054820415879,
        "INACTIVE": 3.5714285714285716,
        "INVALID": 0,
        "MALICIOUS": 0,
        "SANE": 0,
        "VALID": 0,
        "total": 103.47691061301647
    }
}