{
    "counter": {
        "ACTIVE": 1965,
        "INACTIVE": 2,
        "INVALID": 0,
        "MALICIOUS": 0,
        "SANE": 0,
        "VALID": 0,
        "total": 1967
    },
    "percentage": {
        "ACTIVE": 99.89832231825115,
        "INACTIVE": 0.16090104585679807,
        "INVALID": 0,
        "MALICIOUS": 0,
        "SANE": 0,
        "VALID": 0,
        "total": 100.05922336410795
    }
}