{
    "counter": {
        "ACTIVE": 696,
        "INACTIVE": 2,
        "INVALID": 0,
        "MALICIOUS": 0,
        "SANE": 0,
        "VALID": 0,
        "total": 698
    },
    "percentage": {
        "ACTIVE": 99.7134670487106,
        "INACTIVE": 0.37037037037037035,
        "INVALID": 0,
        "MALICIOUS": 0,
        "SANE": 0,
        "VALID": 0,
        "total": 100.08383741908096
    }
}