{
    "counter": {
        "ACTIVE": 3158,
        "INACTIVE": 40,
        "INVALID": 0,
        "MALICIOUS": 0,
        "SANE": 0,
        "VALID": 0,
        "total": 3198
    },
    "percentage": {
        "ACTIVE": 98.74921826141339,
        "INACTIVE": 1.3071895424836601,
        "INVALID": 0,
        "MALICIOUS": 0,
        "SANE": 0,
        "VALID": 0,
        "total": 100.05640780389705
    }
}