{
    "counter": {
        "ACTIVE": 1017,
        "INACTIVE": 1,
        "INVALID": 0,
        "MALICIOUS": 0,
        "SANE": 0,
        "VALID": 0,
        "total": 1018
    },
    "percentage": {
        "ACTIVE": 99.90176817288801,
        "INACTIVE": 0.6097560975609756,
        "INVALID": 0,
        "MALICIOUS": 0,
        "SANE": 0,
        "VALID": 0,
        "total": 100.51152427044899
    }
}