{
    "counter": {
        "ACTIVE": 1980,
        "INACTIVE": 1,
        "INVALID": 0,
        "MALICIOUS": 0,
        "SANE": 0,
        "VALID": 0,
        "total": 1981
    },
    "percentage": {
        "ACTIVE": 99.94952044422008,
        "INACTIVE": 0.6410256410256411,
        "INVALID": 0,
        "MALICIOUS": 0,
        "SANE": 0,
        "VALID": 0,
        "total": 100.59054608524572
    }
}