{
    "counter": {
        "ACTIVE": 2320,
        "INACTIVE": 1,
        "INVALID": 0,
        "MALICIOUS": 0,
        "SANE": 0,
        "VALID": 0,
        "total": 2321
    },
    "percentage": {
        "ACTIVE": 99.9569151227919,
        "INACTIVE": 0.07782101167315175,
        "INVALID": 0,
        "MALICIOUS": 0,
        "SANE": 0,
        "VALID": 0,
        "total": 100.03473613446505
    }
}