{
    "counter": {
        "ACTIVE": 2263,
        "INACTIVE": 1,
        "INVALID": 0,
        "MALICIOUS": 0,
        "SANE": 0,
        "VALID": 0,
        "total": 2264
    },
    "percentage": {
        "ACTIVE": 99.95583038869258,
        "INACTIVE": 0.088261253309797,
        "INVALID": 0,
        "MALICIOUS": 0,
        "SANE": 0,
        "VALID": 0,
        "total": 100.04409164200237
    }
}