{
    "counter": {
        "ACTIVE": 664,
        "INACTIVE": 2,
        "INVALID": 0,
        "MALICIOUS": 0,
        "SANE": 0,
        "VALID": 0,
        "total": 666
    },
    "percentage": {
        "ACTIVE": 99.69969969969969,
        "INACTIVE": 0.423728813559322,
        "INVALID": 0,
        "MALICIOUS": 0,
        "SANE": 0,
        "VALID": 0,
        "total": 100.12342851325901
    }
}