{
    "counter": {
        "ACTIVE": 1863,
        "INACTIVE": 4,
        "INVALID": 0,
        "MALICIOUS": 0,
        "SANE": 0,
        "VALID": 0,
        "total": 1867
    },
    "percentage": {
        "ACTIVE": 99.78575254418854,
        "INACTIVE": 0.23767082590612001,
        "INVALID": 0,
        "MALICIOUS": 0,
        "SANE": 0,
        "VALID": 0,
        "total": 100.02342337009466
    }
}