{
    "counter": {
        "ACTIVE": 693,
        "INACTIVE": 2,
        "INVALID": 0,
        "MALICIOUS": 0,
        "SANE": 0,
        "VALID": 0,
        "total": 695
    },
    "percentage": {
        "ACTIVE": 99.71223021582733,
        "INACTIVE": 0.3105590062111801,
        "INVALID": 0,
        "MALICIOUS": 0,
        "SANE": 0,
        "VALID": 0,
        "total": 100.02278922203851
    }
}