{
    "counter": {
        "ACTIVE": 1642,
        "INACTIVE": 2,
        "INVALID": 0,
        "MALICIOUS": 0,
        "SANE": 0,
        "VALID": 0,
        "total": 1644
    },
    "percentage": {
        "ACTIVE": 99.87834549878346,
        "INACTIVE": 0.38461538461538464,
        "INVALID": 0,
        "MALICIOUS": 0,
        "SANE": 0,
        "VALID": 0,
        "total": 100.26296088339885
    }
}