{
    "counter": {
        "ACTIVE": 1053,
        "INACTIVE": 1,
        "INVALID": 0,
        "MALICIOUS": 0,
        "SANE": 0,
        "VALID": 0,
        "total": 1054
    },
    "percentage": {
        "ACTIVE": 99.90512333965845,
        "INACTIVE": 0.25316455696202533,
        "INVALID": 0,
        "MALICIOUS": 0,
        "SANE": 0,
        "VALID": 0,
        "total": 100.15828789662046
    }
}