{
    "counter": {
        "ACTIVE": 1293,
        "INACTIVE": 1,
        "INVALID": 0,
        "MALICIOUS": 0,
        "SANE": 0,
        "VALID": 0,
        "total": 1294
    },
    "percentage": {
        "ACTIVE": 99.9227202472952,
        "INACTIVE": 0.24875621890547264,
        "INVALID": 0,
        "MALICIOUS": 0,
        "SANE": 0,
        "VALID": 0,
        "total": 100.17147646620067
    }
}