{
    "counter": {
        "ACTIVE": 1512,
        "INACTIVE": 2,
        "INVALID": 0,
        "MALICIOUS": 0,
        "SANE": 0,
        "VALID": 0,
        "total": 1514
    },
    "percentage": {
        "ACTIVE": 99.86789960369882,
        "INACTIVE": 0.46403712296983757,
        "INVALID": 0,
        "MALICIOUS": 0,
        "SANE": 0,
        "VALID": 0,
        "total": 100.33193672666866
    }
}