{
    "counter": {
        "ACTIVE": 1553,
        "INACTIVE": 3,
        "INVALID": 0,
        "MALICIOUS": 0,
        "SANE": 0,
        "VALID": 0,
        "total": 1556
    },
    "percentage": {
        "ACTIVE": 99.80719794344473,
        "INACTIVE": 0.22796352583586627,
        "INVALID": 0,
        "MALICIOUS": 0,
        "SANE": 0,
        "VALID": 0,
        "total": 100.0351614692806
    }
}