{
    "counter": {
        "ACTIVE": 201,
        "INACTIVE": 1,
        "INVALID": 0,
        "MALICIOUS": 0,
        "SANE": 0,
        "VALID": 0,
        "total": 202
    },
    "percentage": {
        "ACTIVE": 99.5049504950495,
        "INACTIVE": 0.7246376811594203,
        "INVALID": 0,
        "MALICIOUS": 0,
        "SANE": 0,
        "VALID": 0,
        "total": 100.22958817620892
    }
}