{
    "counter": {
        "ACTIVE": 1996,
        "INACTIVE": 1,
        "INVALID": 0,
        "MALICIOUS": 0,
        "SANE": 0,
        "VALID": 0,
        "total": 1997
    },
    "percentage": {
        "ACTIVE": 99.949924887331,
        "INACTIVE": 0.2564102564102564,
        "INVALID": 0,
        "MALICIOUS": 0,
        "SANE": 0,
        "VALID": 0,
        "total": 100.20633514374126
    }
}