{
    "counter": {
        "ACTIVE": 1108,
        "INACTIVE": 2,
        "INVALID": 0,
        "MALICIOUS": 0,
        "SANE": 0,
        "VALID": 0,
        "total": 1110
    },
    "percentage": {
        "ACTIVE": 99.81981981981981,
        "INACTIVE": 0.6329113924050633,
        "INVALID": 0,
        "MALICIOUS": 0,
        "SANE": 0,
        "VALID": 0,
        "total": 100.45273121222488
    }
}