{
    "counter": {
        "ACTIVE": 2021,
        "INACTIVE": 4,
        "INVALID": 0,
        "MALICIOUS": 0,
        "SANE": 0,
        "VALID": 0,
        "total": 2025
    },
    "percentage": {
        "ACTIVE": 99.80246913580247,
        "INACTIVE": 0.33030553261767137,
        "INVALID": 0,
        "MALICIOUS": 0,
        "SANE": 0,
        "VALID": 0,
        "total": 100.13277466842014
    }
}