{
    "counter": {
        "ACTIVE": 232,
        "INACTIVE": 1,
        "INVALID": 0,
        "MALICIOUS": 0,
        "SANE": 0,
        "VALID": 0,
        "total": 233
    },
    "percentage": {
        "ACTIVE": 99.57081545064378,
        "INACTIVE": 0.5494505494505495,
        "INVALID": 0,
        "MALICIOUS": 0,
        "SANE": 0,
        "VALID": 0,
        "total": 100.12026600009433
    }
}