{
    "counter": {
        "ACTIVE": 1736,
        "INACTIVE": 4,
        "INVALID": 0,
        "MALICIOUS": 0,
        "SANE": 0,
        "VALID": 0,
        "total": 1740
    },
    "percentage": {
        "ACTIVE": 99.77011494252874,
        "INACTIVE": 0.2638522427440633,
        "INVALID": 0,
        "MALICIOUS": 0,
        "SANE": 0,
        "VALID": 0,
        "total": 100.0339671852728
    }
}