{
    "counter": {
        "ACTIVE": 1197,
        "INACTIVE": 2,
        "INVALID": 0,
        "MALICIOUS": 0,
        "SANE": 0,
        "VALID": 0,
        "total": 1199
    },
    "percentage": {
        "ACTIVE": 99.83319432860718,
        "INACTIVE": 0.22650056625141562,
        "INVALID": 0,
        "MALICIOUS": 0,
        "SANE": 0,
        "VALID": 0,
        "total": 100.0596948948586
    }
}