{
    "counter": {
        "ACTIVE": 2172,
        "INACTIVE": 3,
        "INVALID": 0,
        "MALICIOUS": 0,
        "SANE": 0,
        "VALID": 0,
        "total": 2175
    },
    "percentage": {
        "ACTIVE": 99.86206896551724,
        "INACTIVE": 0.14742014742014742,
        "INVALID": 0,
        "MALICIOUS": 0,
        "SANE": 0,
        "VALID": 0,
        "total": 100.00948911293739
    }
}