{
    "counter": {
        "ACTIVE": 1896,
        "INACTIVE": 3,
        "INVALID": 0,
        "MALICIOUS": 0,
        "SANE": 0,
        "VALID": 0,
        "total": 1899
    },
    "percentage": {
        "ACTIVE": 99.84202211690364,
        "INACTIVE": 0.16465422612513722,
        "INVALID": 0,
        "MALICIOUS": 0,
        "SANE": 0,
        "VALID": 0,
        "total": 100.00667634302877
    }
}