{
    "counter": {
        "ACTIVE": 2327,
        "INACTIVE": 1,
        "INVALID": 0,
        "MALICIOUS": 0,
        "SANE": 0,
        "VALID": 0,
        "total": 2328
    },
    "percentage": {
        "ACTIVE": 99.95704467353951,
        "INACTIVE": 0.5813953488372093,
        "INVALID": 0,
        "MALICIOUS": 0,
        "SANE": 0,
        "VALID": 0,
        "total": 100.53844002237672
    }
}