{
    "counter": {
        "ACTIVE": 880,
        "INACTIVE": 31,
        "INVALID": 0,
        "MALICIOUS": 0,
        "SANE": 0,
        "VALID": 0,
        "total": 911
    },
    "percentage": {
        "ACTIVE": 96.59714599341383,
        "INACTIVE": 3.651354534746761,
        "INVALID": 0,
        "MALICIOUS": 0,
        "SANE": 0,
        "VALID": 0,
        "total": 100.24850052816059
    }
}