{
    "counter": {
        "ACTIVE": 1042,
        "INACTIVE": 2,
        "INVALID": 0,
        "MALICIOUS": 0,
        "SANE": 0,
        "VALID": 0,
        "total": 1044
    },
    "percentage": {
        "ACTIVE": 99.80842911877394,
        "INACTIVE": 1.3157894736842106,
        "INVALID": 0,
        "MALICIOUS": 0,
        "SANE": 0,
        "VALID": 0,
        "total": 101.12421859245815
    }
}