{
    "counter": {
        "ACTIVE": 2100,
        "INACTIVE": 4,
        "INVALID": 0,
        "MALICIOUS": 0,
        "SANE": 0,
        "VALID": 0,
        "total": 2104
    },
    "percentage": {
        "ACTIVE": 99.80988593155894,
        "INACTIVE": 0.2357100766057749,
        "INVALID": 0,
        "MALICIOUS": 0,
        "SANE": 0,
        "VALID": 0,
        "total": 100.04559600816471
    }
}