{
    "counter": {
        "ACTIVE": 1558,
        "INACTIVE": 2,
        "INVALID": 0,
        "MALICIOUS": 0,
        "SANE": 0,
        "VALID": 0,
        "total": 1560
    },
    "percentage": {
        "ACTIVE": 99.87179487179488,
        "INACTIVE": 0.33003300330033003,
        "INVALID": 0,
        "MALICIOUS": 0,
        "SANE": 0,
        "VALID": 0,
        "total": 100.2018278750952
    }
}