{
    "counter": {
        "ACTIVE": 848,
        "INACTIVE": 2,
        "INVALID": 0,
        "MALICIOUS": 0,
        "SANE": 0,
        "VALID": 0,
        "total": 850
    },
    "percentage": {
        "ACTIVE": 99.76470588235294,
        "INACTIVE": 1.183431952662722,
        "INVALID": 0,
        "MALICIOUS": 0,
        "SANE": 0,
        "VALID": 0,
        "total": 100.94813783501566
    }
}