{
    "counter": {
        "ACTIVE": 2491,
        "INACTIVE": 1,
        "INVALID": 0,
        "MALICIOUS": 0,
        "SANE": 0,
        "VALID": 0,
        "total": 2492
    },
    "percentage": {
        "ACTIVE": 99.95987158908507,
        "INACTIVE": 0.04206983592763988,
        "INVALID": 0,
        "MALICIOUS": 0,
        "SANE": 0,
        "VALID": 0,
        "total": 100.0019414250127
    }
}