{
    "counter": {
        "ACTIVE": 2729,
        "INACTIVE": 2,
        "INVALID": 0,
        "MALICIOUS": 0,
        "SANE": 0,
        "VALID": 0,
        "total": 2731
    },
    "percentage": {
        "ACTIVE": 99.92676675210545,
        "INACTIVE": 0.07668711656441718,
        "INVALID": 0,
        "MALICIOUS": 0,
        "SANE": 0,
        "VALID": 0,
        "total": 100.00345386866987
    }
}