{
    "counter": {
        "ACTIVE": 1000,
        "INACTIVE": 1,
        "INVALID": 0,
        "MALICIOUS": 0,
        "SANE": 0,
        "VALID": 0,
        "total": 1001
    },
    "percentage": {
        "ACTIVE": 99.9000999000999,
        "INACTIVE": 0.24509803921568626,
        "INVALID": 0,
        "MALICIOUS": 0,
        "SANE": 0,
        "VALID": 0,
        "total": 100.1451979393156
    }
}