{
    "counter": {
        "ACTIVE": 1516,
        "INACTIVE": 2,
        "INVALID": 0,
        "MALICIOUS": 0,
        "SANE": 0,
        "VALID": 0,
        "total": 1518
    },
    "percentage": {
        "ACTIVE": 99.86824769433466,
        "INACTIVE": 0.2936857562408223,
        "INVALID": 0,
        "MALICIOUS": 0,
        "SANE": 0,
        "VALID": 0,
        "total": 100.16193345057548
    }
}