{
    "counter": {
        "ACTIVE": 1184,
        "INACTIVE": 1,
        "INVALID": 0,
        "MALICIOUS": 0,
        "SANE": 0,
        "VALID": 0,
        "total": 1185
    },
    "percentage": {
        "ACTIVE": 99.915611814346,
        "INACTIVE": 0.2403846153846154,
        "INVALID": 0,
        "MALICIOUS": 0,
        "SANE": 0,
        "VALID": 0,
        "total": 100.1559964297306
    }
}