{
    "counter": {
        "ACTIVE": 3191,
        "INACTIVE": 3,
        "INVALID": 0,
        "MALICIOUS": 0,
        "SANE": 0,
        "VALID": 0,
        "total": 3194
    },
    "percentage": {
        "ACTIVE": 99.90607388854102,
        "INACTIVE": 1.5228426395939085,
        "INVALID": 0,
        "MALICIOUS": 0,
        "SANE": 0,
        "VALID": 0,
        "total": 101.42891652813492
    }
}