{
    "counter": {
        "ACTIVE": 717,
        "INACTIVE": 1,
        "INVALID": 0,
        "MALICIOUS": 0,
        "SANE": 0,
        "VALID": 0,
        "total": 718
    },
    "percentage": {
        "ACTIVE": 99.86072423398329,
        "INACTIVE": 0.49261083743842365,
        "INVALID": 0,
        "MALICIOUS": 0,
        "SANE": 0,
        "VALID": 0,
        "total": 100.35333507142171
    }
}