{
    "counter": {
        "ACTIVE": 522,
        "INACTIVE": 2,
        "INVALID": 0,
        "MALICIOUS": 0,
        "SANE": 0,
        "VALID": 0,
        "total": 524
    },
    "percentage": {
        "ACTIVE": 99.61832061068702,
        "INACTIVE": 1.3157894736842106,
        "INVALID": 0,
        "MALICIOUS": 0,
        "SANE": 0,
        "VALID": 0,
        "total": 100.93411008437123
    }
}