{
    "counter": {
        "ACTIVE": 1562,
        "INACTIVE": 2,
        "INVALID": 0,
        "MALICIOUS": 0,
        "SANE": 0,
        "VALID": 0,
        "total": 1564
    },
    "percentage": {
        "ACTIVE": 99.87212276214834,
        "INACTIVE": 0.1532567049808429,
        "INVALID": 0,
        "MALICIOUS": 0,
        "SANE": 0,
        "VALID": 0,
        "total": 100.02537946712918
    }
}