{
    "counter": {
        "ACTIVE": 662,
        "INACTIVE": 1,
        "INVALID": 0,
        "MALICIOUS": 0,
        "SANE": 0,
        "VALID": 0,
        "total": 663
    },
    "percentage": {
        "ACTIVE": 99.84917043740573,
        "INACTIVE": 0.24509803921568626,
        "INVALID": 0,
        "MALICIOUS": 0,
        "SANE": 0,
        "VALID": 0,
        "total": 100.09426847662142
    }
}