{
    "counter": {
        "ACTIVE": 1314,
        "INACTIVE": 1,
        "INVALID": 0,
        "MALICIOUS": 0,
        "SANE": 0,
        "VALID": 0,
        "total": 1315
    },
    "percentage": {
        "ACTIVE": 99.92395437262357,
        "INACTIVE": 0.16722408026755853,
        "INVALID": 0,
        "MALICIOUS": 0,
        "SANE": 0,
        "VALID": 0,
        "total": 100.09117845289113
    }
}