{
    "counter": {
        "ACTIVE": 717,
        "INACTIVE": 2,
        "INVALID": 0,
        "MALICIOUS": 0,
        "SANE": 0,
        "VALID": 0,
        "total": 719
    },
    "percentage": {
        "ACTIVE": 99.72183588317107,
        "INACTIVE": 0.44052863436123346,
        "INVALID": 0,
        "MALICIOUS": 0,
        "SANE": 0,
        "VALID": 0,
        "total": 100.1623645175323
    }
}