{
    "counter": {
        "ACTIVE": 1430,
        "INACTIVE": 3,
        "INVALID": 0,
        "MALICIOUS": 0,
        "SANE": 0,
        "VALID": 0,
        "total": 1433
    },
    "percentage": {
        "ACTIVE": 99.79064898813678,
        "INACTIVE": 0.21261516654854712,
        "INVALID": 0,
        "MALICIOUS": 0,
        "SANE": 0,
        "VALID": 0,
        "total": 100.00326415468533
    }
}