{
    "counter": {
        "ACTIVE": 2336,
        "INACTIVE": 1,
        "INVALID": 0,
        "MALICIOUS": 0,
        "SANE": 0,
        "VALID": 0,
        "total": 2337
    },
    "percentage": {
        "ACTIVE": 99.95721009841678,
        "INACTIVE": 0.047214353163361665,
        "INVALID": 0,
        "MALICIOUS": 0,
        "SANE": 0,
        "VALID": 0,
        "total": 100.00442445158014
    }
}