{
    "counter": {
        "ACTIVE": 1639,
        "INACTIVE": 1,
        "INVALID": 0,
        "MALICIOUS": 0,
        "SANE": 0,
        "VALID": 0,
        "total": 1640
    },
    "percentage": {
        "ACTIVE": 99.9390243902439,
        "INACTIVE": 0.12330456226880394,
        "INVALID": 0,
        "MALICIOUS": 0,
        "SANE": 0,
        "VALID": 0,
        "total": 100.0623289525127
    }
}