{
    "counter": {
        "ACTIVE": 1194,
        "INACTIVE": 2,
        "INVALID": 0,
        "MALICIOUS": 0,
        "SANE": 0,
        "VALID": 0,
        "total": 1196
    },
    "percentage": {
        "ACTIVE": 99.83277591973244,
        "INACTIVE": 0.24906600249066002,
        "INVALID": 0,
        "MALICIOUS": 0,
        "SANE": 0,
        "VALID": 0,
        "total": 100.0818419222231
    }
}