{
    "counter": {
        "ACTIVE": 1667,
        "INACTIVE": 1,
        "INVALID": 0,
        "MALICIOUS": 0,
        "SANE": 0,
        "VALID": 0,
        "total": 1668
    },
    "percentage": {
        "ACTIVE": 99.9400479616307,
        "INACTIVE": 0.5376344086021505,
        "INVALID": 0,
        "MALICIOUS": 0,
        "SANE": 0,
        "VALID": 0,
        "total": 100.47768237023284
    }
}