{
    "counter": {
        "ACTIVE": 2242,
        "INACTIVE": 5,
        "INVALID": 0,
        "MALICIOUS": 0,
        "SANE": 0,
        "VALID": 0,
        "total": 2247
    },
    "percentage": {
        "ACTIVE": 99.7774810858923,
        "INACTIVE": 0.25497195308516063,
        "INVALID": 0,
        "MALICIOUS": 0,
        "SANE": 0,
        "VALID": 0,
        "total": 100.03245303897747
    }
}