{
    "counter": {
        "ACTIVE": 191,
        "INACTIVE": 1,
        "INVALID": 0,
        "MALICIOUS": 0,
        "SANE": 0,
        "VALID": 0,
        "total": 192
    },
    "percentage": {
        "ACTIVE": 99.47916666666667,
        "INACTIVE": 1.9230769230769231,
        "INVALID": 0,
        "MALICIOUS": 0,
        "SANE": 0,
        "VALID": 0,
        "total": 101.40224358974359
    }
}