{
    "counter": {
        "ACTIVE": 1337,
        "INACTIVE": 1,
        "INVALID": 0,
        "MALICIOUS": 0,
        "SANE": 0,
        "VALID": 0,
        "total": 1338
    },
    "percentage": {
        "ACTIVE": 99.9252615844544,
        "INACTIVE": 0.09208103130755065,
        "INVALID": 0,
        "MALICIOUS": 0,
        "SANE": 0,
        "VALID": 0,
        "total": 100.01734261576196
    }
}