{
    "counter": {
        "ACTIVE": 371,
        "INACTIVE": 1,
        "INVALID": 0,
        "MALICIOUS": 0,
        "SANE": 0,
        "VALID": 0,
        "total": 372
    },
    "percentage": {
        "ACTIVE": 99.73118279569893,
        "INACTIVE": 1.1627906976744187,
        "INVALID": 0,
        "MALICIOUS": 0,
        "SANE": 0,
        "VALID": 0,
        "total": 100.89397349337335
    }
}