{
    "counter": {
        "ACTIVE": 2005,
        "INACTIVE": 2,
        "INVALID": 0,
        "MALICIOUS": 0,
        "SANE": 0,
        "VALID": 0,
        "total": 2007
    },
    "percentage": {
        "ACTIVE": 99.90034877927255,
        "INACTIVE": 0.1936108422071636,
        "INVALID": 0,
        "MALICIOUS": 0,
        "SANE": 0,
        "VALID": 0,
        "total": 100.09395962147971
    }
}