{
    "counter": {
        "ACTIVE": 1176,
        "INACTIVE": 1,
        "INVALID": 0,
        "MALICIOUS": 0,
        "SANE": 0,
        "VALID": 0,
        "total": 1177
    },
    "percentage": {
        "ACTIVE": 99.91503823279524,
        "INACTIVE": 0.12033694344163658,
        "INVALID": 0,
        "MALICIOUS": 0,
        "SANE": 0,
        "VALID": 0,
        "total": 100.03537517623688
    }
}