{
    "counter": {
        "ACTIVE": 517,
        "INACTIVE": 2,
        "INVALID": 0,
        "MALICIOUS": 0,
        "SANE": 0,
        "VALID": 0,
        "total": 519
    },
    "percentage": {
        "ACTIVE": 99.61464354527938,
        "INACTIVE": 0.4784688995215311,
        "INVALID": 0,
        "MALICIOUS": 0,
        "SANE": 0,
        "VALID": 0,
        "total": 100.09311244480091
    }
}