{
    "counter": {
        "ACTIVE": 2071,
        "INACTIVE": 2,
        "INVALID": 0,
        "MALICIOUS": 0,
        "SANE": 0,
        "VALID": 0,
        "total": 2073
    },
    "percentage": {
        "ACTIVE": 99.9035214664737,
        "INACTIVE": 0.8333333333333334,
        "INVALID": 0,
        "MALICIOUS": 0,
        "SANE": 0,
        "VALID": 0,
        "total": 100.73685479980703
    }
}