{
    "counter": {
        "ACTIVE": 1704,
        "INACTIVE": 2,
        "INVALID": 0,
        "MALICIOUS": 0,
        "SANE": 0,
        "VALID": 0,
        "total": 1706
    },
    "percentage": {
        "ACTIVE": 99.88276670574443,
        "INACTIVE": 0.12853470437017994,
        "INVALID": 0,
        "MALICIOUS": 0,
        "SANE": 0,
        "VALID": 0,
        "total": 100.01130141011461
    }
}