{
    "counter": {
        "ACTIVE": 1843,
        "INACTIVE": 7,
        "INVALID": 0,
        "MALICIOUS": 0,
        "SANE": 0,
        "VALID": 0,
        "total": 1850
    },
    "percentage": {
        "ACTIVE": 99.62162162162163,
        "INACTIVE": 0.3787878787878788,
        "INVALID": 0,
        "MALICIOUS": 0,
        "SANE": 0,
        "VALID": 0,
        "total": 100.0004095004095
    }
}