{
    "counter": {
        "ACTIVE": 2180,
        "INACTIVE": 1,
        "INVALID": 0,
        "MALICIOUS": 0,
        "SANE": 0,
        "VALID": 0,
        "total": 2181
    },
    "percentage": {
        "ACTIVE": 99.95414947271894,
        "INACTIVE": 0.05927682276229994,
        "INVALID": 0,
        "MALICIOUS": 0,
        "SANE": 0,
        "VALID": 0,
        "total": 100.01342629548124
    }
}