{
    "counter": {
        "ACTIVE": 915,
        "INACTIVE": 1,
        "INVALID": 0,
        "MALICIOUS": 0,
        "SANE": 0,
        "VALID": 0,
        "total": 916
    },
    "percentage": {
        "ACTIVE": 99.89082969432314,
        "INACTIVE": 0.1949317738791423,
        "INVALID": 0,
        "MALICIOUS": 0,
        "SANE": 0,
        "VALID": 0,
        "total": 100.08576146820229
    }
}