{
    "counter": {
        "ACTIVE": 608,
        "INACTIVE": 1,
        "INVALID": 0,
        "MALICIOUS": 0,
        "SANE": 0,
        "VALID": 0,
        "total": 609
    },
    "percentage": {
        "ACTIVE": 99.83579638752053,
        "INACTIVE": 0.4975124378109453,
        "INVALID": 0,
        "MALICIOUS": 0,
        "SANE": 0,
        "VALID": 0,
        "total": 100.33330882533147
    }
}