{
    "counter": {
        "ACTIVE": 523,
        "INACTIVE": 1,
        "INVALID": 0,
        "MALICIOUS": 0,
        "SANE": 0,
        "VALID": 0,
        "total": 524
    },
    "percentage": {
        "ACTIVE": 99.80916030534351,
        "INACTIVE": 0.704225352112676,
        "INVALID": 0,
        "MALICIOUS": 0,
        "SANE": 0,
        "VALID": 0,
        "total": 100.51338565745618
    }
}