{
    "counter": {
        "ACTIVE": 1083,
        "INACTIVE": 1,
        "INVALID": 0,
        "MALICIOUS": 0,
        "SANE": 0,
        "VALID": 0,
        "total": 1084
    },
    "percentage": {
        "ACTIVE": 99.90774907749078,
        "INACTIVE": 0.7142857142857143,
        "INVALID": 0,
        "MALICIOUS": 0,
        "SANE": 0,
        "VALID": 0,
        "total": 100.62203479177649
    }
}