{
    "counter": {
        "ACTIVE": 2341,
        "INACTIVE": 4,
        "INVALID": 0,
        "MALICIOUS": 0,
        "SANE": 0,
        "VALID": 0,
        "total": 2345
    },
    "percentage": {
        "ACTIVE": 99.82942430703625,
        "INACTIVE": 0.2229654403567447,
        "INVALID": 0,
        "MALICIOUS": 0,
        "SANE": 0,
        "VALID": 0,
        "total": 100.052389747393
    }
}