{
    "counter": {
        "ACTIVE": 2053,
        "INACTIVE": 6,
        "INVALID": 0,
        "MALICIOUS": 0,
        "SANE": 0,
        "VALID": 0,
        "total": 2059
    },
    "percentage": {
        "ACTIVE": 99.70859640602234,
        "INACTIVE": 0.29850746268656714,
        "INVALID": 0,
        "MALICIOUS": 0,
        "SANE": 0,
        "VALID": 0,
        "total": 100.00710386870891
    }
}