{
    "counter": {
        "ACTIVE": 1765,
        "INACTIVE": 2,
        "INVALID": 0,
        "MALICIOUS": 0,
        "SANE": 0,
        "VALID": 0,
        "total": 1767
    },
    "percentage": {
        "ACTIVE": 99.88681380871533,
        "INACTIVE": 1.3157894736842106,
        "INVALID": 0,
        "MALICIOUS": 0,
        "SANE": 0,
        "VALID": 0,
        "total": 101.20260328239954
    }
}