{
    "counter": {
        "ACTIVE": 2085,
        "INACTIVE": 3,
        "INVALID": 0,
        "MALICIOUS": 0,
        "SANE": 0,
        "VALID": 0,
        "total": 2088
    },
    "percentage": {
        "ACTIVE": 99.85632183908046,
        "INACTIVE": 0.16901408450704225,
        "INVALID": 0,
        "MALICIOUS": 0,
        "SANE": 0,
        "VALID": 0,
        "total": 100.0253359235875
    }
}