{
    "counter": {
        "ACTIVE": 545,
        "INACTIVE": 2,
        "INVALID": 0,
        "MALICIOUS": 0,
        "SANE": 0,
        "VALID": 0,
        "total": 547
    },
    "percentage": {
        "ACTIVE": 99.6343692870201,
        "INACTIVE": 0.41237113402061853,
        "INVALID": 0,
        "MALICIOUS": 0,
        "SANE": 0,
        "VALID": 0,
        "total": 100.04674042104072
    }
}