{
    "counter": {
        "ACTIVE": 306,
        "INACTIVE": 2,
        "INVALID": 0,
        "MALICIOUS": 0,
        "SANE": 0,
        "VALID": 0,
        "total": 308
    },
    "percentage": {
        "ACTIVE": 99.35064935064935,
        "INACTIVE": 0.8771929824561403,
        "INVALID": 0,
        "MALICIOUS": 0,
        "SANE": 0,
        "VALID": 0,
        "total": 100.22784233310549
    }
}