{
    "counter": {
        "ACTIVE": 1050,
        "INACTIVE": 2,
        "INVALID": 0,
        "MALICIOUS": 0,
        "SANE": 0,
        "VALID": 0,
        "total": 1052
    },
    "percentage": {
        "ACTIVE": 99.80988593155894,
        "INACTIVE": 0.2849002849002849,
        "INVALID": 0,
        "MALICIOUS": 0,
        "SANE": 0,
        "VALID": 0,
        "total": 100.09478621645923
    }
}