{
    "counter": {
        "ACTIVE": 3200,
        "INACTIVE": 1,
        "INVALID": 0,
        "MALICIOUS": 0,
        "SANE": 0,
        "VALID": 0,
        "total": 3201
    },
    "percentage": {
        "ACTIVE": 99.9687597625742,
        "INACTIVE": 0.034891835310537335,
        "INVALID": 0,
        "MALICIOUS": 0,
        "SANE": 0,
        "VALID": 0,
        "total": 100.00365159788473
    }
}