{
    "counter": {
        "ACTIVE": 349,
        "INACTIVE": 2,
        "INVALID": 0,
        "MALICIOUS": 0,
        "SANE": 0,
        "VALID": 0,
        "total": 351
    },
    "percentage": {
        "ACTIVE": 99.43019943019944,
        "INACTIVE": 1.183431952662722,
        "INVALID": 0,
        "MALICIOUS": 0,
        "SANE": 0,
        "VALID": 0,
        "total": 100.61363138286215
    }
}