{
    "counter": {
        "ACTIVE": 1613,
        "INACTIVE": 1,
        "INVALID": 0,
        "MALICIOUS": 0,
        "SANE": 0,
        "VALID": 0,
        "total": 1614
    },
    "percentage": {
        "ACTIVE": 99.93804213135068,
        "INACTIVE": 0.22988505747126436,
        "INVALID": 0,
        "MALICIOUS": 0,
        "SANE": 0,
        "VALID": 0,
        "total": 100.16792718882195
    }
}