{
    "counter": {
        "ACTIVE": 183,
        "INACTIVE": 1,
        "INVALID": 0,
        "MALICIOUS": 0,
        "SANE": 0,
        "VALID": 0,
        "total": 184
    },
    "percentage": {
        "ACTIVE": 99.45652173913044,
        "INACTIVE": 0.9090909090909091,
        "INVALID": 0,
        "MALICIOUS": 0,
        "SANE": 0,
        "VALID": 0,
        "total": 100.36561264822134
    }
}