{
    "counter": {
        "ACTIVE": 1305,
        "INACTIVE": 3,
        "INVALID": 0,
        "MALICIOUS": 0,
        "SANE": 0,
        "VALID": 0,
        "total": 1308
    },
    "percentage": {
        "ACTIVE": 99.77064220183486,
        "INACTIVE": 0.30181086519114686,
        "INVALID": 0,
        "MALICIOUS": 0,
        "SANE": 0,
        "VALID": 0,
        "total": 100.072453067026
    }
}