{
    "counter": {
        "ACTIVE": 4408,
        "INACTIVE": 1,
        "INVALID": 0,
        "MALICIOUS": 0,
        "SANE": 0,
        "VALID": 0,
        "total": 4409
    },
    "percentage": {
        "ACTIVE": 99.97731911998186,
        "INACTIVE": 0.022680880018144705,
        "INVALID": 0.0,
        "MALICIOUS": 0.0,
        "SANE": 0.0,
        "VALID": 0.0,
        "total": 100.0
    }
}