{
    "counter": {
        "ACTIVE": 1904,
        "INACTIVE": 3,
        "INVALID": 0,
        "MALICIOUS": 0,
        "SANE": 0,
        "VALID": 0,
        "total": 1907
    },
    "percentage": {
        "ACTIVE": 99.84268484530676,
        "INACTIVE": 0.228310502283105,
        "INVALID": 0,
        "MALICIOUS": 0,
        "SANE": 0,
        "VALID": 0,
        "total": 100.07099534758987
    }
}