{
    "counter": {
        "ACTIVE": 996,
        "INACTIVE": 1,
        "INVALID": 0,
        "MALICIOUS": 0,
        "SANE": 0,
        "VALID": 0,
        "total": 997
    },
    "percentage": {
        "ACTIVE": 99.89969909729187,
        "INACTIVE": 0.4975124378109453,
        "INVALID": 0,
        "MALICIOUS": 0,
        "SANE": 0,
        "VALID": 0,
        "total": 100.39721153510281
    }
}