{
    "counter": {
        "ACTIVE": 1913,
        "INACTIVE": 5,
        "INVALID": 0,
        "MALICIOUS": 0,
        "SANE": 0,
        "VALID": 0,
        "total": 1918
    },
    "percentage": {
        "ACTIVE": 99.7393117831074,
        "INACTIVE": 0.3203074951953876,
        "INVALID": 0,
        "MALICIOUS": 0,
        "SANE": 0,
        "VALID": 0,
        "total": 100.05961927830279
    }
}