{
    "counter": {
        "ACTIVE": 734,
        "INACTIVE": 1,
        "INVALID": 0,
        "MALICIOUS": 0,
        "SANE": 0,
        "VALID": 0,
        "total": 735
    },
    "percentage": {
        "ACTIVE": 99.8639455782313,
        "INACTIVE": 0.2457002457002457,
        "INVALID": 0,
        "MALICIOUS": 0,
        "SANE": 0,
        "VALID": 0,
        "total": 100.10964582393154
    }
}