{
    "counter": {
        "ACTIVE": 1343,
        "INACTIVE": 21,
        "INVALID": 0,
        "MALICIOUS": 0,
        "SANE": 0,
        "VALID": 0,
        "total": 1364
    },
    "percentage": {
        "ACTIVE": 98.46041055718474,
        "INACTIVE": 1.5753938484621155,
        "INVALID": 0,
        "MALICIOUS": 0,
        "SANE": 0,
        "VALID": 0,
        "total": 100.03580440564686
    }
}