{
    "counter": {
        "ACTIVE": 2216,
        "INACTIVE": 4,
        "INVALID": 0,
        "MALICIOUS": 0,
        "SANE": 0,
        "VALID": 0,
        "total": 2220
    },
    "percentage": {
        "ACTIVE": 99.81981981981981,
        "INACTIVE": 0.19038553069966682,
        "INVALID": 0,
        "MALICIOUS": 0,
        "SANE": 0,
        "VALID": 0,
        "total": 100.01020535051948
    }
}