{
    "counter": {
        "ACTIVE": 1624,
        "INACTIVE": 1,
        "INVALID": 0,
        "MALICIOUS": 0,
        "SANE": 0,
        "VALID": 0,
        "total": 1625
    },
    "percentage": {
        "ACTIVE": 99.93846153846154,
        "INACTIVE": 0.1037344398340249,
        "INVALID": 0,
        "MALICIOUS": 0,
        "SANE": 0,
        "VALID": 0,
        "total": 100.04219597829557
    }
}