{
    "counter": {
        "ACTIVE": 1374,
        "INACTIVE": 1,
        "INVALID": 0,
        "MALICIOUS": 0,
        "SANE": 0,
        "VALID": 0,
        "total": 1375
    },
    "percentage": {
        "ACTIVE": 99.92727272727272,
        "INACTIVE": 0.07457121551081283,
        "INVALID": 0,
        "MALICIOUS": 0,
        "SANE": 0,
        "VALID": 0,
        "total": 100.00184394278354
    }
}