{
    "counter": {
        "ACTIVE": 1394,
        "INACTIVE": 1,
        "INVALID": 0,
        "MALICIOUS": 0,
        "SANE": 0,
        "VALID": 0,
        "total": 1395
    },
    "percentage": {
        "ACTIVE": 99.92831541218638,
        "INACTIVE": 0.6493506493506493,
        "INVALID": 0,
        "MALICIOUS": 0,
        "SANE": 0,
        "VALID": 0,
        "total": 100.57766606153703
    }
}