{
    "counter": {
        "ACTIVE": 2304,
        "INACTIVE": 1,
        "INVALID": 0,
        "MALICIOUS": 0,
        "SANE": 0,
        "VALID": 0,
        "total": 2305
    },
    "percentage": {
        "ACTIVE": 99.95661605206074,
        "INACTIVE": 0.088261253309797,
        "INVALID": 0,
        "MALICIOUS": 0,
        "SANE": 0,
        "VALID": 0,
        "total": 100.04487730537053
    }
}