{
    "counter": {
        "ACTIVE": 1597,
        "INACTIVE": 1,
        "INVALID": 0,
        "MALICIOUS": 0,
        "SANE": 0,
        "VALID": 0,
        "total": 1598
    },
    "percentage": {
        "ACTIVE": 99.93742177722153,
        "INACTIVE": 0.20449897750511248,
        "INVALID": 0,
        "MALICIOUS": 0,
        "SANE": 0,
        "VALID": 0,
        "total": 100.14192075472664
    }
}