{
    "counter": {
        "ACTIVE": 1361,
        "INACTIVE": 1,
        "INVALID": 0,
        "MALICIOUS": 0,
        "SANE": 0,
        "VALID": 0,
        "total": 1362
    },
    "percentage": {
        "ACTIVE": 99.92657856093979,
        "INACTIVE": 0.0847457627118644,
        "INVALID": 0,
        "MALICIOUS": 0,
        "SANE": 0,
        "VALID": 0,
        "total": 100.01132432365165
    }
}