{
    "counter": {
        "ACTIVE": 1713,
        "INACTIVE": 1,
        "INVALID": 0,
        "MALICIOUS": 0,
        "SANE": 0,
        "VALID": 0,
        "total": 1714
    },
    "percentage": {
        "ACTIVE": 99.9416569428238,
        "INACTIVE": 0.141643059490085,
        "INVALID": 0,
        "MALICIOUS": 0,
        "SANE": 0,
        "VALID": 0,
        "total": 100.08330000231388
    }
}