{
    "counter": {
        "ACTIVE": 1053,
        "INACTIVE": 1,
        "INVALID": 0,
        "MALICIOUS": 0,
        "SANE": 0,
        "VALID": 0,
        "total": 1054
    },
    "percentage": {
        "ACTIVE": 99.90512333965845,
        "INACTIVE": 0.6289308176100629,
        "INVALID": 0,
        "MALICIOUS": 0,
        "SANE": 0,
        "VALID": 0,
        "total": 100.53405415726851
    }
}