{
    "counter": {
        "ACTIVE": 2158,
        "INACTIVE": 13,
        "INVALID": 0,
        "MALICIOUS": 0,
        "SANE": 0,
        "VALID": 0,
        "total": 2171
    },
    "percentage": {
        "ACTIVE": 99.40119760479043,
        "INACTIVE": 0.7798440311937612,
        "INVALID": 0,
        "MALICIOUS": 0,
        "SANE": 0,
        "VALID": 0,
        "total": 100.18104163598419
    }
}