{
    "counter": {
        "ACTIVE": 516,
        "INACTIVE": 2,
        "INVALID": 0,
        "MALICIOUS": 0,
        "SANE": 0,
        "VALID": 0,
        "total": 518
    },
    "percentage": {
        "ACTIVE": 99.61389961389962,
        "INACTIVE": 0.6042296072507553,
        "INVALID": 0,
        "MALICIOUS": 0,
        "SANE": 0,
        "VALID": 0,
        "total": 100.21812922115038
    }
}