{
    "counter": {
        "ACTIVE": 2160,
        "INACTIVE": 2,
        "INVALID": 0,
        "MALICIOUS": 0,
        "SANE": 0,
        "VALID": 0,
        "total": 2162
    },
    "percentage": {
        "ACTIVE": 99.90749306197965,
        "INACTIVE": 0.12345679012345678,
        "INVALID": 0,
        "MALICIOUS": 0,
        "SANE": 0,
        "VALID": 0,
        "total": 100.0309498521031
    }
}