{
    "counter": {
        "ACTIVE": 2221,
        "INACTIVE": 4,
        "INVALID": 0,
        "MALICIOUS": 0,
        "SANE": 0,
        "VALID": 0,
        "total": 2225
    },
    "percentage": {
        "ACTIVE": 99.82022471910112,
        "INACTIVE": 0.18399264029438822,
        "INVALID": 0,
        "MALICIOUS": 0,
        "SANE": 0,
        "VALID": 0,
        "total": 100.00421735939551
    }
}