{
    "counter": {
        "ACTIVE": 882,
        "INACTIVE": 1,
        "INVALID": 0,
        "MALICIOUS": 0,
        "SANE": 0,
        "VALID": 0,
        "total": 883
    },
    "percentage": {
        "ACTIVE": 99.88674971687429,
        "INACTIVE": 0.12690355329949238,
        "INVALID": 0,
        "MALICIOUS": 0,
        "SANE": 0,
        "VALID": 0,
        "total": 100.01365327017379
    }
}