{
    "counter": {
        "ACTIVE": 2299,
        "INACTIVE": 8,
        "INVALID": 0,
        "MALICIOUS": 0,
        "SANE": 0,
        "VALID": 0,
        "total": 2307
    },
    "percentage": {
        "ACTIVE": 99.65322930212398,
        "INACTIVE": 0.5594405594405595,
        "INVALID": 0,
        "MALICIOUS": 0,
        "SANE": 0,
        "VALID": 0,
        "total": 100.21266986156454
    }
}