{
    "counter": {
        "ACTIVE": 957,
        "INACTIVE": 1,
        "INVALID": 0,
        "MALICIOUS": 0,
        "SANE": 0,
        "VALID": 0,
        "total": 958
    },
    "percentage": {
        "ACTIVE": 99.89561586638831,
        "INACTIVE": 0.11723329425556858,
        "INVALID": 0,
        "MALICIOUS": 0,
        "SANE": 0,
        "VALID": 0,
        "total": 100.01284916064388
    }
}