{
    "counter": {
        "ACTIVE": 1401,
        "INACTIVE": 3,
        "INVALID": 0,
        "MALICIOUS": 0,
        "SANE": 0,
        "VALID": 0,
        "total": 1404
    },
    "percentage": {
        "ACTIVE": 99.78632478632478,
        "INACTIVE": 0.30832476875642345,
        "INVALID": 0,
        "MALICIOUS": 0,
        "SANE": 0,
        "VALID": 0,
        "total": 100.0946495550812
    }
}