{
    "counter": {
        "ACTIVE": 1407,
        "INACTIVE": 2,
        "INVALID": 0,
        "MALICIOUS": 0,
        "SANE": 0,
        "VALID": 0,
        "total": 1409
    },
    "percentage": {
        "ACTIVE": 99.85805535841023,
        "INACTIVE": 0.3110419906687403,
        "INVALID": 0,
        "MALICIOUS": 0,
        "SANE": 0,
        "VALID": 0,
        "total": 100.16909734907897
    }
}