{
    "counter": {
        "ACTIVE": 2706,
        "INACTIVE": 5,
        "INVALID": 0,
        "MALICIOUS": 0,
        "SANE": 0,
        "VALID": 0,
        "total": 2711
    },
    "percentage": {
        "ACTIVE": 99.81556621172999,
        "INACTIVE": 0.1855976243504083,
        "INVALID": 0,
        "MALICIOUS": 0,
        "SANE": 0,
        "VALID": 0,
        "total": 100.0011638360804
    }
}