{
    "counter": {
        "ACTIVE": 3278,
        "INACTIVE": 1,
        "INVALID": 0,
        "MALICIOUS": 0,
        "SANE": 0,
        "VALID": 0,
        "total": 3279
    },
    "percentage": {
        "ACTIVE": 99.96950289722476,
        "INACTIVE": 0.5586592178770949,
        "INVALID": 0,
        "MALICIOUS": 0,
        "SANE": 0,
        "VALID": 0,
        "total": 100.52816211510185
    }
}