{
    "counter": {
        "ACTIVE": 377,
        "INACTIVE": 1,
        "INVALID": 0,
        "MALICIOUS": 0,
        "SANE": 0,
        "VALID": 0,
        "total": 378
    },
    "percentage": {
        "ACTIVE": 99.73544973544973,
        "INACTIVE": 2.7777777777777777,
        "INVALID": 0,
        "MALICIOUS": 0,
        "SANE": 0,
        "VALID": 0,
        "total": 102.5132275132275
    }
}