{
    "counter": {
        "ACTIVE": 1408,
        "INACTIVE": 2,
        "INVALID": 0,
        "MALICIOUS": 0,
        "SANE": 0,
        "VALID": 0,
        "total": 1410
    },
    "percentage": {
        "ACTIVE": 99.8581560283688,
        "INACTIVE": 0.22935779816513763,
        "INVALID": 0,
        "MALICIOUS": 0,
        "SANE": 0,
        "VALID": 0,
        "total": 100.08751382653394
    }
}