{
    "counter": {
        "ACTIVE": 2181,
        "INACTIVE": 2,
        "INVALID": 0,
        "MALICIOUS": 0,
        "SANE": 0,
        "VALID": 0,
        "total": 2183
    },
    "percentage": {
        "ACTIVE": 99.90838295923042,
        "INACTIVE": 0.5434782608695652,
        "INVALID": 0,
        "MALICIOUS": 0,
        "SANE": 0,
        "VALID": 0,
        "total": 100.45186122009999
    }
}