{
    "counter": {
        "ACTIVE": 672,
        "INACTIVE": 3,
        "INVALID": 0,
        "MALICIOUS": 0,
        "SANE": 0,
        "VALID": 0,
        "total": 675
    },
    "percentage": {
        "ACTIVE": 99.55555555555556,
        "INACTIVE": 0.6711409395973155,
        "INVALID": 0,
        "MALICIOUS": 0,
        "SANE": 0,
        "VALID": 0,
        "total": 100.22669649515288
    }
}