{
    "counter": {
        "ACTIVE": 3543,
        "INACTIVE": 2,
        "INVALID": 0,
        "MALICIOUS": 0,
        "SANE": 0,
        "VALID": 0,
        "total": 3545
    },
    "percentage": {
        "ACTIVE": 99.94358251057828,
        "INACTIVE": 0.056417489421720736,
        "INVALID": 0.0,
        "MALICIOUS": 0.0,
        "SANE": 0.0,
        "VALID": 0.0,
        "total": 100.0
    }
}