{
    "counter": {
        "ACTIVE": 522,
        "INACTIVE": 1,
        "INVALID": 0,
        "MALICIOUS": 0,
        "SANE": 0,
        "VALID": 0,
        "total": 523
    },
    "percentage": {
        "ACTIVE": 99.80879541108986,
        "INACTIVE": 0.7692307692307693,
        "INVALID": 0,
        "MALICIOUS": 0,
        "SANE": 0,
        "VALID": 0,
        "total": 100.57802618032063
    }
}