{
    "counter": {
        "ACTIVE": 1649,
        "INACTIVE": 3,
        "INVALID": 0,
        "MALICIOUS": 0,
        "SANE": 0,
        "VALID": 0,
        "total": 1652
    },
    "percentage": {
        "ACTIVE": 99.818401937046,
        "INACTIVE": 0.5319148936170213,
        "INVALID": 0,
        "MALICIOUS": 0,
        "SANE": 0,
        "VALID": 0,
        "total": 100.35031683066303
    }
}