{
    "counter": {
        "ACTIVE": 1742,
        "INACTIVE": 2,
        "INVALID": 0,
        "MALICIOUS": 0,
        "SANE": 0,
        "VALID": 0,
        "total": 1744
    },
    "percentage": {
        "ACTIVE": 99.88532110091744,
        "INACTIVE": 1.0050251256281406,
        "INVALID": 0,
        "MALICIOUS": 0,
        "SANE": 0,
        "VALID": 0,
        "total": 100.89034622654557
    }
}