{
    "counter": {
        "ACTIVE": 1335,
        "INACTIVE": 5,
        "INVALID": 0,
        "MALICIOUS": 0,
        "SANE": 0,
        "VALID": 0,
        "total": 1340
    },
    "percentage": {
        "ACTIVE": 99.6268656716418,
        "INACTIVE": 0.42122999157540014,
        "INVALID": 0,
        "MALICIOUS": 0,
        "SANE": 0,
        "VALID": 0,
        "total": 100.0480956632172
    }
}