{
    "counter": {
        "ACTIVE": 2307,
        "INACTIVE": 5,
        "INVALID": 0,
        "MALICIOUS": 0,
        "SANE": 0,
        "VALID": 0,
        "total": 2312
    },
    "percentage": {
        "ACTIVE": 99.78373702422145,
        "INACTIVE": 0.328515111695138,
        "INVALID": 0,
        "MALICIOUS": 0,
        "SANE": 0,
        "VALID": 0,
        "total": 100.11225213591659
    }
}