{
    "counter": {
        "ACTIVE": 1333,
        "INACTIVE": 6,
        "INVALID": 0,
        "MALICIOUS": 0,
        "SANE": 0,
        "VALID": 0,
        "total": 1339
    },
    "percentage": {
        "ACTIVE": 99.55190440627334,
        "INACTIVE": 0.5132591958939264,
        "INVALID": 0,
        "MALICIOUS": 0,
        "SANE": 0,
        "VALID": 0,
        "total": 100.06516360216726
    }
}