{
    "counter": {
        "ACTIVE": 2249,
        "INACTIVE": 2,
        "INVALID": 0,
        "MALICIOUS": 0,
        "SANE": 0,
        "VALID": 0,
        "total": 2251
    },
    "percentage": {
        "ACTIVE": 99.91115059973345,
        "INACTIVE": 0.15220700152207,
        "INVALID": 0,
        "MALICIOUS": 0,
        "SANE": 0,
        "VALID": 0,
        "total": 100.06335760125552
    }
}