{
    "counter": {
        "ACTIVE": 336,
        "INACTIVE": 1,
        "INVALID": 0,
        "MALICIOUS": 0,
        "SANE": 0,
        "VALID": 0,
        "total": 337
    },
    "percentage": {
        "ACTIVE": 99.70326409495549,
        "INACTIVE": 0.30303030303030304,
        "INVALID": 0,
        "MALICIOUS": 0,
        "SANE": 0,
        "VALID": 0,
        "total": 100.00629439798578
    }
}