{
    "counter": {
        "ACTIVE": 1311,
        "INACTIVE": 1,
        "INVALID": 0,
        "MALICIOUS": 0,
        "SANE": 0,
        "VALID": 0,
        "total": 1312
    },
    "percentage": {
        "ACTIVE": 99.92378048780488,
        "INACTIVE": 0.1251564455569462,
        "INVALID": 0,
        "MALICIOUS": 0,
        "SANE": 0,
        "VALID": 0,
        "total": 100.04893693336182
    }
}