{
    "counter": {
        "ACTIVE": 1949,
        "INACTIVE": 1,
        "INVALID": 0,
        "MALICIOUS": 0,
        "SANE": 0,
        "VALID": 0,
        "total": 1950
    },
    "percentage": {
        "ACTIVE": 99.94871794871794,
        "INACTIVE": 0.07142857142857142,
        "INVALID": 0,
        "MALICIOUS": 0,
        "SANE": 0,
        "VALID": 0,
        "total": 100.02014652014651
    }
}