{
    "counter": {
        "ACTIVE": 1875,
        "INACTIVE": 2,
        "INVALID": 0,
        "MALICIOUS": 0,
        "SANE": 0,
        "VALID": 0,
        "total": 1877
    },
    "percentage": {
        "ACTIVE": 99.89344698987746,
        "INACTIVE": 0.14154281670205238,
        "INVALID": 0,
        "MALICIOUS": 0,
        "SANE": 0,
        "VALID": 0,
        "total": 100.03498980657952
    }
}