{
    "counter": {
        "ACTIVE": 1252,
        "INACTIVE": 3,
        "INVALID": 0,
        "MALICIOUS": 0,
        "SANE": 0,
        "VALID": 0,
        "total": 1255
    },
    "percentage": {
        "ACTIVE": 99.7609561752988,
        "INACTIVE": 0.27958993476234856,
        "INVALID": 0,
        "MALICIOUS": 0,
        "SANE": 0,
        "VALID": 0,
        "total": 100.04054611006114
    }
}