{
    "counter": {
        "ACTIVE": 1442,
        "INACTIVE": 1,
        "INVALID": 0,
        "MALICIOUS": 0,
        "SANE": 0,
        "VALID": 0,
        "total": 1443
    },
    "percentage": {
        "ACTIVE": 99.93069993069993,
        "INACTIVE": 0.2457002457002457,
        "INVALID": 0,
        "MALICIOUS": 0,
        "SANE": 0,
        "VALID": 0,
        "total": 100.17640017640018
    }
}