{
    "counter": {
        "ACTIVE": 2366,
        "INACTIVE": 5,
        "INVALID": 0,
        "MALICIOUS": 0,
        "SANE": 0,
        "VALID": 0,
        "total": 2371
    },
    "percentage": {
        "ACTIVE": 99.78911851539435,
        "INACTIVE": 0.21222410865874364,
        "INVALID": 0,
        "MALICIOUS": 0,
        "SANE": 0,
        "VALID": 0,
        "total": 100.0013426240531
    }
}