{
    "counter": {
        "ACTIVE": 1892,
        "INACTIVE": 5,
        "INVALID": 0,
        "MALICIOUS": 0,
        "SANE": 0,
        "VALID": 0,
        "total": 1897
    },
    "percentage": {
        "ACTIVE": 99.73642593568793,
        "INACTIVE": 0.3142677561282212,
        "INVALID": 0,
        "MALICIOUS": 0,
        "SANE": 0,
        "VALID": 0,
        "total": 100.05069369181615
    }
}