{
    "counter": {
        "ACTIVE": 969,
        "INACTIVE": 2,
        "INVALID": 0,
        "MALICIOUS": 0,
        "SANE": 0,
        "VALID": 0,
        "total": 971
    },
    "percentage": {
        "ACTIVE": 99.79402677651905,
        "INACTIVE": 0.24301336573511542,
        "INVALID": 0,
        "MALICIOUS": 0,
        "SANE": 0,
        "VALID": 0,
        "total": 100.03704014225416
    }
}