{
    "counter": {
        "ACTIVE": 3263,
        "INACTIVE": 1,
        "INVALID": 0,
        "MALICIOUS": 0,
        "SANE": 0,
        "VALID": 0,
        "total": 3264
    },
    "percentage": {
        "ACTIVE": 99.96936274509804,
        "INACTIVE": 0.9433962264150944,
        "INVALID": 0,
        "MALICIOUS": 0,
        "SANE": 0,
        "VALID": 0,
        "total": 100.91275897151313
    }
}