{
    "counter": {
        "ACTIVE": 1768,
        "INACTIVE": 1,
        "INVALID": 0,
        "MALICIOUS": 0,
        "SANE": 0,
        "VALID": 0,
        "total": 1769
    },
    "percentage": {
        "ACTIVE": 99.94347088750706,
        "INACTIVE": 4.3478260869565215,
        "INVALID": 0,
        "MALICIOUS": 0,
        "SANE": 0,
        "VALID": 0,
        "total": 104.29129697446358
    }
}