{
    "counter": {
        "ACTIVE": 790,
        "INACTIVE": 1,
        "INVALID": 0,
        "MALICIOUS": 0,
        "SANE": 0,
        "VALID": 0,
        "total": 791
    },
    "percentage": {
        "ACTIVE": 99.87357774968395,
        "INACTIVE": 1.1627906976744187,
        "INVALID": 0,
        "MALICIOUS": 0,
        "SANE": 0,
        "VALID": 0,
        "total": 101.03636844735837
    }
}