{
    "counter": {
        "ACTIVE": 1887,
        "INACTIVE": 1,
        "INVALID": 0,
        "MALICIOUS": 0,
        "SANE": 0,
        "VALID": 0,
        "total": 1888
    },
    "percentage": {
        "ACTIVE": 99.94703389830508,
        "INACTIVE": 0.6097560975609756,
        "INVALID": 0,
        "MALICIOUS": 0,
        "SANE": 0,
        "VALID": 0,
        "total": 100.55678999586605
    }
}