{
    "counter": {
        "ACTIVE": 223,
        "INACTIVE": 1,
        "INVALID": 0,
        "MALICIOUS": 0,
        "SANE": 0,
        "VALID": 0,
        "total": 224
    },
    "percentage": {
        "ACTIVE": 99.55357142857143,
        "INACTIVE": 2.6315789473684212,
        "INVALID": 0,
        "MALICIOUS": 0,
        "SANE": 0,
        "VALID": 0,
        "total": 102.18515037593986
    }
}