{
    "counter": {
        "ACTIVE": 1524,
        "INACTIVE": 1,
        "INVALID": 0,
        "MALICIOUS": 0,
        "SANE": 0,
        "VALID": 0,
        "total": 1525
    },
    "percentage": {
        "ACTIVE": 99.93442622950819,
        "INACTIVE": 0.12853470437017994,
        "INVALID": 0,
        "MALICIOUS": 0,
        "SANE": 0,
        "VALID": 0,
        "total": 100.06296093387837
    }
}