{
    "counter": {
        "ACTIVE": 362,
        "INACTIVE": 1,
        "INVALID": 0,
        "MALICIOUS": 0,
        "SANE": 0,
        "VALID": 0,
        "total": 363
    },
    "percentage": {
        "ACTIVE": 99.72451790633609,
        "INACTIVE": 0.7692307692307693,
        "INVALID": 0,
        "MALICIOUS": 0,
        "SANE": 0,
        "VALID": 0,
        "total": 100.49374867556686
    }
}