{
    "counter": {
        "ACTIVE": 2156,
        "INACTIVE": 9,
        "INVALID": 0,
        "MALICIOUS": 0,
        "SANE": 0,
        "VALID": 0,
        "total": 2165
    },
    "percentage": {
        "ACTIVE": 99.58429561200924,
        "INACTIVE": 0.4191895668374476,
        "INVALID": 0,
        "MALICIOUS": 0,
        "SANE": 0,
        "VALID": 0,
        "total": 100.00348517884669
    }
}