{
    "counter": {
        "ACTIVE": 2334,
        "INACTIVE": 5,
        "INVALID": 0,
        "MALICIOUS": 0,
        "SANE": 0,
        "VALID": 0,
        "total": 2339
    },
    "percentage": {
        "ACTIVE": 99.78623343309107,
        "INACTIVE": 0.22583559168925021,
        "INVALID": 0,
        "MALICIOUS": 0,
        "SANE": 0,
        "VALID": 0,
        "total": 100.01206902478032
    }
}