{
    "counter": {
        "ACTIVE": 896,
        "INACTIVE": 2,
        "INVALID": 0,
        "MALICIOUS": 0,
        "SANE": 0,
        "VALID": 0,
        "total": 898
    },
    "percentage": {
        "ACTIVE": 99.77728285077951,
        "INACTIVE": 0.4158004158004158,
        "INVALID": 0,
        "MALICIOUS": 0,
        "SANE": 0,
        "VALID": 0,
        "total": 100.19308326657993
    }
}