{
    "counter": {
        "ACTIVE": 2829,
        "INACTIVE": 2,
        "INVALID": 0,
        "MALICIOUS": 0,
        "SANE": 0,
        "VALID": 0,
        "total": 2831
    },
    "percentage": {
        "ACTIVE": 99.92935358530555,
        "INACTIVE": 0.1100715465052284,
        "INVALID": 0,
        "MALICIOUS": 0,
        "SANE": 0,
        "VALID": 0,
        "total": 100.03942513181077
    }
}