{
    "counter": {
        "ACTIVE": 2498,
        "INACTIVE": 1,
        "INVALID": 0,
        "MALICIOUS": 0,
        "SANE": 0,
        "VALID": 0,
        "total": 2499
    },
    "percentage": {
        "ACTIVE": 99.95998399359743,
        "INACTIVE": 0.04222972972972973,
        "INVALID": 0,
        "MALICIOUS": 0,
        "SANE": 0,
        "VALID": 0,
        "total": 100.00221372332716
    }
}