{
    "counter": {
        "ACTIVE": 692,
        "INACTIVE": 1,
        "INVALID": 0,
        "MALICIOUS": 0,
        "SANE": 0,
        "VALID": 0,
        "total": 693
    },
    "percentage": {
        "ACTIVE": 99.85569985569985,
        "INACTIVE": 0.23809523809523808,
        "INVALID": 0,
        "MALICIOUS": 0,
        "SANE": 0,
        "VALID": 0,
        "total": 100.0937950937951
    }
}