{
    "counter": {
        "ACTIVE": 1756,
        "INACTIVE": 1,
        "INVALID": 0,
        "MALICIOUS": 0,
        "SANE": 0,
        "VALID": 0,
        "total": 1757
    },
    "percentage": {
        "ACTIVE": 99.94308480364258,
        "INACTIVE": 1.2820512820512822,
        "INVALID": 0,
        "MALICIOUS": 0,
        "SANE": 0,
        "VALID": 0,
        "total": 101.22513608569386
    }
}