{
    "counter": {
        "ACTIVE": 1964,
        "INACTIVE": 1,
        "INVALID": 0,
        "MALICIOUS": 0,
        "SANE": 0,
        "VALID": 0,
        "total": 1965
    },
    "percentage": {
        "ACTIVE": 99.94910941475827,
        "INACTIVE": 0.09505703422053231,
        "INVALID": 0,
        "MALICIOUS": 0,
        "SANE": 0,
        "VALID": 0,
        "total": 100.0441664489788
    }
}