{
    "counter": {
        "ACTIVE": 863,
        "INACTIVE": 1,
        "INVALID": 0,
        "MALICIOUS": 0,
        "SANE": 0,
        "VALID": 0,
        "total": 864
    },
    "percentage": {
        "ACTIVE": 99.88425925925925,
        "INACTIVE": 0.2347417840375587,
        "INVALID": 0,
        "MALICIOUS": 0,
        "SANE": 0,
        "VALID": 0,
        "total": 100.1190010432968
    }
}