{
    "counter": {
        "ACTIVE": 3196,
        "INACTIVE": 22,
        "INVALID": 0,
        "MALICIOUS": 0,
        "SANE": 0,
        "VALID": 0,
        "total": 3218
    },
    "percentage": {
        "ACTIVE": 99.31634555624612,
        "INACTIVE": 0.6909547738693468,
        "INVALID": 0,
        "MALICIOUS": 0,
        "SANE": 0,
        "VALID": 0,
        "total": 100.00730033011547
    }
}