{
    "counter": {
        "ACTIVE": 2682,
        "INACTIVE": 2,
        "INVALID": 0,
        "MALICIOUS": 0,
        "SANE": 0,
        "VALID": 0,
        "total": 2684
    },
    "percentage": {
        "ACTIVE": 99.92548435171386,
        "INACTIVE": 1.015228426395939,
        "INVALID": 0,
        "MALICIOUS": 0,
        "SANE": 0,
        "VALID": 0,
        "total": 100.9407127781098
    }
}