{
    "counter": {
        "ACTIVE": 2183,
        "INACTIVE": 1,
        "INVALID": 0,
        "MALICIOUS": 0,
        "SANE": 0,
        "VALID": 0,
        "total": 2184
    },
    "percentage": {
        "ACTIVE": 99.95421245421245,
        "INACTIVE": 0.16835016835016836,
        "INVALID": 0,
        "MALICIOUS": 0,
        "SANE": 0,
        "VALID": 0,
        "total": 100.12256262256263
    }
}