{
    "counter": {
        "ACTIVE": 1567,
        "INACTIVE": 2,
        "INVALID": 0,
        "MALICIOUS": 0,
        "SANE": 0,
        "VALID": 0,
        "total": 1569
    },
    "percentage": {
        "ACTIVE": 99.87253027405991,
        "INACTIVE": 0.13976240391334732,
        "INVALID": 0,
        "MALICIOUS": 0,
        "SANE": 0,
        "VALID": 0,
        "total": 100.01229267797326
    }
}