{
    "counter": {
        "ACTIVE": 2339,
        "INACTIVE": 3,
        "INVALID": 0,
        "MALICIOUS": 0,
        "SANE": 0,
        "VALID": 0,
        "total": 2342
    },
    "percentage": {
        "ACTIVE": 99.87190435525193,
        "INACTIVE": 0.32786885245901637,
        "INVALID": 0,
        "MALICIOUS": 0,
        "SANE": 0,
        "VALID": 0,
        "total": 100.19977320771095
    }
}