{
    "counter": {
        "ACTIVE": 673,
        "INACTIVE": 2,
        "INVALID": 0,
        "MALICIOUS": 0,
        "SANE": 0,
        "VALID": 0,
        "total": 675
    },
    "percentage": {
        "ACTIVE": 99.70370370370371,
        "INACTIVE": 0.34305317324185247,
        "INVALID": 0,
        "MALICIOUS": 0,
        "SANE": 0,
        "VALID": 0,
        "total": 100.04675687694557
    }
}