{
    "counter": {
        "ACTIVE": 1518,
        "INACTIVE": 2,
        "INVALID": 0,
        "MALICIOUS": 0,
        "SANE": 0,
        "VALID": 0,
        "total": 1520
    },
    "percentage": {
        "ACTIVE": 99.86842105263158,
        "INACTIVE": 0.22522522522522523,
        "INVALID": 0,
        "MALICIOUS": 0,
        "SANE": 0,
        "VALID": 0,
        "total": 100.0936462778568
    }
}