{
    "counter": {
        "ACTIVE": 1995,
        "INACTIVE": 3,
        "INVALID": 0,
        "MALICIOUS": 0,
        "SANE": 0,
        "VALID": 0,
        "total": 1998
    },
    "percentage": {
        "ACTIVE": 99.84984984984985,
        "INACTIVE": 0.26109660574412535,
        "INVALID": 0,
        "MALICIOUS": 0,
        "SANE": 0,
        "VALID": 0,
        "total": 100.11094645559398
    }
}