{
    "counter": {
        "ACTIVE": 1246,
        "INACTIVE": 2,
        "INVALID": 0,
        "MALICIOUS": 0,
        "SANE": 0,
        "VALID": 0,
        "total": 1248
    },
    "percentage": {
        "ACTIVE": 99.83974358974359,
        "INACTIVE": 0.4158004158004158,
        "INVALID": 0,
        "MALICIOUS": 0,
        "SANE": 0,
        "VALID": 0,
        "total": 100.25554400554401
    }
}