{
    "counter": {
        "ACTIVE": 599,
        "INACTIVE": 2,
        "INVALID": 0,
        "MALICIOUS": 0,
        "SANE": 0,
        "VALID": 0,
        "total": 601
    },
    "percentage": {
        "ACTIVE": 99.66722129783693,
        "INACTIVE": 0.3992015968063872,
        "INVALID": 0,
        "MALICIOUS": 0,
        "SANE": 0,
        "VALID": 0,
        "total": 100.06642289464332
    }
}