{
    "counter": {
        "ACTIVE": 2149,
        "INACTIVE": 1,
        "INVALID": 0,
        "MALICIOUS": 0,
        "SANE": 0,
        "VALID": 0,
        "total": 2150
    },
    "percentage": {
        "ACTIVE": 99.95348837209302,
        "INACTIVE": 0.046620046620046623,
        "INVALID": 0,
        "MALICIOUS": 0,
        "SANE": 0,
        "VALID": 0,
        "total": 100.00010841871307
    }
}