{
    "counter": {
        "ACTIVE": 2316,
        "INACTIVE": 12,
        "INVALID": 0,
        "MALICIOUS": 0,
        "SANE": 0,
        "VALID": 0,
        "total": 2328
    },
    "percentage": {
        "ACTIVE": 99.48453608247422,
        "INACTIVE": 0.5497022446174988,
        "INVALID": 0,
        "MALICIOUS": 0,
        "SANE": 0,
        "VALID": 0,
        "total": 100.03423832709171
    }
}