{
    "counter": {
        "ACTIVE": 1166,
        "INACTIVE": 2,
        "INVALID": 0,
        "MALICIOUS": 0,
        "SANE": 0,
        "VALID": 0,
        "total": 1168
    },
    "percentage": {
        "ACTIVE": 99.82876712328768,
        "INACTIVE": 0.5494505494505495,
        "INVALID": 0,
        "MALICIOUS": 0,
        "SANE": 0,
        "VALID": 0,
        "total": 100.37821767273823
    }
}