{
    "counter": {
        "ACTIVE": 2006,
        "INACTIVE": 5,
        "INVALID": 0,
        "MALICIOUS": 0,
        "SANE": 0,
        "VALID": 0,
        "total": 2011
    },
    "percentage": {
        "ACTIVE": 99.75136747886624,
        "INACTIVE": 0.26136957658128596,
        "INVALID": 0,
        "MALICIOUS": 0,
        "SANE": 0,
        "VALID": 0,
        "total": 100.01273705544753
    }
}