{
    "counter": {
        "ACTIVE": 1308,
        "INACTIVE": 3,
        "INVALID": 0,
        "MALICIOUS": 0,
        "SANE": 0,
        "VALID": 0,
        "total": 1311
    },
    "percentage": {
        "ACTIVE": 99.77116704805492,
        "INACTIVE": 0.23237800154918667,
        "INVALID": 0,
        "MALICIOUS": 0,
        "SANE": 0,
        "VALID": 0,
        "total": 100.00354504960411
    }
}