{
    "counter": {
        "ACTIVE": 1959,
        "INACTIVE": 4,
        "INVALID": 0,
        "MALICIOUS": 0,
        "SANE": 0,
        "VALID": 0,
        "total": 1963
    },
    "percentage": {
        "ACTIVE": 99.79623025980642,
        "INACTIVE": 0.24554941682013506,
        "INVALID": 0,
        "MALICIOUS": 0,
        "SANE": 0,
        "VALID": 0,
        "total": 100.04177967662656
    }
}