{
    "counter": {
        "ACTIVE": 527,
        "INACTIVE": 1,
        "INVALID": 0,
        "MALICIOUS": 0,
        "SANE": 0,
        "VALID": 0,
        "total": 528
    },
    "percentage": {
        "ACTIVE": 99.81060606060606,
        "INACTIVE": 0.24875621890547264,
        "INVALID": 0,
        "MALICIOUS": 0,
        "SANE": 0,
        "VALID": 0,
        "total": 100.05936227951153
    }
}