{
    "counter": {
        "ACTIVE": 516,
        "INACTIVE": 2,
        "INVALID": 0,
        "MALICIOUS": 0,
        "SANE": 0,
        "VALID": 0,
        "total": 518
    },
    "percentage": {
        "ACTIVE": 99.61389961389962,
        "INACTIVE": 1.5384615384615385,
        "INVALID": 0,
        "MALICIOUS": 0,
        "SANE": 0,
        "VALID": 0,
        "total": 101.15236115236115
    }
}