{
    "counter": {
        "ACTIVE": 392,
        "INACTIVE": 2,
        "INVALID": 0,
        "MALICIOUS": 0,
        "SANE": 0,
        "VALID": 0,
        "total": 394
    },
    "percentage": {
        "ACTIVE": 99.49238578680203,
        "INACTIVE": 0.5167958656330749,
        "INVALID": 0,
        "MALICIOUS": 0,
        "SANE": 0,
        "VALID": 0,
        "total": 100.0091816524351
    }
}