{
    "counter": {
        "ACTIVE": 1810,
        "INACTIVE": 1,
        "INVALID": 0,
        "MALICIOUS": 0,
        "SANE": 0,
        "VALID": 0,
        "total": 1811
    },
    "percentage": {
        "ACTIVE": 99.94478188845942,
        "INACTIVE": 2.6315789473684212,
        "INVALID": 0,
        "MALICIOUS": 0,
        "SANE": 0,
        "VALID": 0,
        "total": 102.57636083582784
    }
}