{
    "counter": {
        "ACTIVE": 1040,
        "INACTIVE": 1,
        "INVALID": 0,
        "MALICIOUS": 0,
        "SANE": 0,
        "VALID": 0,
        "total": 1041
    },
    "percentage": {
        "ACTIVE": 99.90393852065321,
        "INACTIVE": 0.6493506493506493,
        "INVALID": 0,
        "MALICIOUS": 0,
        "SANE": 0,
        "VALID": 0,
        "total": 100.55328917000386
    }
}