{
    "counter": {
        "ACTIVE": 647,
        "INACTIVE": 1,
        "INVALID": 0,
        "MALICIOUS": 0,
        "SANE": 0,
        "VALID": 0,
        "total": 648
    },
    "percentage": {
        "ACTIVE": 99.84567901234568,
        "INACTIVE": 0.2012072434607646,
        "INVALID": 0,
        "MALICIOUS": 0,
        "SANE": 0,
        "VALID": 0,
        "total": 100.04688625580646
    }
}