{
    "counter": {
        "ACTIVE": 1511,
        "INACTIVE": 6,
        "INVALID": 0,
        "MALICIOUS": 0,
        "SANE": 0,
        "VALID": 0,
        "total": 1517
    },
    "percentage": {
        "ACTIVE": 99.6044825313118,
        "INACTIVE": 0.5132591958939264,
        "INVALID": 0,
        "MALICIOUS": 0,
        "SANE": 0,
        "VALID": 0,
        "total": 100.11774172720573
    }
}