{
    "counter": {
        "ACTIVE": 2107,
        "INACTIVE": 1,
        "INVALID": 0,
        "MALICIOUS": 0,
        "SANE": 0,
        "VALID": 0,
        "total": 2108
    },
    "percentage": {
        "ACTIVE": 99.95256166982922,
        "INACTIVE": 0.07604562737642585,
        "INVALID": 0,
        "MALICIOUS": 0,
        "SANE": 0,
        "VALID": 0,
        "total": 100.02860729720565
    }
}