{
    "counter": {
        "ACTIVE": 1190,
        "INACTIVE": 3,
        "INVALID": 0,
        "MALICIOUS": 0,
        "SANE": 0,
        "VALID": 0,
        "total": 1193
    },
    "percentage": {
        "ACTIVE": 99.74853310980721,
        "INACTIVE": 0.3424657534246575,
        "INVALID": 0,
        "MALICIOUS": 0,
        "SANE": 0,
        "VALID": 0,
        "total": 100.09099886323187
    }
}