{
    "counter": {
        "ACTIVE": 1502,
        "INACTIVE": 1,
        "INVALID": 0,
        "MALICIOUS": 0,
        "SANE": 0,
        "VALID": 0,
        "total": 1503
    },
    "percentage": {
        "ACTIVE": 99.93346640053227,
        "INACTIVE": 0.07272727272727272,
        "INVALID": 0,
        "MALICIOUS": 0,
        "SANE": 0,
        "VALID": 0,
        "total": 100.00619367325955
    }
}