{
    "counter": {
        "ACTIVE": 2775,
        "INACTIVE": 43,
        "INVALID": 0,
        "MALICIOUS": 0,
        "SANE": 0,
        "VALID": 0,
        "total": 2818
    },
    "percentage": {
        "ACTIVE": 98.47409510290987,
        "INACTIVE": 1.6116941529235382,
        "INVALID": 0,
        "MALICIOUS": 0,
        "SANE": 0,
        "VALID": 0,
        "total": 100.0857892558334
    }
}