{
    "counter": {
        "ACTIVE": 4288,
        "INACTIVE": 1,
        "INVALID": 0,
        "MALICIOUS": 0,
        "SANE": 0,
        "VALID": 0,
        "total": 4289
    },
    "percentage": {
        "ACTIVE": 99.97668454185124,
        "INACTIVE": 0.023315458148752622,
        "INVALID": 0.0,
        "MALICIOUS": 0.0,
        "SANE": 0.0,
        "VALID": 0.0,
        "total": 100.0
    }
}