{
    "counter": {
        "ACTIVE": 1311,
        "INACTIVE": 4,
        "INVALID": 0,
        "MALICIOUS": 0,
        "SANE": 0,
        "VALID": 0,
        "total": 1315
    },
    "percentage": {
        "ACTIVE": 99.69581749049429,
        "INACTIVE": 0.42238648363252373,
        "INVALID": 0,
        "MALICIOUS": 0,
        "SANE": 0,
        "VALID": 0,
        "total": 100.11820397412681
    }
}