{
    "counter": {
        "ACTIVE": 301,
        "INACTIVE": 1,
        "INVALID": 0,
        "MALICIOUS": 0,
        "SANE": 0,
        "VALID": 0,
        "total": 302
    },
    "percentage": {
        "ACTIVE": 99.66887417218543,
        "INACTIVE": 0.8620689655172413,
        "INVALID": 0,
        "MALICIOUS": 0,
        "SANE": 0,
        "VALID": 0,
        "total": 100.53094313770266
    }
}