{
    "counter": {
        "ACTIVE": 2110,
        "INACTIVE": 1,
        "INVALID": 0,
        "MALICIOUS": 0,
        "SANE": 0,
        "VALID": 0,
        "total": 2111
    },
    "percentage": {
        "ACTIVE": 99.95262908574135,
        "INACTIVE": 0.34843205574912894,
        "INVALID": 0,
        "MALICIOUS": 0,
        "SANE": 0,
        "VALID": 0,
        "total": 100.30106114149048
    }
}