{
    "counter": {
        "ACTIVE": 703,
        "INACTIVE": 2,
        "INVALID": 0,
        "MALICIOUS": 0,
        "SANE": 0,
        "VALID": 0,
        "total": 705
    },
    "percentage": {
        "ACTIVE": 99.71631205673759,
        "INACTIVE": 0.4784688995215311,
        "INVALID": 0,
        "MALICIOUS": 0,
        "SANE": 0,
        "VALID": 0,
        "total": 100.19478095625912
    }
}