{
    "counter": {
        "ACTIVE": 2039,
        "INACTIVE": 6,
        "INVALID": 0,
        "MALICIOUS": 0,
        "SANE": 0,
        "VALID": 0,
        "total": 2045
    },
    "percentage": {
        "ACTIVE": 99.70660146699267,
        "INACTIVE": 0.5132591958939264,
        "INVALID": 0,
        "MALICIOUS": 0,
        "SANE": 0,
        "VALID": 0,
        "total": 100.21986066288659
    }
}