{
    "counter": {
        "ACTIVE": 505,
        "INACTIVE": 1,
        "INVALID": 0,
        "MALICIOUS": 0,
        "SANE": 0,
        "VALID": 0,
        "total": 506
    },
    "percentage": {
        "ACTIVE": 99.80237154150197,
        "INACTIVE": 0.5181347150259067,
        "INVALID": 0,
        "MALICIOUS": 0,
        "SANE": 0,
        "VALID": 0,
        "total": 100.32050625652788
    }
}