{
    "counter": {
        "ACTIVE": 1061,
        "INACTIVE": 1,
        "INVALID": 0,
        "MALICIOUS": 0,
        "SANE": 0,
        "VALID": 0,
        "total": 1062
    },
    "percentage": {
        "ACTIVE": 99.90583804143127,
        "INACTIVE": 0.12062726176115803,
        "INVALID": 0,
        "MALICIOUS": 0,
        "SANE": 0,
        "VALID": 0,
        "total": 100.02646530319242
    }
}