{
    "counter": {
        "ACTIVE": 559,
        "INACTIVE": 1,
        "INVALID": 0,
        "MALICIOUS": 0,
        "SANE": 0,
        "VALID": 0,
        "total": 560
    },
    "percentage": {
        "ACTIVE": 99.82142857142857,
        "INACTIVE": 0.22271714922049,
        "INVALID": 0,
        "MALICIOUS": 0,
        "SANE": 0,
        "VALID": 0,
        "total": 100.04414572064906
    }
}