{
    "counter": {
        "ACTIVE": 1394,
        "INACTIVE": 3,
        "INVALID": 0,
        "MALICIOUS": 0,
        "SANE": 0,
        "VALID": 0,
        "total": 1397
    },
    "percentage": {
        "ACTIVE": 99.78525411596277,
        "INACTIVE": 0.228310502283105,
        "INVALID": 0,
        "MALICIOUS": 0,
        "SANE": 0,
        "VALID": 0,
        "total": 100.01356461824588
    }
}