{
    "counter": {
        "ACTIVE": 430,
        "INACTIVE": 1,
        "INVALID": 0,
        "MALICIOUS": 0,
        "SANE": 0,
        "VALID": 0,
        "total": 431
    },
    "percentage": {
        "ACTIVE": 99.76798143851508,
        "INACTIVE": 2.6315789473684212,
        "INVALID": 0,
        "MALICIOUS": 0,
        "SANE": 0,
        "VALID": 0,
        "total": 102.3995603858835
    }
}