{
    "counter": {
        "ACTIVE": 1041,
        "INACTIVE": 1,
        "INVALID": 0,
        "MALICIOUS": 0,
        "SANE": 0,
        "VALID": 0,
        "total": 1042
    },
    "percentage": {
        "ACTIVE": 99.90403071017275,
        "INACTIVE": 3.7037037037037037,
        "INVALID": 0,
        "MALICIOUS": 0,
        "SANE": 0,
        "VALID": 0,
        "total": 103.60773441387646
    }
}