{
    "counter": {
        "ACTIVE": 829,
        "INACTIVE": 1,
        "INVALID": 0,
        "MALICIOUS": 0,
        "SANE": 0,
        "VALID": 0,
        "total": 830
    },
    "percentage": {
        "ACTIVE": 99.87951807228916,
        "INACTIVE": 2.6315789473684212,
        "INVALID": 0,
        "MALICIOUS": 0,
        "SANE": 0,
        "VALID": 0,
        "total": 102.51109701965758
    }
}