{
    "counter": {
        "ACTIVE": 1228,
        "INACTIVE": 2,
        "INVALID": 0,
        "MALICIOUS": 0,
        "SANE": 0,
        "VALID": 0,
        "total": 1230
    },
    "percentage": {
        "ACTIVE": 99.83739837398375,
        "INACTIVE": 0.2932551319648094,
        "INVALID": 0,
        "MALICIOUS": 0,
        "SANE": 0,
        "VALID": 0,
        "total": 100.13065350594856
    }
}