{
    "counter": {
        "ACTIVE": 1049,
        "INACTIVE": 2,
        "INVALID": 0,
        "MALICIOUS": 0,
        "SANE": 0,
        "VALID": 0,
        "total": 1051
    },
    "percentage": {
        "ACTIVE": 99.80970504281636,
        "INACTIVE": 0.2932551319648094,
        "INVALID": 0,
        "MALICIOUS": 0,
        "SANE": 0,
        "VALID": 0,
        "total": 100.10296017478117
    }
}