{
    "counter": {
        "ACTIVE": 2570,
        "INACTIVE": 1,
        "INVALID": 0,
        "MALICIOUS": 0,
        "SANE": 0,
        "VALID": 0,
        "total": 2571
    },
    "percentage": {
        "ACTIVE": 99.96110462854921,
        "INACTIVE": 0.13333333333333333,
        "INVALID": 0,
        "MALICIOUS": 0,
        "SANE": 0,
        "VALID": 0,
        "total": 100.09443796188255
    }
}