{
    "counter": {
        "ACTIVE": 1890,
        "INACTIVE": 1,
        "INVALID": 0,
        "MALICIOUS": 0,
        "SANE": 0,
        "VALID": 0,
        "total": 1891
    },
    "percentage": {
        "ACTIVE": 99.94711792702275,
        "INACTIVE": 0.07604562737642585,
        "INVALID": 0,
        "MALICIOUS": 0,
        "SANE": 0,
        "VALID": 0,
        "total": 100.02316355439918
    }
}