{
    "counter": {
        "ACTIVE": 1689,
        "INACTIVE": 2,
        "INVALID": 0,
        "MALICIOUS": 0,
        "SANE": 0,
        "VALID": 0,
        "total": 1691
    },
    "percentage": {
        "ACTIVE": 99.88172678888232,
        "INACTIVE": 0.14771048744460857,
        "INVALID": 0,
        "MALICIOUS": 0,
        "SANE": 0,
        "VALID": 0,
        "total": 100.02943727632693
    }
}