{
    "counter": {
        "ACTIVE": 501,
        "INACTIVE": 1,
        "INVALID": 0,
        "MALICIOUS": 0,
        "SANE": 0,
        "VALID": 0,
        "total": 502
    },
    "percentage": {
        "ACTIVE": 99.800796812749,
        "INACTIVE": 0.2403846153846154,
        "INVALID": 0,
        "MALICIOUS": 0,
        "SANE": 0,
        "VALID": 0,
        "total": 100.04118142813361
    }
}