{
    "counter": {
        "ACTIVE": 3265,
        "INACTIVE": 1,
        "INVALID": 0,
        "MALICIOUS": 0,
        "SANE": 0,
        "VALID": 0,
        "total": 3266
    },
    "percentage": {
        "ACTIVE": 99.96938150642988,
        "INACTIVE": 0.7299270072992701,
        "INVALID": 0,
        "MALICIOUS": 0,
        "SANE": 0,
        "VALID": 0,
        "total": 100.69930851372915
    }
}