{
    "counter": {
        "ACTIVE": 1029,
        "INACTIVE": 2,
        "INVALID": 0,
        "MALICIOUS": 0,
        "SANE": 0,
        "VALID": 0,
        "total": 1031
    },
    "percentage": {
        "ACTIVE": 99.80601357904946,
        "INACTIVE": 0.4716981132075472,
        "INVALID": 0,
        "MALICIOUS": 0,
        "SANE": 0,
        "VALID": 0,
        "total": 100.27771169225701
    }
}