{
    "counter": {
        "ACTIVE": 1547,
        "INACTIVE": 1,
        "INVALID": 0,
        "MALICIOUS": 0,
        "SANE": 0,
        "VALID": 0,
        "total": 1548
    },
    "percentage": {
        "ACTIVE": 99.93540051679587,
        "INACTIVE": 0.1692047377326565,
        "INVALID": 0,
        "MALICIOUS": 0,
        "SANE": 0,
        "VALID": 0,
        "total": 100.10460525452852
    }
}