{
    "counter": {
        "ACTIVE": 1337,
        "INACTIVE": 2,
        "INVALID": 0,
        "MALICIOUS": 0,
        "SANE": 0,
        "VALID": 0,
        "total": 1339
    },
    "percentage": {
        "ACTIVE": 99.85063480209111,
        "INACTIVE": 0.3527336860670194,
        "INVALID": 0,
        "MALICIOUS": 0,
        "SANE": 0,
        "VALID": 0,
        "total": 100.20336848815813
    }
}