{
    "counter": {
        "ACTIVE": 1961,
        "INACTIVE": 1,
        "INVALID": 0,
        "MALICIOUS": 0,
        "SANE": 0,
        "VALID": 0,
        "total": 1962
    },
    "percentage": {
        "ACTIVE": 99.94903160040775,
        "INACTIVE": 0.2717391304347826,
        "INVALID": 0,
        "MALICIOUS": 0,
        "SANE": 0,
        "VALID": 0,
        "total": 100.22077073084253
    }
}