{
    "counter": {
        "ACTIVE": 1332,
        "INACTIVE": 1,
        "INVALID": 0,
        "MALICIOUS": 0,
        "SANE": 0,
        "VALID": 0,
        "total": 1333
    },
    "percentage": {
        "ACTIVE": 99.92498124531133,
        "INACTIVE": 0.08920606601248884,
        "INVALID": 0,
        "MALICIOUS": 0,
        "SANE": 0,
        "VALID": 0,
        "total": 100.01418731132382
    }
}