{
    "counter": {
        "ACTIVE": 2328,
        "INACTIVE": 1,
        "INVALID": 0,
        "MALICIOUS": 0,
        "SANE": 0,
        "VALID": 0,
        "total": 2329
    },
    "percentage": {
        "ACTIVE": 99.95706311721769,
        "INACTIVE": 0.0594883997620464,
        "INVALID": 0,
        "MALICIOUS": 0,
        "SANE": 0,
        "VALID": 0,
        "total": 100.01655151697973
    }
}