{
    "counter": {
        "ACTIVE": 859,
        "INACTIVE": 1,
        "INVALID": 0,
        "MALICIOUS": 0,
        "SANE": 0,
        "VALID": 0,
        "total": 860
    },
    "percentage": {
        "ACTIVE": 99.88372093023256,
        "INACTIVE": 0.12300123001230012,
        "INVALID": 0,
        "MALICIOUS": 0,
        "SANE": 0,
        "VALID": 0,
        "total": 100.00672216024486
    }
}