{
    "counter": {
        "ACTIVE": 729,
        "INACTIVE": 2,
        "INVALID": 0,
        "MALICIOUS": 0,
        "SANE": 0,
        "VALID": 0,
        "total": 731
    },
    "percentage": {
        "ACTIVE": 99.72640218878249,
        "INACTIVE": 0.31201248049922,
        "INVALID": 0,
        "MALICIOUS": 0,
        "SANE": 0,
        "VALID": 0,
        "total": 100.0384146692817
    }
}