{
    "counter": {
        "ACTIVE": 2257,
        "INACTIVE": 1,
        "INVALID": 0,
        "MALICIOUS": 0,
        "SANE": 0,
        "VALID": 0,
        "total": 2258
    },
    "percentage": {
        "ACTIVE": 99.95571302037202,
        "INACTIVE": 0.05917159763313609,
        "INVALID": 0,
        "MALICIOUS": 0,
        "SANE": 0,
        "VALID": 0,
        "total": 100.01488461800515
    }
}