{
    "counter": {
        "ACTIVE": 1802,
        "INACTIVE": 2,
        "INVALID": 0,
        "MALICIOUS": 0,
        "SANE": 0,
        "VALID": 0,
        "total": 1804
    },
    "percentage": {
        "ACTIVE": 99.88913525498891,
        "INACTIVE": 0.25477707006369427,
        "INVALID": 0,
        "MALICIOUS": 0,
        "SANE": 0,
        "VALID": 0,
        "total": 100.14391232505261
    }
}