{
    "counter": {
        "ACTIVE": 1793,
        "INACTIVE": 1,
        "INVALID": 0,
        "MALICIOUS": 0,
        "SANE": 0,
        "VALID": 0,
        "total": 1794
    },
    "percentage": {
        "ACTIVE": 99.94425863991081,
        "INACTIVE": 0.1949317738791423,
        "INVALID": 0,
        "MALICIOUS": 0,
        "SANE": 0,
        "VALID": 0,
        "total": 100.13919041378996
    }
}