{
    "counter": {
        "ACTIVE": 720,
        "INACTIVE": 2,
        "INVALID": 0,
        "MALICIOUS": 0,
        "SANE": 0,
        "VALID": 0,
        "total": 722
    },
    "percentage": {
        "ACTIVE": 99.7229916897507,
        "INACTIVE": 0.33167495854063017,
        "INVALID": 0,
        "MALICIOUS": 0,
        "SANE": 0,
        "VALID": 0,
        "total": 100.05466664829133
    }
}