{
    "counter": {
        "ACTIVE": 2091,
        "INACTIVE": 5,
        "INVALID": 0,
        "MALICIOUS": 0,
        "SANE": 0,
        "VALID": 0,
        "total": 2096
    },
    "percentage": {
        "ACTIVE": 99.7614503816794,
        "INACTIVE": 0.3142677561282212,
        "INVALID": 0,
        "MALICIOUS": 0,
        "SANE": 0,
        "VALID": 0,
        "total": 100.07571813780761
    }
}