{
    "counter": {
        "ACTIVE": 855,
        "INACTIVE": 1,
        "INVALID": 0,
        "MALICIOUS": 0,
        "SANE": 0,
        "VALID": 0,
        "total": 856
    },
    "percentage": {
        "ACTIVE": 99.88317757009345,
        "INACTIVE": 0.2222222222222222,
        "INVALID": 0,
        "MALICIOUS": 0,
        "SANE": 0,
        "VALID": 0,
        "total": 100.10539979231568
    }
}