{
    "counter": {
        "ACTIVE": 3262,
        "INACTIVE": 1,
        "INVALID": 0,
        "MALICIOUS": 0,
        "SANE": 0,
        "VALID": 0,
        "total": 3263
    },
    "percentage": {
        "ACTIVE": 99.96935335580754,
        "INACTIVE": 0.5555555555555556,
        "INVALID": 0,
        "MALICIOUS": 0,
        "SANE": 0,
        "VALID": 0,
        "total": 100.5249089113631
    }
}