{
    "counter": {
        "ACTIVE": 1544,
        "INACTIVE": 1,
        "INVALID": 0,
        "MALICIOUS": 0,
        "SANE": 0,
        "VALID": 0,
        "total": 1545
    },
    "percentage": {
        "ACTIVE": 99.93527508090615,
        "INACTIVE": 0.4716981132075472,
        "INVALID": 0,
        "MALICIOUS": 0,
        "SANE": 0,
        "VALID": 0,
        "total": 100.4069731941137
    }
}