{
    "counter": {
        "ACTIVE": 1419,
        "INACTIVE": 2,
        "INVALID": 0,
        "MALICIOUS": 0,
        "SANE": 0,
        "VALID": 0,
        "total": 1421
    },
    "percentage": {
        "ACTIVE": 99.85925404644617,
        "INACTIVE": 0.1863932898415657,
        "INVALID": 0,
        "MALICIOUS": 0,
        "SANE": 0,
        "VALID": 0,
        "total": 100.04564733628773
    }
}