{
    "counter": {
        "ACTIVE": 677,
        "INACTIVE": 4,
        "INVALID": 0,
        "MALICIOUS": 0,
        "SANE": 0,
        "VALID": 0,
        "total": 681
    },
    "percentage": {
        "ACTIVE": 99.41262848751836,
        "INACTIVE": 0.6825938566552902,
        "INVALID": 0,
        "MALICIOUS": 0,
        "SANE": 0,
        "VALID": 0,
        "total": 100.09522234417365
    }
}