{
    "counter": {
        "ACTIVE": 2560,
        "INACTIVE": 1,
        "INVALID": 0,
        "MALICIOUS": 0,
        "SANE": 0,
        "VALID": 0,
        "total": 2561
    },
    "percentage": {
        "ACTIVE": 99.96095275283092,
        "INACTIVE": 0.5154639175257731,
        "INVALID": 0,
        "MALICIOUS": 0,
        "SANE": 0,
        "VALID": 0,
        "total": 100.4764166703567
    }
}