{
    "counter": {
        "ACTIVE": 1752,
        "INACTIVE": 2,
        "INVALID": 0,
        "MALICIOUS": 0,
        "SANE": 0,
        "VALID": 0,
        "total": 1754
    },
    "percentage": {
        "ACTIVE": 99.88597491448118,
        "INACTIVE": 0.14154281670205238,
        "INVALID": 0,
        "MALICIOUS": 0,
        "SANE": 0,
        "VALID": 0,
        "total": 100.02751773118324
    }
}