{
    "counter": {
        "ACTIVE": 2334,
        "INACTIVE": 3,
        "INVALID": 0,
        "MALICIOUS": 0,
        "SANE": 0,
        "VALID": 0,
        "total": 2337
    },
    "percentage": {
        "ACTIVE": 99.87163029525033,
        "INACTIVE": 0.13380909901873328,
        "INVALID": 0,
        "MALICIOUS": 0,
        "SANE": 0,
        "VALID": 0,
        "total": 100.00543939426906
    }
}