{
    "counter": {
        "ACTIVE": 821,
        "INACTIVE": 2,
        "INVALID": 0,
        "MALICIOUS": 0,
        "SANE": 0,
        "VALID": 0,
        "total": 823
    },
    "percentage": {
        "ACTIVE": 99.75698663426489,
        "INACTIVE": 0.4914004914004914,
        "INVALID": 0,
        "MALICIOUS": 0,
        "SANE": 0,
        "VALID": 0,
        "total": 100.24838712566539
    }
}