{
    "counter": {
        "ACTIVE": 4231,
        "INACTIVE": 1,
        "INVALID": 0,
        "MALICIOUS": 0,
        "SANE": 0,
        "VALID": 0,
        "total": 4232
    },
    "percentage": {
        "ACTIVE": 99.97637051039698,
        "INACTIVE": 0.023629489603024575,
        "INVALID": 0.0,
        "MALICIOUS": 0.0,
        "SANE": 0.0,
        "VALID": 0.0,
        "total": 100.0
    }
}