{
    "counter": {
        "ACTIVE": 892,
        "INACTIVE": 1,
        "INVALID": 0,
        "MALICIOUS": 0,
        "SANE": 0,
        "VALID": 0,
        "total": 893
    },
    "percentage": {
        "ACTIVE": 99.88801791713325,
        "INACTIVE": 1.7543859649122806,
        "INVALID": 0,
        "MALICIOUS": 0,
        "SANE": 0,
        "VALID": 0,
        "total": 101.64240388204553
    }
}