{
    "counter": {
        "ACTIVE": 1053,
        "INACTIVE": 3,
        "INVALID": 0,
        "MALICIOUS": 0,
        "SANE": 0,
        "VALID": 0,
        "total": 1056
    },
    "percentage": {
        "ACTIVE": 99.7159090909091,
        "INACTIVE": 0.30364372469635625,
        "INVALID": 0,
        "MALICIOUS": 0,
        "SANE": 0,
        "VALID": 0,
        "total": 100.01955281560545
    }
}