{
    "counter": {
        "ACTIVE": 2115,
        "INACTIVE": 3,
        "INVALID": 0,
        "MALICIOUS": 0,
        "SANE": 0,
        "VALID": 0,
        "total": 2118
    },
    "percentage": {
        "ACTIVE": 99.85835694050992,
        "INACTIVE": 0.2435064935064935,
        "INVALID": 0,
        "MALICIOUS": 0,
        "SANE": 0,
        "VALID": 0,
        "total": 100.10186343401641
    }
}