{
    "counter": {
        "ACTIVE": 1035,
        "INACTIVE": 1,
        "INVALID": 0,
        "MALICIOUS": 0,
        "SANE": 0,
        "VALID": 0,
        "total": 1036
    },
    "percentage": {
        "ACTIVE": 99.9034749034749,
        "INACTIVE": 0.10649627263045794,
        "INVALID": 0,
        "MALICIOUS": 0,
        "SANE": 0,
        "VALID": 0,
        "total": 100.00997117610535
    }
}