{
    "counter": {
        "ACTIVE": 2554,
        "INACTIVE": 1,
        "INVALID": 0,
        "MALICIOUS": 0,
        "SANE": 0,
        "VALID": 0,
        "total": 2555
    },
    "percentage": {
        "ACTIVE": 99.96086105675147,
        "INACTIVE": 0.7142857142857143,
        "INVALID": 0,
        "MALICIOUS": 0,
        "SANE": 0,
        "VALID": 0,
        "total": 100.67514677103718
    }
}