{
    "counter": {
        "ACTIVE": 1237,
        "INACTIVE": 2,
        "INVALID": 0,
        "MALICIOUS": 0,
        "SANE": 0,
        "VALID": 0,
        "total": 1239
    },
    "percentage": {
        "ACTIVE": 99.83857949959645,
        "INACTIVE": 0.2074688796680498,
        "INVALID": 0,
        "MALICIOUS": 0,
        "SANE": 0,
        "VALID": 0,
        "total": 100.0460483792645
    }
}