{
    "counter": {
        "ACTIVE": 1702,
        "INACTIVE": 2,
        "INVALID": 0,
        "MALICIOUS": 0,
        "SANE": 0,
        "VALID": 0,
        "total": 1704
    },
    "percentage": {
        "ACTIVE": 99.88262910798122,
        "INACTIVE": 0.176056338028169,
        "INVALID": 0,
        "MALICIOUS": 0,
        "SANE": 0,
        "VALID": 0,
        "total": 100.05868544600939
    }
}