{
    "counter": {
        "ACTIVE": 711,
        "INACTIVE": 2,
        "INVALID": 0,
        "MALICIOUS": 0,
        "SANE": 0,
        "VALID": 0,
        "total": 713
    },
    "percentage": {
        "ACTIVE": 99.71949509116409,
        "INACTIVE": 0.3333333333333333,
        "INVALID": 0,
        "MALICIOUS": 0,
        "SANE": 0,
        "VALID": 0,
        "total": 100.05282842449742
    }
}