{
    "counter": {
        "ACTIVE": 1054,
        "INACTIVE": 2,
        "INVALID": 0,
        "MALICIOUS": 0,
        "SANE": 0,
        "VALID": 0,
        "total": 1056
    },
    "percentage": {
        "ACTIVE": 99.81060606060606,
        "INACTIVE": 0.5167958656330749,
        "INVALID": 0,
        "MALICIOUS": 0,
        "SANE": 0,
        "VALID": 0,
        "total": 100.32740192623913
    }
}