{
    "counter": {
        "ACTIVE": 1966,
        "INACTIVE": 3,
        "INVALID": 0,
        "MALICIOUS": 0,
        "SANE": 0,
        "VALID": 0,
        "total": 1969
    },
    "percentage": {
        "ACTIVE": 99.84763839512443,
        "INACTIVE": 0.16722408026755853,
        "INVALID": 0,
        "MALICIOUS": 0,
        "SANE": 0,
        "VALID": 0,
        "total": 100.014862475392
    }
}