{
    "counter": {
        "ACTIVE": 1964,
        "INACTIVE": 2,
        "INVALID": 0,
        "MALICIOUS": 0,
        "SANE": 0,
        "VALID": 0,
        "total": 1966
    },
    "percentage": {
        "ACTIVE": 99.89827060020346,
        "INACTIVE": 0.14204545454545456,
        "INVALID": 0,
        "MALICIOUS": 0,
        "SANE": 0,
        "VALID": 0,
        "total": 100.04031605474891
    }
}