{
    "counter": {
        "ACTIVE": 1915,
        "INACTIVE": 18,
        "INVALID": 0,
        "MALICIOUS": 0,
        "SANE": 0,
        "VALID": 0,
        "total": 1933
    },
    "percentage": {
        "ACTIVE": 99.0688049663735,
        "INACTIVE": 1.0416666666666667,
        "INVALID": 0,
        "MALICIOUS": 0,
        "SANE": 0,
        "VALID": 0,
        "total": 100.11047163304018
    }
}