{
    "counter": {
        "ACTIVE": 2185,
        "INACTIVE": 3,
        "INVALID": 0,
        "MALICIOUS": 0,
        "SANE": 0,
        "VALID": 0,
        "total": 2188
    },
    "percentage": {
        "ACTIVE": 99.86288848263254,
        "INACTIVE": 0.17889087656529518,
        "INVALID": 0,
        "MALICIOUS": 0,
        "SANE": 0,
        "VALID": 0,
        "total": 100.04177935919783
    }
}