{
    "counter": {
        "ACTIVE": 1224,
        "INACTIVE": 1,
        "INVALID": 0,
        "MALICIOUS": 0,
        "SANE": 0,
        "VALID": 0,
        "total": 1225
    },
    "percentage": {
        "ACTIVE": 99.91836734693878,
        "INACTIVE": 1.694915254237288,
        "INVALID": 0,
        "MALICIOUS": 0,
        "SANE": 0,
        "VALID": 0,
        "total": 101.61328260117607
    }
}