{
    "counter": {
        "ACTIVE": 881,
        "INACTIVE": 2,
        "INVALID": 0,
        "MALICIOUS": 0,
        "SANE": 0,
        "VALID": 0,
        "total": 883
    },
    "percentage": {
        "ACTIVE": 99.77349943374858,
        "INACTIVE": 0.5263157894736842,
        "INVALID": 0,
        "MALICIOUS": 0,
        "SANE": 0,
        "VALID": 0,
        "total": 100.29981522322227
    }
}