{
    "counter": {
        "ACTIVE": 2014,
        "INACTIVE": 4,
        "INVALID": 0,
        "MALICIOUS": 0,
        "SANE": 0,
        "VALID": 0,
        "total": 2018
    },
    "percentage": {
        "ACTIVE": 99.8017839444995,
        "INACTIVE": 0.26143790849673204,
        "INVALID": 0,
        "MALICIOUS": 0,
        "SANE": 0,
        "VALID": 0,
        "total": 100.06322185299624
    }
}