{
    "counter": {
        "ACTIVE": 1749,
        "INACTIVE": 1,
        "INVALID": 0,
        "MALICIOUS": 0,
        "SANE": 0,
        "VALID": 0,
        "total": 1750
    },
    "percentage": {
        "ACTIVE": 99.94285714285714,
        "INACTIVE": 0.09765625,
        "INVALID": 0,
        "MALICIOUS": 0,
        "SANE": 0,
        "VALID": 0,
        "total": 100.04051339285714
    }
}