{
    "counter": {
        "ACTIVE": 968,
        "INACTIVE": 1,
        "INVALID": 0,
        "MALICIOUS": 0,
        "SANE": 0,
        "VALID": 0,
        "total": 969
    },
    "percentage": {
        "ACTIVE": 99.8968008255934,
        "INACTIVE": 0.31545741324921134,
        "INVALID": 0,
        "MALICIOUS": 0,
        "SANE": 0,
        "VALID": 0,
        "total": 100.21225823884261
    }
}