{
    "counter": {
        "ACTIVE": 1014,
        "INACTIVE": 2,
        "INVALID": 0,
        "MALICIOUS": 0,
        "SANE": 0,
        "VALID": 0,
        "total": 1016
    },
    "percentage": {
        "ACTIVE": 99.80314960629921,
        "INACTIVE": 0.24783147459727387,
        "INVALID": 0,
        "MALICIOUS": 0,
        "SANE": 0,
        "VALID": 0,
        "total": 100.05098108089649
    }
}