{
    "counter": {
        "ACTIVE": 1158,
        "INACTIVE": 1,
        "INVALID": 0,
        "MALICIOUS": 0,
        "SANE": 0,
        "VALID": 0,
        "total": 1159
    },
    "percentage": {
        "ACTIVE": 99.9137187230371,
        "INACTIVE": 1.5151515151515151,
        "INVALID": 0,
        "MALICIOUS": 0,
        "SANE": 0,
        "VALID": 0,
        "total": 101.42887023818862
    }
}