{
    "counter": {
        "ACTIVE": 1977,
        "INACTIVE": 3,
        "INVALID": 0,
        "MALICIOUS": 0,
        "SANE": 0,
        "VALID": 0,
        "total": 1980
    },
    "percentage": {
        "ACTIVE": 99.84848484848484,
        "INACTIVE": 0.17889087656529518,
        "INVALID": 0,
        "MALICIOUS": 0,
        "SANE": 0,
        "VALID": 0,
        "total": 100.02737572505013
    }
}