{
    "counter": {
        "ACTIVE": 861,
        "INACTIVE": 3,
        "INVALID": 0,
        "MALICIOUS": 0,
        "SANE": 0,
        "VALID": 0,
        "total": 864
    },
    "percentage": {
        "ACTIVE": 99.65277777777777,
        "INACTIVE": 0.702576112412178,
        "INVALID": 0,
        "MALICIOUS": 0,
        "SANE": 0,
        "VALID": 0,
        "total": 100.35535389018995
    }
}