{
    "counter": {
        "ACTIVE": 1981,
        "INACTIVE": 1,
        "INVALID": 0,
        "MALICIOUS": 0,
        "SANE": 0,
        "VALID": 0,
        "total": 1982
    },
    "percentage": {
        "ACTIVE": 99.94954591321897,
        "INACTIVE": 0.0665335994677312,
        "INVALID": 0,
        "MALICIOUS": 0,
        "SANE": 0,
        "VALID": 0,
        "total": 100.0160795126867
    }
}