{
    "counter": {
        "ACTIVE": 1538,
        "INACTIVE": 1,
        "INVALID": 0,
        "MALICIOUS": 0,
        "SANE": 0,
        "VALID": 0,
        "total": 1539
    },
    "percentage": {
        "ACTIVE": 99.93502274204029,
        "INACTIVE": 0.07283321194464676,
        "INVALID": 0,
        "MALICIOUS": 0,
        "SANE": 0,
        "VALID": 0,
        "total": 100.00785595398493
    }
}