{
    "counter": {
        "ACTIVE": 1371,
        "INACTIVE": 2,
        "INVALID": 0,
        "MALICIOUS": 0,
        "SANE": 0,
        "VALID": 0,
        "total": 1373
    },
    "percentage": {
        "ACTIVE": 99.8543335761107,
        "INACTIVE": 0.20639834881320948,
        "INVALID": 0,
        "MALICIOUS": 0,
        "SANE": 0,
        "VALID": 0,
        "total": 100.06073192492391
    }
}