{
    "counter": {
        "ACTIVE": 511,
        "INACTIVE": 2,
        "INVALID": 0,
        "MALICIOUS": 0,
        "SANE": 0,
        "VALID": 0,
        "total": 513
    },
    "percentage": {
        "ACTIVE": 99.61013645224172,
        "INACTIVE": 0.4694835680751174,
        "INVALID": 0,
        "MALICIOUS": 0,
        "SANE": 0,
        "VALID": 0,
        "total": 100.07962002031684
    }
}