{
    "counter": {
        "ACTIVE": 869,
        "INACTIVE": 2,
        "INVALID": 0,
        "MALICIOUS": 0,
        "SANE": 0,
        "VALID": 0,
        "total": 871
    },
    "percentage": {
        "ACTIVE": 99.77037887485649,
        "INACTIVE": 0.47058823529411764,
        "INVALID": 0,
        "MALICIOUS": 0,
        "SANE": 0,
        "VALID": 0,
        "total": 100.2409671101506
    }
}