{
    "counter": {
        "ACTIVE": 1801,
        "INACTIVE": 2,
        "INVALID": 0,
        "MALICIOUS": 0,
        "SANE": 0,
        "VALID": 0,
        "total": 1803
    },
    "percentage": {
        "ACTIVE": 99.88907376594564,
        "INACTIVE": 0.44052863436123346,
        "INVALID": 0,
        "MALICIOUS": 0,
        "SANE": 0,
        "VALID": 0,
        "total": 100.32960240030687
    }
}