{
    "counter": {
        "ACTIVE": 1445,
        "INACTIVE": 131,
        "INVALID": 0,
        "MALICIOUS": 0,
        "SANE": 0,
        "VALID": 0,
        "total": 1576
    },
    "percentage": {
        "ACTIVE": 91.74603174603175,
        "INACTIVE": 8.312182741116752,
        "INVALID": 0,
        "MALICIOUS": 0,
        "SANE": 0,
        "VALID": 0,
        "total": 100.0582144871485
    }
}