{
    "counter": {
        "ACTIVE": 2334,
        "INACTIVE": 2,
        "INVALID": 0,
        "MALICIOUS": 0,
        "SANE": 0,
        "VALID": 0,
        "total": 2336
    },
    "percentage": {
        "ACTIVE": 99.91438356164383,
        "INACTIVE": 0.12476606363069245,
        "INVALID": 0,
        "MALICIOUS": 0,
        "SANE": 0,
        "VALID": 0,
        "total": 100.03914962527452
    }
}