{
    "counter": {
        "ACTIVE": 1566,
        "INACTIVE": 3,
        "INVALID": 0,
        "MALICIOUS": 0,
        "SANE": 0,
        "VALID": 0,
        "total": 1569
    },
    "percentage": {
        "ACTIVE": 99.80879541108986,
        "INACTIVE": 0.2544529262086514,
        "INVALID": 0,
        "MALICIOUS": 0,
        "SANE": 0,
        "VALID": 0,
        "total": 100.06324833729852
    }
}