{
    "counter": {
        "ACTIVE": 732,
        "INACTIVE": 1,
        "INVALID": 0,
        "MALICIOUS": 0,
        "SANE": 0,
        "VALID": 0,
        "total": 733
    },
    "percentage": {
        "ACTIVE": 99.86357435197817,
        "INACTIVE": 0.1949317738791423,
        "INVALID": 0,
        "MALICIOUS": 0,
        "SANE": 0,
        "VALID": 0,
        "total": 100.05850612585732
    }
}