{
    "counter": {
        "ACTIVE": 2000,
        "INACTIVE": 1,
        "INVALID": 0,
        "MALICIOUS": 0,
        "SANE": 0,
        "VALID": 0,
        "total": 2001
    },
    "percentage": {
        "ACTIVE": 99.95002498750625,
        "INACTIVE": 0.0984251968503937,
        "INVALID": 0,
        "MALICIOUS": 0,
        "SANE": 0,
        "VALID": 0,
        "total": 100.04845018435665
    }
}