{
    "counter": {
        "ACTIVE": 982,
        "INACTIVE": 1,
        "INVALID": 0,
        "MALICIOUS": 0,
        "SANE": 0,
        "VALID": 0,
        "total": 983
    },
    "percentage": {
        "ACTIVE": 99.89827060020346,
        "INACTIVE": 0.7092198581560284,
        "INVALID": 0,
        "MALICIOUS": 0,
        "SANE": 0,
        "VALID": 0,
        "total": 100.60749045835949
    }
}