{
    "counter": {
        "ACTIVE": 843,
        "INACTIVE": 1,
        "INVALID": 0,
        "MALICIOUS": 0,
        "SANE": 0,
        "VALID": 0,
        "total": 844
    },
    "percentage": {
        "ACTIVE": 99.88151658767772,
        "INACTIVE": 0.2631578947368421,
        "INVALID": 0,
        "MALICIOUS": 0,
        "SANE": 0,
        "VALID": 0,
        "total": 100.14467448241456
    }
}