{
    "counter": {
        "ACTIVE": 1362,
        "INACTIVE": 1,
        "INVALID": 0,
        "MALICIOUS": 0,
        "SANE": 0,
        "VALID": 0,
        "total": 1363
    },
    "percentage": {
        "ACTIVE": 99.92663242846662,
        "INACTIVE": 0.7751937984496124,
        "INVALID": 0,
        "MALICIOUS": 0,
        "SANE": 0,
        "VALID": 0,
        "total": 100.70182622691622
    }
}