{
    "counter": {
        "ACTIVE": 2316,
        "INACTIVE": 2,
        "INVALID": 0,
        "MALICIOUS": 0,
        "SANE": 0,
        "VALID": 0,
        "total": 2318
    },
    "percentage": {
        "ACTIVE": 99.9137187230371,
        "INACTIVE": 0.22935779816513763,
        "INVALID": 0,
        "MALICIOUS": 0,
        "SANE": 0,
        "VALID": 0,
        "total": 100.14307652120225
    }
}