{
    "counter": {
        "ACTIVE": 1401,
        "INACTIVE": 1,
        "INVALID": 0,
        "MALICIOUS": 0,
        "SANE": 0,
        "VALID": 0,
        "total": 1402
    },
    "percentage": {
        "ACTIVE": 99.9286733238231,
        "INACTIVE": 0.11441647597254005,
        "INVALID": 0,
        "MALICIOUS": 0,
        "SANE": 0,
        "VALID": 0,
        "total": 100.04308979979565
    }
}