{
    "counter": {
        "ACTIVE": 233,
        "INACTIVE": 1,
        "INVALID": 0,
        "MALICIOUS": 0,
        "SANE": 0,
        "VALID": 0,
        "total": 234
    },
    "percentage": {
        "ACTIVE": 99.57264957264957,
        "INACTIVE": 0.8620689655172413,
        "INVALID": 0,
        "MALICIOUS": 0,
        "SANE": 0,
        "VALID": 0,
        "total": 100.4347185381668
    }
}