{
    "counter": {
        "ACTIVE": 1056,
        "INACTIVE": 3,
        "INVALID": 0,
        "MALICIOUS": 0,
        "SANE": 0,
        "VALID": 0,
        "total": 1059
    },
    "percentage": {
        "ACTIVE": 99.71671388101983,
        "INACTIVE": 0.2944062806673209,
        "INVALID": 0,
        "MALICIOUS": 0,
        "SANE": 0,
        "VALID": 0,
        "total": 100.01112016168715
    }
}