{
    "counter": {
        "ACTIVE": 2195,
        "INACTIVE": 1,
        "INVALID": 0,
        "MALICIOUS": 0,
        "SANE": 0,
        "VALID": 0,
        "total": 2196
    },
    "percentage": {
        "ACTIVE": 99.9544626593807,
        "INACTIVE": 0.04975124378109453,
        "INVALID": 0,
        "MALICIOUS": 0,
        "SANE": 0,
        "VALID": 0,
        "total": 100.00421390316178
    }
}