{
    "counter": {
        "ACTIVE": 2347,
        "INACTIVE": 5,
        "INVALID": 0,
        "MALICIOUS": 0,
        "SANE": 0,
        "VALID": 0,
        "total": 2352
    },
    "percentage": {
        "ACTIVE": 99.7874149659864,
        "INACTIVE": 0.25588536335721596,
        "INVALID": 0,
        "MALICIOUS": 0,
        "SANE": 0,
        "VALID": 0,
        "total": 100.04330032934362
    }
}