{
    "counter": {
        "ACTIVE": 2176,
        "INACTIVE": 2,
        "INVALID": 0,
        "MALICIOUS": 0,
        "SANE": 0,
        "VALID": 0,
        "total": 2178
    },
    "percentage": {
        "ACTIVE": 99.90817263544537,
        "INACTIVE": 0.24813895781637718,
        "INVALID": 0,
        "MALICIOUS": 0,
        "SANE": 0,
        "VALID": 0,
        "total": 100.15631159326175
    }
}