{
    "counter": {
        "ACTIVE": 1381,
        "INACTIVE": 1,
        "INVALID": 0,
        "MALICIOUS": 0,
        "SANE": 0,
        "VALID": 0,
        "total": 1382
    },
    "percentage": {
        "ACTIVE": 99.92764109985528,
        "INACTIVE": 0.2631578947368421,
        "INVALID": 0,
        "MALICIOUS": 0,
        "SANE": 0,
        "VALID": 0,
        "total": 100.19079899459211
    }
}