{
    "counter": {
        "ACTIVE": 4249,
        "INACTIVE": 1,
        "INVALID": 1,
        "MALICIOUS": 0,
        "SANE": 0,
        "VALID": 0,
        "total": 4251
    },
    "percentage": {
        "ACTIVE": 99.95295224653023,
        "INACTIVE": 0.023523876734885908,
        "INVALID": 0.023523876734885908,
        "MALICIOUS": 0.0,
        "SANE": 0.0,
        "VALID": 0.0,
        "total": 100.0
    }
}