{
    "counter": {
        "ACTIVE": 1724,
        "INACTIVE": 1,
        "INVALID": 0,
        "MALICIOUS": 0,
        "SANE": 0,
        "VALID": 0,
        "total": 1725
    },
    "percentage": {
        "ACTIVE": 99.94202898550725,
        "INACTIVE": 0.5181347150259067,
        "INVALID": 0,
        "MALICIOUS": 0,
        "SANE": 0,
        "VALID": 0,
        "total": 100.46016370053316
    }
}