{
    "counter": {
        "ACTIVE": 521,
        "INACTIVE": 2,
        "INVALID": 0,
        "MALICIOUS": 0,
        "SANE": 0,
        "VALID": 0,
        "total": 523
    },
    "percentage": {
        "ACTIVE": 99.61759082217974,
        "INACTIVE": 0.3883495145631068,
        "INVALID": 0,
        "MALICIOUS": 0,
        "SANE": 0,
        "VALID": 0,
        "total": 100.00594033674284
    }
}