{
    "counter": {
        "ACTIVE": 1481,
        "INACTIVE": 2,
        "INVALID": 0,
        "MALICIOUS": 0,
        "SANE": 0,
        "VALID": 0,
        "total": 1483
    },
    "percentage": {
        "ACTIVE": 99.86513823331086,
        "INACTIVE": 0.4914004914004914,
        "INVALID": 0,
        "MALICIOUS": 0,
        "SANE": 0,
        "VALID": 0,
        "total": 100.35653872471136
    }
}