{
    "counter": {
        "ACTIVE": 2024,
        "INACTIVE": 1,
        "INVALID": 0,
        "MALICIOUS": 0,
        "SANE": 0,
        "VALID": 0,
        "total": 2025
    },
    "percentage": {
        "ACTIVE": 99.95061728395062,
        "INACTIVE": 0.10141987829614604,
        "INVALID": 0,
        "MALICIOUS": 0,
        "SANE": 0,
        "VALID": 0,
        "total": 100.05203716224676
    }
}