{
    "counter": {
        "ACTIVE": 2338,
        "INACTIVE": 3,
        "INVALID": 0,
        "MALICIOUS": 0,
        "SANE": 0,
        "VALID": 0,
        "total": 2341
    },
    "percentage": {
        "ACTIVE": 99.8718496369073,
        "INACTIVE": 0.3740648379052369,
        "INVALID": 0,
        "MALICIOUS": 0,
        "SANE": 0,
        "VALID": 0,
        "total": 100.24591447481254
    }
}