{
    "counter": {
        "ACTIVE": 1149,
        "INACTIVE": 2,
        "INVALID": 0,
        "MALICIOUS": 0,
        "SANE": 0,
        "VALID": 0,
        "total": 1151
    },
    "percentage": {
        "ACTIVE": 99.8262380538662,
        "INACTIVE": 0.18214936247723132,
        "INVALID": 0,
        "MALICIOUS": 0,
        "SANE": 0,
        "VALID": 0,
        "total": 100.00838741634344
    }
}