{
    "counter": {
        "ACTIVE": 844,
        "INACTIVE": 4,
        "INVALID": 0,
        "MALICIOUS": 0,
        "SANE": 0,
        "VALID": 0,
        "total": 848
    },
    "percentage": {
        "ACTIVE": 99.52830188679245,
        "INACTIVE": 0.9779951100244498,
        "INVALID": 0,
        "MALICIOUS": 0,
        "SANE": 0,
        "VALID": 0,
        "total": 100.5062969968169
    }
}