{
    "counter": {
        "ACTIVE": 1746,
        "INACTIVE": 2,
        "INVALID": 0,
        "MALICIOUS": 0,
        "SANE": 0,
        "VALID": 0,
        "total": 1748
    },
    "percentage": {
        "ACTIVE": 99.88558352402745,
        "INACTIVE": 0.33003300330033003,
        "INVALID": 0,
        "MALICIOUS": 0,
        "SANE": 0,
        "VALID": 0,
        "total": 100.21561652732778
    }
}