{
    "counter": {
        "ACTIVE": 2481,
        "INACTIVE": 1,
        "INVALID": 1,
        "MALICIOUS": 0,
        "SANE": 0,
        "VALID": 0,
        "total": 2483
    },
    "percentage": {
        "ACTIVE": 99.91945227547322,
        "INACTIVE": 0.04027386226339106,
        "INVALID": 0.04027386226339106,
        "MALICIOUS": 0.0,
        "SANE": 0.0,
        "VALID": 0.0,
        "total": 100.0
    }
}