{
    "counter": {
        "ACTIVE": 896,
        "INACTIVE": 2,
        "INVALID": 0,
        "MALICIOUS": 0,
        "SANE": 0,
        "VALID": 0,
        "total": 898
    },
    "percentage": {
        "ACTIVE": 99.77728285077951,
        "INACTIVE": 0.41237113402061853,
        "INVALID": 0,
        "MALICIOUS": 0,
        "SANE": 0,
        "VALID": 0,
        "total": 100.18965398480013
    }
}