{
    "counter": {
        "ACTIVE": 2122,
        "INACTIVE": 2,
        "INVALID": 0,
        "MALICIOUS": 0,
        "SANE": 0,
        "VALID": 0,
        "total": 2124
    },
    "percentage": {
        "ACTIVE": 99.90583804143127,
        "INACTIVE": 0.09501187648456057,
        "INVALID": 0,
        "MALICIOUS": 0,
        "SANE": 0,
        "VALID": 0,
        "total": 100.00084991791583
    }
}