{
    "counter": {
        "ACTIVE": 2095,
        "INACTIVE": 1,
        "INVALID": 0,
        "MALICIOUS": 0,
        "SANE": 0,
        "VALID": 0,
        "total": 2096
    },
    "percentage": {
        "ACTIVE": 99.95229007633588,
        "INACTIVE": 0.6802721088435374,
        "INVALID": 0,
        "MALICIOUS": 0,
        "SANE": 0,
        "VALID": 0,
        "total": 100.63256218517942
    }
}