{
    "counter": {
        "ACTIVE": 2263,
        "INACTIVE": 5,
        "INVALID": 0,
        "MALICIOUS": 0,
        "SANE": 0,
        "VALID": 0,
        "total": 2268
    },
    "percentage": {
        "ACTIVE": 99.77954144620811,
        "INACTIVE": 0.3203074951953876,
        "INVALID": 0,
        "MALICIOUS": 0,
        "SANE": 0,
        "VALID": 0,
        "total": 100.09984894140351
    }
}