{
    "counter": {
        "ACTIVE": 542,
        "INACTIVE": 1,
        "INVALID": 0,
        "MALICIOUS": 0,
        "SANE": 0,
        "VALID": 0,
        "total": 543
    },
    "percentage": {
        "ACTIVE": 99.8158379373849,
        "INACTIVE": 0.6578947368421053,
        "INVALID": 0,
        "MALICIOUS": 0,
        "SANE": 0,
        "VALID": 0,
        "total": 100.47373267422701
    }
}