{
    "counter": {
        "ACTIVE": 1725,
        "INACTIVE": 1,
        "INVALID": 0,
        "MALICIOUS": 0,
        "SANE": 0,
        "VALID": 0,
        "total": 1726
    },
    "percentage": {
        "ACTIVE": 99.94206257242179,
        "INACTIVE": 0.12853470437017994,
        "INVALID": 0,
        "MALICIOUS": 0,
        "SANE": 0,
        "VALID": 0,
        "total": 100.07059727679197
    }
}