{
    "counter": {
        "ACTIVE": 643,
        "INACTIVE": 1,
        "INVALID": 0,
        "MALICIOUS": 0,
        "SANE": 0,
        "VALID": 0,
        "total": 644
    },
    "percentage": {
        "ACTIVE": 99.84472049689441,
        "INACTIVE": 0.2457002457002457,
        "INVALID": 0,
        "MALICIOUS": 0,
        "SANE": 0,
        "VALID": 0,
        "total": 100.09042074259466
    }
}