{
    "counter": {
        "ACTIVE": 1174,
        "INACTIVE": 1,
        "INVALID": 0,
        "MALICIOUS": 0,
        "SANE": 0,
        "VALID": 0,
        "total": 1175
    },
    "percentage": {
        "ACTIVE": 99.91489361702128,
        "INACTIVE": 0.31746031746031744,
        "INVALID": 0,
        "MALICIOUS": 0,
        "SANE": 0,
        "VALID": 0,
        "total": 100.2323539344816
    }
}