{
    "counter": {
        "ACTIVE": 674,
        "INACTIVE": 1,
        "INVALID": 0,
        "MALICIOUS": 0,
        "SANE": 0,
        "VALID": 0,
        "total": 675
    },
    "percentage": {
        "ACTIVE": 99.85185185185185,
        "INACTIVE": 0.3184713375796178,
        "INVALID": 0,
        "MALICIOUS": 0,
        "SANE": 0,
        "VALID": 0,
        "total": 100.17032318943147
    }
}