{
    "counter": {
        "ACTIVE": 4178,
        "INACTIVE": 1,
        "INVALID": 0,
        "MALICIOUS": 0,
        "SANE": 0,
        "VALID": 0,
        "total": 4179
    },
    "percentage": {
        "ACTIVE": 99.97607083034218,
        "INACTIVE": 0.023929169657812874,
        "INVALID": 0.0,
        "MALICIOUS": 0.0,
        "SANE": 0.0,
        "VALID": 0.0,
        "total": 100.0
    }
}