{
    "counter": {
        "ACTIVE": 2158,
        "INACTIVE": 1,
        "INVALID": 0,
        "MALICIOUS": 0,
        "SANE": 0,
        "VALID": 0,
        "total": 2159
    },
    "percentage": {
        "ACTIVE": 99.9536822603057,
        "INACTIVE": 0.6622516556291391,
        "INVALID": 0,
        "MALICIOUS": 0,
        "SANE": 0,
        "VALID": 0,
        "total": 100.61593391593483
    }
}