{
    "counter": {
        "ACTIVE": 1779,
        "INACTIVE": 3,
        "INVALID": 0,
        "MALICIOUS": 0,
        "SANE": 0,
        "VALID": 0,
        "total": 1782
    },
    "percentage": {
        "ACTIVE": 99.83164983164983,
        "INACTIVE": 0.2997002997002997,
        "INVALID": 0,
        "MALICIOUS": 0,
        "SANE": 0,
        "VALID": 0,
        "total": 100.13135013135013
    }
}