{
    "counter": {
        "ACTIVE": 346,
        "INACTIVE": 2,
        "INVALID": 0,
        "MALICIOUS": 0,
        "SANE": 0,
        "VALID": 0,
        "total": 348
    },
    "percentage": {
        "ACTIVE": 99.42528735632185,
        "INACTIVE": 0.6329113924050633,
        "INVALID": 0,
        "MALICIOUS": 0,
        "SANE": 0,
        "VALID": 0,
        "total": 100.05819874872691
    }
}