{
    "counter": {
        "ACTIVE": 1212,
        "INACTIVE": 2,
        "INVALID": 0,
        "MALICIOUS": 0,
        "SANE": 0,
        "VALID": 0,
        "total": 1214
    },
    "percentage": {
        "ACTIVE": 99.83525535420098,
        "INACTIVE": 0.47058823529411764,
        "INVALID": 0,
        "MALICIOUS": 0,
        "SANE": 0,
        "VALID": 0,
        "total": 100.3058435894951
    }
}