{
    "counter": {
        "ACTIVE": 1879,
        "INACTIVE": 4,
        "INVALID": 0,
        "MALICIOUS": 0,
        "SANE": 0,
        "VALID": 0,
        "total": 1883
    },
    "percentage": {
        "ACTIVE": 99.78757302177377,
        "INACTIVE": 0.2229654403567447,
        "INVALID": 0,
        "MALICIOUS": 0,
        "SANE": 0,
        "VALID": 0,
        "total": 100.01053846213051
    }
}