{
    "counter": {
        "ACTIVE": 1768,
        "INACTIVE": 1,
        "INVALID": 0,
        "MALICIOUS": 0,
        "SANE": 0,
        "VALID": 0,
        "total": 1769
    },
    "percentage": {
        "ACTIVE": 99.94347088750706,
        "INACTIVE": 2.6315789473684212,
        "INVALID": 0,
        "MALICIOUS": 0,
        "SANE": 0,
        "VALID": 0,
        "total": 102.57504983487549
    }
}