{
    "counter": {
        "ACTIVE": 2026,
        "INACTIVE": 3,
        "INVALID": 0,
        "MALICIOUS": 0,
        "SANE": 0,
        "VALID": 0,
        "total": 2029
    },
    "percentage": {
        "ACTIVE": 99.85214391325776,
        "INACTIVE": 0.17657445556209536,
        "INVALID": 0,
        "MALICIOUS": 0,
        "SANE": 0,
        "VALID": 0,
        "total": 100.02871836881985
    }
}