{
    "counter": {
        "ACTIVE": 2146,
        "INACTIVE": 2,
        "INVALID": 0,
        "MALICIOUS": 0,
        "SANE": 0,
        "VALID": 0,
        "total": 2148
    },
    "percentage": {
        "ACTIVE": 99.90689013035382,
        "INACTIVE": 0.49875311720698257,
        "INVALID": 0,
        "MALICIOUS": 0,
        "SANE": 0,
        "VALID": 0,
        "total": 100.4056432475608
    }
}