{
    "counter": {
        "ACTIVE": 1228,
        "INACTIVE": 1,
        "INVALID": 0,
        "MALICIOUS": 0,
        "SANE": 0,
        "VALID": 0,
        "total": 1229
    },
    "percentage": {
        "ACTIVE": 99.91863303498779,
        "INACTIVE": 0.20449897750511248,
        "INVALID": 0,
        "MALICIOUS": 0,
        "SANE": 0,
        "VALID": 0,
        "total": 100.1231320124929
    }
}