{
    "counter": {
        "ACTIVE": 512,
        "INACTIVE": 2,
        "INVALID": 0,
        "MALICIOUS": 0,
        "SANE": 0,
        "VALID": 0,
        "total": 514
    },
    "percentage": {
        "ACTIVE": 99.61089494163424,
        "INACTIVE": 0.5263157894736842,
        "INVALID": 0,
        "MALICIOUS": 0,
        "SANE": 0,
        "VALID": 0,
        "total": 100.13721073110793
    }
}