{
    "counter": {
        "ACTIVE": 3912,
        "INACTIVE": 1,
        "INVALID": 0,
        "MALICIOUS": 0,
        "SANE": 0,
        "VALID": 0,
        "total": 3913
    },
    "percentage": {
        "ACTIVE": 99.97444416049068,
        "INACTIVE": 0.025555839509327882,
        "INVALID": 0.0,
        "MALICIOUS": 0.0,
        "SANE": 0.0,
        "VALID": 0.0,
        "total": 100.0
    }
}