{
    "counter": {
        "ACTIVE": 210,
        "INACTIVE": 1,
        "INVALID": 0,
        "MALICIOUS": 0,
        "SANE": 0,
        "VALID": 0,
        "total": 211
    },
    "percentage": {
        "ACTIVE": 99.5260663507109,
        "INACTIVE": 1.7543859649122806,
        "INVALID": 0,
        "MALICIOUS": 0,
        "SANE": 0,
        "VALID": 0,
        "total": 101.28045231562318
    }
}