{
    "counter": {
        "ACTIVE": 2765,
        "INACTIVE": 2,
        "INVALID": 0,
        "MALICIOUS": 0,
        "SANE": 0,
        "VALID": 0,
        "total": 2767
    },
    "percentage": {
        "ACTIVE": 99.92771955186122,
        "INACTIVE": 0.07984031936127745,
        "INVALID": 0,
        "MALICIOUS": 0,
        "SANE": 0,
        "VALID": 0,
        "total": 100.0075598712225
    }
}