{
    "counter": {
        "ACTIVE": 978,
        "INACTIVE": 1,
        "INVALID": 0,
        "MALICIOUS": 0,
        "SANE": 0,
        "VALID": 0,
        "total": 979
    },
    "percentage": {
        "ACTIVE": 99.89785495403473,
        "INACTIVE": 0.16835016835016836,
        "INVALID": 0,
        "MALICIOUS": 0,
        "SANE": 0,
        "VALID": 0,
        "total": 100.0662051223849
    }
}