{
    "counter": {
        "ACTIVE": 1058,
        "INACTIVE": 2,
        "INVALID": 0,
        "MALICIOUS": 0,
        "SANE": 0,
        "VALID": 0,
        "total": 1060
    },
    "percentage": {
        "ACTIVE": 99.81132075471699,
        "INACTIVE": 0.3883495145631068,
        "INVALID": 0,
        "MALICIOUS": 0,
        "SANE": 0,
        "VALID": 0,
        "total": 100.19967026928009
    }
}