{
    "counter": {
        "ACTIVE": 1594,
        "INACTIVE": 5,
        "INVALID": 0,
        "MALICIOUS": 0,
        "SANE": 0,
        "VALID": 0,
        "total": 1599
    },
    "percentage": {
        "ACTIVE": 99.68730456535334,
        "INACTIVE": 0.3203074951953876,
        "INVALID": 0,
        "MALICIOUS": 0,
        "SANE": 0,
        "VALID": 0,
        "total": 100.00761206054874
    }
}