{
    "counter": {
        "ACTIVE": 642,
        "INACTIVE": 1,
        "INVALID": 0,
        "MALICIOUS": 0,
        "SANE": 0,
        "VALID": 0,
        "total": 643
    },
    "percentage": {
        "ACTIVE": 99.84447900466563,
        "INACTIVE": 0.22026431718061673,
        "INVALID": 0,
        "MALICIOUS": 0,
        "SANE": 0,
        "VALID": 0,
        "total": 100.06474332184625
    }
}