{
    "counter": {
        "ACTIVE": 716,
        "INACTIVE": 1,
        "INVALID": 0,
        "MALICIOUS": 0,
        "SANE": 0,
        "VALID": 0,
        "total": 717
    },
    "percentage": {
        "ACTIVE": 99.860529986053,
        "INACTIVE": 0.16611295681063123,
        "INVALID": 0,
        "MALICIOUS": 0,
        "SANE": 0,
        "VALID": 0,
        "total": 100.02664294286363
    }
}