{
    "counter": {
        "ACTIVE": 2239,
        "INACTIVE": 3,
        "INVALID": 0,
        "MALICIOUS": 0,
        "SANE": 0,
        "VALID": 0,
        "total": 2242
    },
    "percentage": {
        "ACTIVE": 99.86619090098127,
        "INACTIVE": 0.18915510718789408,
        "INVALID": 0,
        "MALICIOUS": 0,
        "SANE": 0,
        "VALID": 0,
        "total": 100.05534600816917
    }
}