{
    "counter": {
        "ACTIVE": 1646,
        "INACTIVE": 1,
        "INVALID": 0,
        "MALICIOUS": 0,
        "SANE": 0,
        "VALID": 0,
        "total": 1647
    },
    "percentage": {
        "ACTIVE": 99.93928354584092,
        "INACTIVE": 0.22026431718061673,
        "INVALID": 0,
        "MALICIOUS": 0,
        "SANE": 0,
        "VALID": 0,
        "total": 100.15954786302154
    }
}