{
    "counter": {
        "ACTIVE": 1589,
        "INACTIVE": 4,
        "INVALID": 0,
        "MALICIOUS": 0,
        "SANE": 0,
        "VALID": 0,
        "total": 1593
    },
    "percentage": {
        "ACTIVE": 99.74890144381669,
        "INACTIVE": 0.29985007496251875,
        "INVALID": 0,
        "MALICIOUS": 0,
        "SANE": 0,
        "VALID": 0,
        "total": 100.04875151877921
    }
}