{
    "counter": {
        "ACTIVE": 1194,
        "INACTIVE": 1,
        "INVALID": 0,
        "MALICIOUS": 0,
        "SANE": 0,
        "VALID": 0,
        "total": 1195
    },
    "percentage": {
        "ACTIVE": 99.9163179916318,
        "INACTIVE": 0.1996007984031936,
        "INVALID": 0,
        "MALICIOUS": 0,
        "SANE": 0,
        "VALID": 0,
        "total": 100.115918790035
    }
}