{
    "counter": {
        "ACTIVE": 1775,
        "INACTIVE": 2,
        "INVALID": 0,
        "MALICIOUS": 0,
        "SANE": 0,
        "VALID": 0,
        "total": 1777
    },
    "percentage": {
        "ACTIVE": 99.88745075970738,
        "INACTIVE": 1.3157894736842106,
        "INVALID": 0,
        "MALICIOUS": 0,
        "SANE": 0,
        "VALID": 0,
        "total": 101.20324023339158
    }
}