{
    "counter": {
        "ACTIVE": 2175,
        "INACTIVE": 1,
        "INVALID": 0,
        "MALICIOUS": 0,
        "SANE": 0,
        "VALID": 0,
        "total": 2176
    },
    "percentage": {
        "ACTIVE": 99.95404411764706,
        "INACTIVE": 0.8620689655172413,
        "INVALID": 0,
        "MALICIOUS": 0,
        "SANE": 0,
        "VALID": 0,
        "total": 100.8161130831643
    }
}