{
    "counter": {
        "ACTIVE": 1968,
        "INACTIVE": 4,
        "INVALID": 0,
        "MALICIOUS": 0,
        "SANE": 0,
        "VALID": 0,
        "total": 1972
    },
    "percentage": {
        "ACTIVE": 99.7971602434077,
        "INACTIVE": 0.2348796241926013,
        "INVALID": 0,
        "MALICIOUS": 0,
        "SANE": 0,
        "VALID": 0,
        "total": 100.0320398676003
    }
}