{
    "counter": {
        "ACTIVE": 899,
        "INACTIVE": 3,
        "INVALID": 0,
        "MALICIOUS": 0,
        "SANE": 0,
        "VALID": 0,
        "total": 902
    },
    "percentage": {
        "ACTIVE": 99.66740576496674,
        "INACTIVE": 0.37037037037037035,
        "INVALID": 0,
        "MALICIOUS": 0,
        "SANE": 0,
        "VALID": 0,
        "total": 100.03777613533711
    }
}