{
    "counter": {
        "ACTIVE": 3176,
        "INACTIVE": 4,
        "INVALID": 0,
        "MALICIOUS": 0,
        "SANE": 0,
        "VALID": 0,
        "total": 3180
    },
    "percentage": {
        "ACTIVE": 99.87421383647799,
        "INACTIVE": 0.15117157974300832,
        "INVALID": 0,
        "MALICIOUS": 0,
        "SANE": 0,
        "VALID": 0,
        "total": 100.025385416221
    }
}