{
    "counter": {
        "ACTIVE": 1152,
        "INACTIVE": 1,
        "INVALID": 0,
        "MALICIOUS": 0,
        "SANE": 0,
        "VALID": 0,
        "total": 1153
    },
    "percentage": {
        "ACTIVE": 99.91326973113617,
        "INACTIVE": 1.1764705882352942,
        "INVALID": 0,
        "MALICIOUS": 0,
        "SANE": 0,
        "VALID": 0,
        "total": 101.08974031937146
    }
}