{
    "counter": {
        "ACTIVE": 2027,
        "INACTIVE": 7,
        "INVALID": 0,
        "MALICIOUS": 0,
        "SANE": 0,
        "VALID": 0,
        "total": 2034
    },
    "percentage": {
        "ACTIVE": 99.6558505408063,
        "INACTIVE": 0.5677210056772101,
        "INVALID": 0,
        "MALICIOUS": 0,
        "SANE": 0,
        "VALID": 0,
        "total": 100.22357154648351
    }
}