{
    "counter": {
        "ACTIVE": 975,
        "INACTIVE": 1,
        "INVALID": 0,
        "MALICIOUS": 0,
        "SANE": 0,
        "VALID": 0,
        "total": 976
    },
    "percentage": {
        "ACTIVE": 99.89754098360656,
        "INACTIVE": 0.6410256410256411,
        "INVALID": 0,
        "MALICIOUS": 0,
        "SANE": 0,
        "VALID": 0,
        "total": 100.5385666246322
    }
}