{
    "counter": {
        "ACTIVE": 698,
        "INACTIVE": 1,
        "INVALID": 0,
        "MALICIOUS": 0,
        "SANE": 0,
        "VALID": 0,
        "total": 699
    },
    "percentage": {
        "ACTIVE": 99.85693848354792,
        "INACTIVE": 0.425531914893617,
        "INVALID": 0,
        "MALICIOUS": 0,
        "SANE": 0,
        "VALID": 0,
        "total": 100.28247039844153
    }
}