{
    "counter": {
        "ACTIVE": 1370,
        "INACTIVE": 2,
        "INVALID": 0,
        "MALICIOUS": 0,
        "SANE": 0,
        "VALID": 0,
        "total": 1372
    },
    "percentage": {
        "ACTIVE": 99.85422740524781,
        "INACTIVE": 0.24906600249066002,
        "INVALID": 0,
        "MALICIOUS": 0,
        "SANE": 0,
        "VALID": 0,
        "total": 100.10329340773848
    }
}