{
    "counter": {
        "ACTIVE": 1216,
        "INACTIVE": 3,
        "INVALID": 0,
        "MALICIOUS": 0,
        "SANE": 0,
        "VALID": 0,
        "total": 1219
    },
    "percentage": {
        "ACTIVE": 99.75389663658737,
        "INACTIVE": 0.297029702970297,
        "INVALID": 0,
        "MALICIOUS": 0,
        "SANE": 0,
        "VALID": 0,
        "total": 100.05092633955766
    }
}