{
    "counter": {
        "ACTIVE": 2071,
        "INACTIVE": 5,
        "INVALID": 0,
        "MALICIOUS": 0,
        "SANE": 0,
        "VALID": 0,
        "total": 2076
    },
    "percentage": {
        "ACTIVE": 99.75915221579962,
        "INACTIVE": 0.24319066147859922,
        "INVALID": 0,
        "MALICIOUS": 0,
        "SANE": 0,
        "VALID": 0,
        "total": 100.00234287727821
    }
}