{
    "counter": {
        "ACTIVE": 328,
        "INACTIVE": 2,
        "INVALID": 0,
        "MALICIOUS": 0,
        "SANE": 0,
        "VALID": 0,
        "total": 330
    },
    "percentage": {
        "ACTIVE": 99.39393939393939,
        "INACTIVE": 3.5714285714285716,
        "INVALID": 0,
        "MALICIOUS": 0,
        "SANE": 0,
        "VALID": 0,
        "total": 102.96536796536796
    }
}