{
    "counter": {
        "ACTIVE": 1980,
        "INACTIVE": 2,
        "INVALID": 0,
        "MALICIOUS": 0,
        "SANE": 0,
        "VALID": 0,
        "total": 1982
    },
    "percentage": {
        "ACTIVE": 99.89909182643794,
        "INACTIVE": 0.20366598778004075,
        "INVALID": 0,
        "MALICIOUS": 0,
        "SANE": 0,
        "VALID": 0,
        "total": 100.10275781421798
    }
}