{
    "counter": {
        "ACTIVE": 1556,
        "INACTIVE": 4,
        "INVALID": 0,
        "MALICIOUS": 0,
        "SANE": 0,
        "VALID": 0,
        "total": 1560
    },
    "percentage": {
        "ACTIVE": 99.74358974358974,
        "INACTIVE": 0.2772002772002772,
        "INVALID": 0,
        "MALICIOUS": 0,
        "SANE": 0,
        "VALID": 0,
        "total": 100.02079002079002
    }
}