{
    "counter": {
        "ACTIVE": 2011,
        "INACTIVE": 2,
        "INVALID": 0,
        "MALICIOUS": 0,
        "SANE": 0,
        "VALID": 0,
        "total": 2013
    },
    "percentage": {
        "ACTIVE": 99.90064580228514,
        "INACTIVE": 0.11668611435239207,
        "INVALID": 0,
        "MALICIOUS": 0,
        "SANE": 0,
        "VALID": 0,
        "total": 100.01733191663753
    }
}