{
    "counter": {
        "ACTIVE": 1855,
        "INACTIVE": 1,
        "INVALID": 0,
        "MALICIOUS": 0,
        "SANE": 0,
        "VALID": 0,
        "total": 1856
    },
    "percentage": {
        "ACTIVE": 99.94612068965517,
        "INACTIVE": 0.06510416666666667,
        "INVALID": 0,
        "MALICIOUS": 0,
        "SANE": 0,
        "VALID": 0,
        "total": 100.01122485632185
    }
}