{
    "counter": {
        "ACTIVE": 1733,
        "INACTIVE": 2,
        "INVALID": 0,
        "MALICIOUS": 0,
        "SANE": 0,
        "VALID": 0,
        "total": 1735
    },
    "percentage": {
        "ACTIVE": 99.88472622478386,
        "INACTIVE": 0.12610340479192939,
        "INVALID": 0,
        "MALICIOUS": 0,
        "SANE": 0,
        "VALID": 0,
        "total": 100.0108296295758
    }
}