{
    "counter": {
        "ACTIVE": 970,
        "INACTIVE": 1,
        "INVALID": 0,
        "MALICIOUS": 0,
        "SANE": 0,
        "VALID": 0,
        "total": 971
    },
    "percentage": {
        "ACTIVE": 99.89701338825952,
        "INACTIVE": 2.4390243902439024,
        "INVALID": 0,
        "MALICIOUS": 0,
        "SANE": 0,
        "VALID": 0,
        "total": 102.33603777850342
    }
}