{
    "counter": {
        "ACTIVE": 1218,
        "INACTIVE": 1,
        "INVALID": 0,
        "MALICIOUS": 0,
        "SANE": 0,
        "VALID": 0,
        "total": 1219
    },
    "percentage": {
        "ACTIVE": 99.91796554552913,
        "INACTIVE": 0.7575757575757576,
        "INVALID": 0,
        "MALICIOUS": 0,
        "SANE": 0,
        "VALID": 0,
        "total": 100.67554130310488
    }
}