{
    "counter": {
        "ACTIVE": 1534,
        "INACTIVE": 2,
        "INVALID": 0,
        "MALICIOUS": 0,
        "SANE": 0,
        "VALID": 0,
        "total": 1536
    },
    "percentage": {
        "ACTIVE": 99.86979166666667,
        "INACTIVE": 0.176056338028169,
        "INVALID": 0,
        "MALICIOUS": 0,
        "SANE": 0,
        "VALID": 0,
        "total": 100.04584800469485
    }
}