{
    "counter": {
        "ACTIVE": 1660,
        "INACTIVE": 3,
        "INVALID": 0,
        "MALICIOUS": 0,
        "SANE": 0,
        "VALID": 0,
        "total": 1663
    },
    "percentage": {
        "ACTIVE": 99.81960312687913,
        "INACTIVE": 0.1918158567774936,
        "INVALID": 0,
        "MALICIOUS": 0,
        "SANE": 0,
        "VALID": 0,
        "total": 100.01141898365663
    }
}