{
    "counter": {
        "ACTIVE": 2034,
        "INACTIVE": 2,
        "INVALID": 0,
        "MALICIOUS": 0,
        "SANE": 0,
        "VALID": 0,
        "total": 2036
    },
    "percentage": {
        "ACTIVE": 99.90176817288801,
        "INACTIVE": 0.20429009193054137,
        "INVALID": 0,
        "MALICIOUS": 0,
        "SANE": 0,
        "VALID": 0,
        "total": 100.10605826481856
    }
}