{
    "counter": {
        "ACTIVE": 2165,
        "INACTIVE": 4,
        "INVALID": 0,
        "MALICIOUS": 0,
        "SANE": 0,
        "VALID": 0,
        "total": 2169
    },
    "percentage": {
        "ACTIVE": 99.81558321807285,
        "INACTIVE": 0.42735042735042733,
        "INVALID": 0,
        "MALICIOUS": 0,
        "SANE": 0,
        "VALID": 0,
        "total": 100.24293364542328
    }
}