{
    "counter": {
        "ACTIVE": 2026,
        "INACTIVE": 1,
        "INVALID": 0,
        "MALICIOUS": 0,
        "SANE": 0,
        "VALID": 0,
        "total": 2027
    },
    "percentage": {
        "ACTIVE": 99.95066600888012,
        "INACTIVE": 0.6097560975609756,
        "INVALID": 0,
        "MALICIOUS": 0,
        "SANE": 0,
        "VALID": 0,
        "total": 100.5604221064411
    }
}