{
    "counter": {
        "ACTIVE": 684,
        "INACTIVE": 13,
        "INVALID": 0,
        "MALICIOUS": 0,
        "SANE": 0,
        "VALID": 0,
        "total": 697
    },
    "percentage": {
        "ACTIVE": 98.1348637015782,
        "INACTIVE": 1.97869101978691,
        "INVALID": 0,
        "MALICIOUS": 0,
        "SANE": 0,
        "VALID": 0,
        "total": 100.1135547213651
    }
}