{
    "counter": {
        "ACTIVE": 1564,
        "INACTIVE": 1,
        "INVALID": 0,
        "MALICIOUS": 0,
        "SANE": 0,
        "VALID": 0,
        "total": 1565
    },
    "percentage": {
        "ACTIVE": 99.93610223642173,
        "INACTIVE": 0.1394700139470014,
        "INVALID": 0,
        "MALICIOUS": 0,
        "SANE": 0,
        "VALID": 0,
        "total": 100.07557225036874
    }
}