{
    "counter": {
        "ACTIVE": 2339,
        "INACTIVE": 1,
        "INVALID": 0,
        "MALICIOUS": 0,
        "SANE": 0,
        "VALID": 0,
        "total": 2340
    },
    "percentage": {
        "ACTIVE": 99.95726495726495,
        "INACTIVE": 0.056625141562853906,
        "INVALID": 0,
        "MALICIOUS": 0,
        "SANE": 0,
        "VALID": 0,
        "total": 100.0138900988278
    }
}