{
    "counter": {
        "ACTIVE": 890,
        "INACTIVE": 1,
        "INVALID": 0,
        "MALICIOUS": 0,
        "SANE": 0,
        "VALID": 0,
        "total": 891
    },
    "percentage": {
        "ACTIVE": 99.88776655443323,
        "INACTIVE": 0.3597122302158273,
        "INVALID": 0,
        "MALICIOUS": 0,
        "SANE": 0,
        "VALID": 0,
        "total": 100.24747878464906
    }
}