{
    "counter": {
        "ACTIVE": 1940,
        "INACTIVE": 1,
        "INVALID": 0,
        "MALICIOUS": 0,
        "SANE": 0,
        "VALID": 0,
        "total": 1941
    },
    "percentage": {
        "ACTIVE": 99.94848016486347,
        "INACTIVE": 0.06265664160401002,
        "INVALID": 0,
        "MALICIOUS": 0,
        "SANE": 0,
        "VALID": 0,
        "total": 100.01113680646748
    }
}