{
    "counter": {
        "ACTIVE": 642,
        "INACTIVE": 2,
        "INVALID": 0,
        "MALICIOUS": 0,
        "SANE": 0,
        "VALID": 0,
        "total": 644
    },
    "percentage": {
        "ACTIVE": 99.68944099378882,
        "INACTIVE": 0.4149377593360996,
        "INVALID": 0,
        "MALICIOUS": 0,
        "SANE": 0,
        "VALID": 0,
        "total": 100.10437875312492
    }
}