{
    "counter": {
        "ACTIVE": 679,
        "INACTIVE": 1,
        "INVALID": 0,
        "MALICIOUS": 0,
        "SANE": 0,
        "VALID": 0,
        "total": 680
    },
    "percentage": {
        "ACTIVE": 99.8529411764706,
        "INACTIVE": 0.1631321370309951,
        "INVALID": 0,
        "MALICIOUS": 0,
        "SANE": 0,
        "VALID": 0,
        "total": 100.0160733135016
    }
}