{
    "counter": {
        "ACTIVE": 335,
        "INACTIVE": 2,
        "INVALID": 0,
        "MALICIOUS": 0,
        "SANE": 0,
        "VALID": 0,
        "total": 337
    },
    "percentage": {
        "ACTIVE": 99.40652818991099,
        "INACTIVE": 1.0362694300518134,
        "INVALID": 0,
        "MALICIOUS": 0,
        "SANE": 0,
        "VALID": 0,
        "total": 100.4427976199628
    }
}