{
    "counter": {
        "ACTIVE": 2185,
        "INACTIVE": 2,
        "INVALID": 0,
        "MALICIOUS": 0,
        "SANE": 0,
        "VALID": 0,
        "total": 2187
    },
    "percentage": {
        "ACTIVE": 99.90855052583447,
        "INACTIVE": 0.13192612137203166,
        "INVALID": 0,
        "MALICIOUS": 0,
        "SANE": 0,
        "VALID": 0,
        "total": 100.0404766472065
    }
}