{
    "counter": {
        "ACTIVE": 3867,
        "INACTIVE": 2,
        "INVALID": 0,
        "MALICIOUS": 0,
        "SANE": 0,
        "VALID": 0,
        "total": 3869
    },
    "percentage": {
        "ACTIVE": 99.94830705608685,
        "INACTIVE": 0.8368200836820083,
        "INVALID": 0,
        "MALICIOUS": 0,
        "SANE": 0,
        "VALID": 0,
        "total": 100.78512713976886
    }
}