{
    "counter": {
        "ACTIVE": 1831,
        "INACTIVE": 2,
        "INVALID": 0,
        "MALICIOUS": 0,
        "SANE": 0,
        "VALID": 0,
        "total": 1833
    },
    "percentage": {
        "ACTIVE": 99.89088925259138,
        "INACTIVE": 0.10934937124111536,
        "INVALID": 0,
        "MALICIOUS": 0,
        "SANE": 0,
        "VALID": 0,
        "total": 100.00023862383249
    }
}