{
    "counter": {
        "ACTIVE": 1528,
        "INACTIVE": 6,
        "INVALID": 0,
        "MALICIOUS": 0,
        "SANE": 0,
        "VALID": 0,
        "total": 1534
    },
    "percentage": {
        "ACTIVE": 99.60886571056062,
        "INACTIVE": 0.41208791208791207,
        "INVALID": 0,
        "MALICIOUS": 0,
        "SANE": 0,
        "VALID": 0,
        "total": 100.02095362264853
    }
}