{
    "counter": {
        "ACTIVE": 1323,
        "INACTIVE": 1,
        "INVALID": 0,
        "MALICIOUS": 0,
        "SANE": 0,
        "VALID": 0,
        "total": 1324
    },
    "percentage": {
        "ACTIVE": 99.92447129909365,
        "INACTIVE": 0.24271844660194175,
        "INVALID": 0,
        "MALICIOUS": 0,
        "SANE": 0,
        "VALID": 0,
        "total": 100.1671897456956
    }
}