{
    "counter": {
        "ACTIVE": 655,
        "INACTIVE": 1,
        "INVALID": 0,
        "MALICIOUS": 0,
        "SANE": 0,
        "VALID": 0,
        "total": 656
    },
    "percentage": {
        "ACTIVE": 99.84756097560975,
        "INACTIVE": 0.17513134851138354,
        "INVALID": 0,
        "MALICIOUS": 0,
        "SANE": 0,
        "VALID": 0,
        "total": 100.02269232412114
    }
}