{
    "counter": {
        "ACTIVE": 642,
        "INACTIVE": 1,
        "INVALID": 0,
        "MALICIOUS": 0,
        "SANE": 0,
        "VALID": 0,
        "total": 643
    },
    "percentage": {
        "ACTIVE": 99.84447900466563,
        "INACTIVE": 0.2717391304347826,
        "INVALID": 0,
        "MALICIOUS": 0,
        "SANE": 0,
        "VALID": 0,
        "total": 100.11621813510041
    }
}