{
    "counter": {
        "ACTIVE": 877,
        "INACTIVE": 1,
        "INVALID": 0,
        "MALICIOUS": 0,
        "SANE": 0,
        "VALID": 0,
        "total": 878
    },
    "percentage": {
        "ACTIVE": 99.8861047835991,
        "INACTIVE": 0.14814814814814814,
        "INVALID": 0,
        "MALICIOUS": 0,
        "SANE": 0,
        "VALID": 0,
        "total": 100.03425293174725
    }
}