{
    "counter": {
        "ACTIVE": 1529,
        "INACTIVE": 1,
        "INVALID": 0,
        "MALICIOUS": 0,
        "SANE": 0,
        "VALID": 0,
        "total": 1530
    },
    "percentage": {
        "ACTIVE": 99.93464052287581,
        "INACTIVE": 0.141643059490085,
        "INVALID": 0,
        "MALICIOUS": 0,
        "SANE": 0,
        "VALID": 0,
        "total": 100.07628358236589
    }
}