{
    "counter": {
        "ACTIVE": 1551,
        "INACTIVE": 2,
        "INVALID": 0,
        "MALICIOUS": 0,
        "SANE": 0,
        "VALID": 0,
        "total": 1553
    },
    "percentage": {
        "ACTIVE": 99.87121699935608,
        "INACTIVE": 0.17985611510791366,
        "INVALID": 0,
        "MALICIOUS": 0,
        "SANE": 0,
        "VALID": 0,
        "total": 100.05107311446399
    }
}