{
    "counter": {
        "ACTIVE": 825,
        "INACTIVE": 9,
        "INVALID": 0,
        "MALICIOUS": 0,
        "SANE": 0,
        "VALID": 0,
        "total": 834
    },
    "percentage": {
        "ACTIVE": 99.03961584633853,
        "INACTIVE": 1.079136690647482,
        "INVALID": 0,
        "MALICIOUS": 0,
        "SANE": 0,
        "VALID": 0,
        "total": 100.11875253698602
    }
}