{
    "counter": {
        "ACTIVE": 697,
        "INACTIVE": 2,
        "INVALID": 0,
        "MALICIOUS": 0,
        "SANE": 0,
        "VALID": 0,
        "total": 699
    },
    "percentage": {
        "ACTIVE": 99.71387696709586,
        "INACTIVE": 0.45454545454545453,
        "INVALID": 0,
        "MALICIOUS": 0,
        "SANE": 0,
        "VALID": 0,
        "total": 100.16842242164131
    }
}