{
    "counter": {
        "ACTIVE": 1852,
        "INACTIVE": 3,
        "INVALID": 0,
        "MALICIOUS": 0,
        "SANE": 0,
        "VALID": 0,
        "total": 1855
    },
    "percentage": {
        "ACTIVE": 99.83827493261455,
        "INACTIVE": 0.38461538461538464,
        "INVALID": 0,
        "MALICIOUS": 0,
        "SANE": 0,
        "VALID": 0,
        "total": 100.22289031722994
    }
}