{
    "counter": {
        "ACTIVE": 2006,
        "INACTIVE": 2,
        "INVALID": 0,
        "MALICIOUS": 0,
        "SANE": 0,
        "VALID": 0,
        "total": 2008
    },
    "percentage": {
        "ACTIVE": 99.9003984063745,
        "INACTIVE": 0.1189767995240928,
        "INVALID": 0,
        "MALICIOUS": 0,
        "SANE": 0,
        "VALID": 0,
        "total": 100.0193752058986
    }
}