{
    "counter": {
        "ACTIVE": 2330,
        "INACTIVE": 6,
        "INVALID": 0,
        "MALICIOUS": 0,
        "SANE": 0,
        "VALID": 0,
        "total": 2336
    },
    "percentage": {
        "ACTIVE": 99.7431506849315,
        "INACTIVE": 0.26905829596412556,
        "INVALID": 0,
        "MALICIOUS": 0,
        "SANE": 0,
        "VALID": 0,
        "total": 100.01220898089564
    }
}