{
    "counter": {
        "ACTIVE": 1411,
        "INACTIVE": 2,
        "INVALID": 0,
        "MALICIOUS": 0,
        "SANE": 0,
        "VALID": 0,
        "total": 1413
    },
    "percentage": {
        "ACTIVE": 99.85845718329794,
        "INACTIVE": 0.2849002849002849,
        "INVALID": 0,
        "MALICIOUS": 0,
        "SANE": 0,
        "VALID": 0,
        "total": 100.14335746819823
    }
}