{
    "counter": {
        "ACTIVE": 1667,
        "INACTIVE": 1,
        "INVALID": 0,
        "MALICIOUS": 0,
        "SANE": 0,
        "VALID": 0,
        "total": 1668
    },
    "percentage": {
        "ACTIVE": 99.9400479616307,
        "INACTIVE": 0.17452006980802792,
        "INVALID": 0,
        "MALICIOUS": 0,
        "SANE": 0,
        "VALID": 0,
        "total": 100.11456803143872
    }
}