{
    "counter": {
        "ACTIVE": 673,
        "INACTIVE": 1,
        "INVALID": 0,
        "MALICIOUS": 0,
        "SANE": 0,
        "VALID": 0,
        "total": 674
    },
    "percentage": {
        "ACTIVE": 99.85163204747775,
        "INACTIVE": 0.15360983102918588,
        "INVALID": 0,
        "MALICIOUS": 0,
        "SANE": 0,
        "VALID": 0,
        "total": 100.00524187850694
    }
}