{
    "counter": {
        "ACTIVE": 721,
        "INACTIVE": 1,
        "INVALID": 0,
        "MALICIOUS": 0,
        "SANE": 0,
        "VALID": 0,
        "total": 722
    },
    "percentage": {
        "ACTIVE": 99.86149584487535,
        "INACTIVE": 0.3597122302158273,
        "INVALID": 0,
        "MALICIOUS": 0,
        "SANE": 0,
        "VALID": 0,
        "total": 100.22120807509118
    }
}