{
    "counter": {
        "ACTIVE": 1484,
        "INACTIVE": 3,
        "INVALID": 0,
        "MALICIOUS": 0,
        "SANE": 0,
        "VALID": 0,
        "total": 1487
    },
    "percentage": {
        "ACTIVE": 99.79825151311366,
        "INACTIVE": 0.26109660574412535,
        "INVALID": 0,
        "MALICIOUS": 0,
        "SANE": 0,
        "VALID": 0,
        "total": 100.05934811885778
    }
}