{
    "counter": {
        "ACTIVE": 688,
        "INACTIVE": 2,
        "INVALID": 0,
        "MALICIOUS": 0,
        "SANE": 0,
        "VALID": 0,
        "total": 690
    },
    "percentage": {
        "ACTIVE": 99.71014492753623,
        "INACTIVE": 1.3157894736842106,
        "INVALID": 0,
        "MALICIOUS": 0,
        "SANE": 0,
        "VALID": 0,
        "total": 101.02593440122044
    }
}