{
    "counter": {
        "ACTIVE": 646,
        "INACTIVE": 1,
        "INVALID": 0,
        "MALICIOUS": 0,
        "SANE": 0,
        "VALID": 0,
        "total": 647
    },
    "percentage": {
        "ACTIVE": 99.84544049459042,
        "INACTIVE": 0.2570694087403599,
        "INVALID": 0,
        "MALICIOUS": 0,
        "SANE": 0,
        "VALID": 0,
        "total": 100.10250990333078
    }
}