{
    "counter": {
        "ACTIVE": 2019,
        "INACTIVE": 7,
        "INVALID": 0,
        "MALICIOUS": 0,
        "SANE": 0,
        "VALID": 0,
        "total": 2026
    },
    "percentage": {
        "ACTIVE": 99.65449160908193,
        "INACTIVE": 0.3787878787878788,
        "INVALID": 0,
        "MALICIOUS": 0,
        "SANE": 0,
        "VALID": 0,
        "total": 100.0332794878698
    }
}