{
    "counter": {
        "ACTIVE": 1932,
        "INACTIVE": 5,
        "INVALID": 0,
        "MALICIOUS": 0,
        "SANE": 0,
        "VALID": 0,
        "total": 1937
    },
    "percentage": {
        "ACTIVE": 99.74186886938564,
        "INACTIVE": 0.2946375957572186,
        "INVALID": 0,
        "MALICIOUS": 0,
        "SANE": 0,
        "VALID": 0,
        "total": 100.03650646514286
    }
}