{
    "counter": {
        "ACTIVE": 640,
        "INACTIVE": 1,
        "INVALID": 0,
        "MALICIOUS": 0,
        "SANE": 0,
        "VALID": 0,
        "total": 641
    },
    "percentage": {
        "ACTIVE": 99.84399375975039,
        "INACTIVE": 0.24449877750611246,
        "INVALID": 0,
        "MALICIOUS": 0,
        "SANE": 0,
        "VALID": 0,
        "total": 100.0884925372565
    }
}