{
    "counter": {
        "ACTIVE": 1731,
        "INACTIVE": 3,
        "INVALID": 0,
        "MALICIOUS": 0,
        "SANE": 0,
        "VALID": 0,
        "total": 1734
    },
    "percentage": {
        "ACTIVE": 99.82698961937716,
        "INACTIVE": 0.17482517482517482,
        "INVALID": 0,
        "MALICIOUS": 0,
        "SANE": 0,
        "VALID": 0,
        "total": 100.00181479420233
    }
}