{
    "counter": {
        "ACTIVE": 1012,
        "INACTIVE": 2,
        "INVALID": 0,
        "MALICIOUS": 0,
        "SANE": 0,
        "VALID": 0,
        "total": 1014
    },
    "percentage": {
        "ACTIVE": 99.80276134122288,
        "INACTIVE": 0.5449591280653951,
        "INVALID": 0,
        "MALICIOUS": 0,
        "SANE": 0,
        "VALID": 0,
        "total": 100.34772046928828
    }
}