{
    "counter": {
        "ACTIVE": 2759,
        "INACTIVE": 1,
        "INVALID": 0,
        "MALICIOUS": 0,
        "SANE": 0,
        "VALID": 0,
        "total": 2760
    },
    "percentage": {
        "ACTIVE": 99.96376811594203,
        "INACTIVE": 0.10040160642570281,
        "INVALID": 0,
        "MALICIOUS": 0,
        "SANE": 0,
        "VALID": 0,
        "total": 100.06416972236774
    }
}