{
    "counter": {
        "ACTIVE": 3178,
        "INACTIVE": 7,
        "INVALID": 0,
        "MALICIOUS": 0,
        "SANE": 0,
        "VALID": 0,
        "total": 3185
    },
    "percentage": {
        "ACTIVE": 99.78021978021978,
        "INACTIVE": 0.25152712899748475,
        "INVALID": 0,
        "MALICIOUS": 0,
        "SANE": 0,
        "VALID": 0,
        "total": 100.03174690921726
    }
}