{
    "counter": {
        "ACTIVE": 2318,
        "INACTIVE": 4,
        "INVALID": 0,
        "MALICIOUS": 0,
        "SANE": 0,
        "VALID": 0,
        "total": 2322
    },
    "percentage": {
        "ACTIVE": 99.82773471145565,
        "INACTIVE": 0.26143790849673204,
        "INVALID": 0,
        "MALICIOUS": 0,
        "SANE": 0,
        "VALID": 0,
        "total": 100.08917261995238
    }
}