{
    "counter": {
        "ACTIVE": 1186,
        "INACTIVE": 4,
        "INVALID": 0,
        "MALICIOUS": 0,
        "SANE": 0,
        "VALID": 0,
        "total": 1190
    },
    "percentage": {
        "ACTIVE": 99.66386554621849,
        "INACTIVE": 0.373134328358209,
        "INVALID": 0,
        "MALICIOUS": 0,
        "SANE": 0,
        "VALID": 0,
        "total": 100.0369998745767
    }
}