{
    "counter": {
        "ACTIVE": 1408,
        "INACTIVE": 3,
        "INVALID": 0,
        "MALICIOUS": 0,
        "SANE": 0,
        "VALID": 0,
        "total": 1411
    },
    "percentage": {
        "ACTIVE": 99.78738483345145,
        "INACTIVE": 0.21645021645021645,
        "INVALID": 0,
        "MALICIOUS": 0,
        "SANE": 0,
        "VALID": 0,
        "total": 100.00383504990167
    }
}