{
    "counter": {
        "ACTIVE": 558,
        "INACTIVE": 1,
        "INVALID": 0,
        "MALICIOUS": 0,
        "SANE": 0,
        "VALID": 0,
        "total": 559
    },
    "percentage": {
        "ACTIVE": 99.82110912343471,
        "INACTIVE": 0.2386634844868735,
        "INVALID": 0,
        "MALICIOUS": 0,
        "SANE": 0,
        "VALID": 0,
        "total": 100.05977260792159
    }
}