{
    "counter": {
        "ACTIVE": 201,
        "INACTIVE": 1,
        "INVALID": 0,
        "MALICIOUS": 0,
        "SANE": 0,
        "VALID": 0,
        "total": 202
    },
    "percentage": {
        "ACTIVE": 99.5049504950495,
        "INACTIVE": 2.2222222222222223,
        "INVALID": 0,
        "MALICIOUS": 0,
        "SANE": 0,
        "VALID": 0,
        "total": 101.72717271727173
    }
}