{
    "counter": {
        "ACTIVE": 1316,
        "INACTIVE": 1,
        "INVALID": 0,
        "MALICIOUS": 0,
        "SANE": 0,
        "VALID": 0,
        "total": 1317
    },
    "percentage": {
        "ACTIVE": 99.92406985573272,
        "INACTIVE": 0.2570694087403599,
        "INVALID": 0,
        "MALICIOUS": 0,
        "SANE": 0,
        "VALID": 0,
        "total": 100.18113926447309
    }
}