{
    "counter": {
        "ACTIVE": 3178,
        "INACTIVE": 4,
        "INVALID": 0,
        "MALICIOUS": 0,
        "SANE": 0,
        "VALID": 0,
        "total": 3182
    },
    "percentage": {
        "ACTIVE": 99.87429289754871,
        "INACTIVE": 0.13689253935660506,
        "INVALID": 0,
        "MALICIOUS": 0,
        "SANE": 0,
        "VALID": 0,
        "total": 100.01118543690532
    }
}