{
    "counter": {
        "ACTIVE": 2334,
        "INACTIVE": 1,
        "INVALID": 0,
        "MALICIOUS": 0,
        "SANE": 0,
        "VALID": 0,
        "total": 2335
    },
    "percentage": {
        "ACTIVE": 99.95717344753747,
        "INACTIVE": 0.09505703422053231,
        "INVALID": 0,
        "MALICIOUS": 0,
        "SANE": 0,
        "VALID": 0,
        "total": 100.052230481758
    }
}