{
    "counter": {
        "ACTIVE": 3870,
        "INACTIVE": 2,
        "INVALID": 0,
        "MALICIOUS": 0,
        "SANE": 0,
        "VALID": 0,
        "total": 3872
    },
    "percentage": {
        "ACTIVE": 99.94834710743801,
        "INACTIVE": 0.8547008547008547,
        "INVALID": 0,
        "MALICIOUS": 0,
        "SANE": 0,
        "VALID": 0,
        "total": 100.80304796213886
    }
}