{
    "counter": {
        "ACTIVE": 1033,
        "INACTIVE": 3,
        "INVALID": 0,
        "MALICIOUS": 0,
        "SANE": 0,
        "VALID": 0,
        "total": 1036
    },
    "percentage": {
        "ACTIVE": 99.7104247104247,
        "INACTIVE": 0.32786885245901637,
        "INVALID": 0,
        "MALICIOUS": 0,
        "SANE": 0,
        "VALID": 0,
        "total": 100.03829356288372
    }
}