{
    "counter": {
        "ACTIVE": 1318,
        "INACTIVE": 3,
        "INVALID": 0,
        "MALICIOUS": 0,
        "SANE": 0,
        "VALID": 0,
        "total": 1321
    },
    "percentage": {
        "ACTIVE": 99.77289931869795,
        "INACTIVE": 0.2788104089219331,
        "INVALID": 0,
        "MALICIOUS": 0,
        "SANE": 0,
        "VALID": 0,
        "total": 100.05170972761988
    }
}