{
    "counter": {
        "ACTIVE": 2236,
        "INACTIVE": 2,
        "INVALID": 0,
        "MALICIOUS": 0,
        "SANE": 0,
        "VALID": 0,
        "total": 2238
    },
    "percentage": {
        "ACTIVE": 99.91063449508489,
        "INACTIVE": 1.1173184357541899,
        "INVALID": 0,
        "MALICIOUS": 0,
        "SANE": 0,
        "VALID": 0,
        "total": 101.02795293083908
    }
}