{
    "counter": {
        "ACTIVE": 898,
        "INACTIVE": 1,
        "INVALID": 0,
        "MALICIOUS": 0,
        "SANE": 0,
        "VALID": 0,
        "total": 899
    },
    "percentage": {
        "ACTIVE": 99.88876529477197,
        "INACTIVE": 0.24691358024691357,
        "INVALID": 0,
        "MALICIOUS": 0,
        "SANE": 0,
        "VALID": 0,
        "total": 100.13567887501888
    }
}