{
    "counter": {
        "ACTIVE": 897,
        "INACTIVE": 1,
        "INVALID": 0,
        "MALICIOUS": 0,
        "SANE": 0,
        "VALID": 0,
        "total": 898
    },
    "percentage": {
        "ACTIVE": 99.88864142538975,
        "INACTIVE": 0.12091898428053205,
        "INVALID": 0,
        "MALICIOUS": 0,
        "SANE": 0,
        "VALID": 0,
        "total": 100.00956040967029
    }
}