{
    "counter": {
        "ACTIVE": 985,
        "INACTIVE": 1,
        "INVALID": 0,
        "MALICIOUS": 0,
        "SANE": 0,
        "VALID": 0,
        "total": 986
    },
    "percentage": {
        "ACTIVE": 99.89858012170386,
        "INACTIVE": 0.12531328320802004,
        "INVALID": 0,
        "MALICIOUS": 0,
        "SANE": 0,
        "VALID": 0,
        "total": 100.02389340491187
    }
}