{
    "counter": {
        "ACTIVE": 685,
        "INACTIVE": 2,
        "INVALID": 0,
        "MALICIOUS": 0,
        "SANE": 0,
        "VALID": 0,
        "total": 687
    },
    "percentage": {
        "ACTIVE": 99.70887918486171,
        "INACTIVE": 0.4444444444444444,
        "INVALID": 0,
        "MALICIOUS": 0,
        "SANE": 0,
        "VALID": 0,
        "total": 100.15332362930616
    }
}