{
    "counter": {
        "ACTIVE": 1983,
        "INACTIVE": 2,
        "INVALID": 0,
        "MALICIOUS": 0,
        "SANE": 0,
        "VALID": 0,
        "total": 1985
    },
    "percentage": {
        "ACTIVE": 99.89924433249371,
        "INACTIVE": 0.24813895781637718,
        "INVALID": 0,
        "MALICIOUS": 0,
        "SANE": 0,
        "VALID": 0,
        "total": 100.14738329031009
    }
}