{
    "counter": {
        "ACTIVE": 1968,
        "INACTIVE": 1,
        "INVALID": 0,
        "MALICIOUS": 0,
        "SANE": 0,
        "VALID": 0,
        "total": 1969
    },
    "percentage": {
        "ACTIVE": 99.94921279837482,
        "INACTIVE": 0.24875621890547264,
        "INVALID": 0,
        "MALICIOUS": 0,
        "SANE": 0,
        "VALID": 0,
        "total": 100.19796901728029
    }
}