{
    "counter": {
        "ACTIVE": 1249,
        "INACTIVE": 2,
        "INVALID": 0,
        "MALICIOUS": 0,
        "SANE": 0,
        "VALID": 0,
        "total": 1251
    },
    "percentage": {
        "ACTIVE": 99.84012789768185,
        "INACTIVE": 0.44052863436123346,
        "INVALID": 0,
        "MALICIOUS": 0,
        "SANE": 0,
        "VALID": 0,
        "total": 100.28065653204308
    }
}