{
    "counter": {
        "ACTIVE": 432,
        "INACTIVE": 1,
        "INVALID": 0,
        "MALICIOUS": 0,
        "SANE": 0,
        "VALID": 0,
        "total": 433
    },
    "percentage": {
        "ACTIVE": 99.7690531177829,
        "INACTIVE": 2.6315789473684212,
        "INVALID": 0,
        "MALICIOUS": 0,
        "SANE": 0,
        "VALID": 0,
        "total": 102.40063206515133
    }
}