{
    "counter": {
        "ACTIVE": 1904,
        "INACTIVE": 1,
        "INVALID": 0,
        "MALICIOUS": 0,
        "SANE": 0,
        "VALID": 0,
        "total": 1905
    },
    "percentage": {
        "ACTIVE": 99.94750656167979,
        "INACTIVE": 0.2631578947368421,
        "INVALID": 0,
        "MALICIOUS": 0,
        "SANE": 0,
        "VALID": 0,
        "total": 100.21066445641662
    }
}