{
    "counter": {
        "ACTIVE": 2311,
        "INACTIVE": 2,
        "INVALID": 0,
        "MALICIOUS": 0,
        "SANE": 0,
        "VALID": 0,
        "total": 2313
    },
    "percentage": {
        "ACTIVE": 99.91353220925205,
        "INACTIVE": 0.12853470437017994,
        "INVALID": 0,
        "MALICIOUS": 0,
        "SANE": 0,
        "VALID": 0,
        "total": 100.04206691362224
    }
}