{
    "counter": {
        "ACTIVE": 2224,
        "INACTIVE": 1,
        "INVALID": 0,
        "MALICIOUS": 0,
        "SANE": 0,
        "VALID": 0,
        "total": 2225
    },
    "percentage": {
        "ACTIVE": 99.95505617977528,
        "INACTIVE": 0.4366812227074236,
        "INVALID": 0,
        "MALICIOUS": 0,
        "SANE": 0,
        "VALID": 0,
        "total": 100.3917374024827
    }
}