{
    "counter": {
        "ACTIVE": 990,
        "INACTIVE": 1,
        "INVALID": 0,
        "MALICIOUS": 0,
        "SANE": 0,
        "VALID": 0,
        "total": 991
    },
    "percentage": {
        "ACTIVE": 99.89909182643794,
        "INACTIVE": 2.6315789473684212,
        "INVALID": 0,
        "MALICIOUS": 0,
        "SANE": 0,
        "VALID": 0,
        "total": 102.53067077380636
    }
}