{
    "counter": {
        "ACTIVE": 2061,
        "INACTIVE": 1,
        "INVALID": 0,
        "MALICIOUS": 0,
        "SANE": 0,
        "VALID": 0,
        "total": 2062
    },
    "percentage": {
        "ACTIVE": 99.95150339476237,
        "INACTIVE": 0.060350030175015085,
        "INVALID": 0,
        "MALICIOUS": 0,
        "SANE": 0,
        "VALID": 0,
        "total": 100.01185342493739
    }
}