{
    "counter": {
        "ACTIVE": 371,
        "INACTIVE": 1,
        "INVALID": 0,
        "MALICIOUS": 0,
        "SANE": 0,
        "VALID": 0,
        "total": 372
    },
    "percentage": {
        "ACTIVE": 99.73118279569893,
        "INACTIVE": 0.7874015748031497,
        "INVALID": 0,
        "MALICIOUS": 0,
        "SANE": 0,
        "VALID": 0,
        "total": 100.51858437050208
    }
}