{
    "counter": {
        "ACTIVE": 1912,
        "INACTIVE": 3,
        "INVALID": 0,
        "MALICIOUS": 0,
        "SANE": 0,
        "VALID": 0,
        "total": 1915
    },
    "percentage": {
        "ACTIVE": 99.84334203655352,
        "INACTIVE": 0.2944062806673209,
        "INVALID": 0,
        "MALICIOUS": 0,
        "SANE": 0,
        "VALID": 0,
        "total": 100.13774831722084
    }
}