{
    "counter": {
        "ACTIVE": 2142,
        "INACTIVE": 2,
        "INVALID": 0,
        "MALICIOUS": 0,
        "SANE": 0,
        "VALID": 0,
        "total": 2144
    },
    "percentage": {
        "ACTIVE": 99.90671641791045,
        "INACTIVE": 0.13577732518669383,
        "INVALID": 0,
        "MALICIOUS": 0,
        "SANE": 0,
        "VALID": 0,
        "total": 100.04249374309714
    }
}