{
    "counter": {
        "ACTIVE": 2826,
        "INACTIVE": 1,
        "INVALID": 0,
        "MALICIOUS": 0,
        "SANE": 0,
        "VALID": 0,
        "total": 2827
    },
    "percentage": {
        "ACTIVE": 99.96462681287584,
        "INACTIVE": 0.31746031746031744,
        "INVALID": 0,
        "MALICIOUS": 0,
        "SANE": 0,
        "VALID": 0,
        "total": 100.28208713033615
    }
}