{
    "counter": {
        "ACTIVE": 206,
        "INACTIVE": 1,
        "INVALID": 0,
        "MALICIOUS": 0,
        "SANE": 0,
        "VALID": 0,
        "total": 207
    },
    "percentage": {
        "ACTIVE": 99.51690821256038,
        "INACTIVE": 0.49019607843137253,
        "INVALID": 0,
        "MALICIOUS": 0,
        "SANE": 0,
        "VALID": 0,
        "total": 100.00710429099175
    }
}