{
    "counter": {
        "ACTIVE": 2177,
        "INACTIVE": 1,
        "INVALID": 0,
        "MALICIOUS": 0,
        "SANE": 0,
        "VALID": 0,
        "total": 2178
    },
    "percentage": {
        "ACTIVE": 99.95408631772268,
        "INACTIVE": 0.6493506493506493,
        "INVALID": 0,
        "MALICIOUS": 0,
        "SANE": 0,
        "VALID": 0,
        "total": 100.60343696707334
    }
}