{
    "counter": {
        "ACTIVE": 521,
        "INACTIVE": 1,
        "INVALID": 0,
        "MALICIOUS": 0,
        "SANE": 0,
        "VALID": 0,
        "total": 522
    },
    "percentage": {
        "ACTIVE": 99.80842911877394,
        "INACTIVE": 3.7037037037037037,
        "INVALID": 0,
        "MALICIOUS": 0,
        "SANE": 0,
        "VALID": 0,
        "total": 103.51213282247765
    }
}