{
    "counter": {
        "ACTIVE": 2131,
        "INACTIVE": 1,
        "INVALID": 0,
        "MALICIOUS": 0,
        "SANE": 0,
        "VALID": 0,
        "total": 2132
    },
    "percentage": {
        "ACTIVE": 99.953095684803,
        "INACTIVE": 0.704225352112676,
        "INVALID": 0,
        "MALICIOUS": 0,
        "SANE": 0,
        "VALID": 0,
        "total": 100.65732103691568
    }
}