{
    "counter": {
        "ACTIVE": 885,
        "INACTIVE": 6,
        "INVALID": 0,
        "MALICIOUS": 0,
        "SANE": 0,
        "VALID": 0,
        "total": 891
    },
    "percentage": {
        "ACTIVE": 99.32659932659932,
        "INACTIVE": 0.7228915662650602,
        "INVALID": 0,
        "MALICIOUS": 0,
        "SANE": 0,
        "VALID": 0,
        "total": 100.04949089286438
    }
}