{
    "counter": {
        "ACTIVE": 2216,
        "INACTIVE": 2,
        "INVALID": 0,
        "MALICIOUS": 0,
        "SANE": 0,
        "VALID": 0,
        "total": 2218
    },
    "percentage": {
        "ACTIVE": 99.90982867448152,
        "INACTIVE": 0.10695187165775401,
        "INVALID": 0,
        "MALICIOUS": 0,
        "SANE": 0,
        "VALID": 0,
        "total": 100.01678054613927
    }
}