{
    "counter": {
        "ACTIVE": 1065,
        "INACTIVE": 1,
        "INVALID": 0,
        "MALICIOUS": 0,
        "SANE": 0,
        "VALID": 0,
        "total": 1066
    },
    "percentage": {
        "ACTIVE": 99.906191369606,
        "INACTIVE": 4.3478260869565215,
        "INVALID": 0,
        "MALICIOUS": 0,
        "SANE": 0,
        "VALID": 0,
        "total": 104.25401745656252
    }
}