{
    "counter": {
        "ACTIVE": 1925,
        "INACTIVE": 2,
        "INVALID": 0,
        "MALICIOUS": 0,
        "SANE": 0,
        "VALID": 0,
        "total": 1927
    },
    "percentage": {
        "ACTIVE": 99.89621172807473,
        "INACTIVE": 0.11500862564692352,
        "INVALID": 0,
        "MALICIOUS": 0,
        "SANE": 0,
        "VALID": 0,
        "total": 100.01122035372165
    }
}