{
    "counter": {
        "ACTIVE": 2235,
        "INACTIVE": 2,
        "INVALID": 0,
        "MALICIOUS": 0,
        "SANE": 0,
        "VALID": 0,
        "total": 2237
    },
    "percentage": {
        "ACTIVE": 99.91059454626732,
        "INACTIVE": 0.12468827930174564,
        "INVALID": 0,
        "MALICIOUS": 0,
        "SANE": 0,
        "VALID": 0,
        "total": 100.03528282556907
    }
}