{
    "counter": {
        "ACTIVE": 1316,
        "INACTIVE": 1,
        "INVALID": 0,
        "MALICIOUS": 0,
        "SANE": 0,
        "VALID": 0,
        "total": 1317
    },
    "percentage": {
        "ACTIVE": 99.92406985573272,
        "INACTIVE": 0.6622516556291391,
        "INVALID": 0,
        "MALICIOUS": 0,
        "SANE": 0,
        "VALID": 0,
        "total": 100.58632151136186
    }
}