{
    "counter": {
        "ACTIVE": 1594,
        "INACTIVE": 1,
        "INVALID": 0,
        "MALICIOUS": 0,
        "SANE": 0,
        "VALID": 0,
        "total": 1595
    },
    "percentage": {
        "ACTIVE": 99.9373040752351,
        "INACTIVE": 2.857142857142857,
        "INVALID": 0,
        "MALICIOUS": 0,
        "SANE": 0,
        "VALID": 0,
        "total": 102.79444693237797
    }
}