{
    "counter": {
        "ACTIVE": 1049,
        "INACTIVE": 3,
        "INVALID": 0,
        "MALICIOUS": 0,
        "SANE": 0,
        "VALID": 0,
        "total": 1052
    },
    "percentage": {
        "ACTIVE": 99.7148288973384,
        "INACTIVE": 0.30832476875642345,
        "INVALID": 0,
        "MALICIOUS": 0,
        "SANE": 0,
        "VALID": 0,
        "total": 100.02315366609483
    }
}