{
    "counter": {
        "ACTIVE": 1472,
        "INACTIVE": 1,
        "INVALID": 0,
        "MALICIOUS": 0,
        "SANE": 0,
        "VALID": 0,
        "total": 1473
    },
    "percentage": {
        "ACTIVE": 99.93211133740665,
        "INACTIVE": 0.8547008547008547,
        "INVALID": 0,
        "MALICIOUS": 0,
        "SANE": 0,
        "VALID": 0,
        "total": 100.7868121921075
    }
}