{
    "counter": {
        "ACTIVE": 1902,
        "INACTIVE": 2,
        "INVALID": 0,
        "MALICIOUS": 0,
        "SANE": 0,
        "VALID": 0,
        "total": 1904
    },
    "percentage": {
        "ACTIVE": 99.89495798319328,
        "INACTIVE": 0.1532567049808429,
        "INVALID": 0,
        "MALICIOUS": 0,
        "SANE": 0,
        "VALID": 0,
        "total": 100.04821468817413
    }
}