{
    "counter": {
        "ACTIVE": 883,
        "INACTIVE": 1,
        "INVALID": 0,
        "MALICIOUS": 0,
        "SANE": 0,
        "VALID": 0,
        "total": 884
    },
    "percentage": {
        "ACTIVE": 99.8868778280543,
        "INACTIVE": 0.6289308176100629,
        "INVALID": 0,
        "MALICIOUS": 0,
        "SANE": 0,
        "VALID": 0,
        "total": 100.51580864566436
    }
}