{
    "counter": {
        "ACTIVE": 1380,
        "INACTIVE": 2,
        "INVALID": 0,
        "MALICIOUS": 0,
        "SANE": 0,
        "VALID": 0,
        "total": 1382
    },
    "percentage": {
        "ACTIVE": 99.85528219971056,
        "INACTIVE": 0.15220700152207,
        "INVALID": 0,
        "MALICIOUS": 0,
        "SANE": 0,
        "VALID": 0,
        "total": 100.00748920123263
    }
}