{
    "counter": {
        "ACTIVE": 1632,
        "INACTIVE": 2,
        "INVALID": 0,
        "MALICIOUS": 0,
        "SANE": 0,
        "VALID": 0,
        "total": 1634
    },
    "percentage": {
        "ACTIVE": 99.87760097919217,
        "INACTIVE": 0.2081165452653486,
        "INVALID": 0,
        "MALICIOUS": 0,
        "SANE": 0,
        "VALID": 0,
        "total": 100.08571752445752
    }
}