{
    "counter": {
        "ACTIVE": 1142,
        "INACTIVE": 2,
        "INVALID": 0,
        "MALICIOUS": 0,
        "SANE": 0,
        "VALID": 0,
        "total": 1144
    },
    "percentage": {
        "ACTIVE": 99.82517482517483,
        "INACTIVE": 0.7299270072992701,
        "INVALID": 0,
        "MALICIOUS": 0,
        "SANE": 0,
        "VALID": 0,
        "total": 100.5551018324741
    }
}