{
    "counter": {
        "ACTIVE": 996,
        "INACTIVE": 3,
        "INVALID": 0,
        "MALICIOUS": 0,
        "SANE": 0,
        "VALID": 0,
        "total": 999
    },
    "percentage": {
        "ACTIVE": 99.69969969969969,
        "INACTIVE": 0.9868421052631579,
        "INVALID": 0,
        "MALICIOUS": 0,
        "SANE": 0,
        "VALID": 0,
        "total": 100.68654180496286
    }
}