{
    "counter": {
        "ACTIVE": 500,
        "INACTIVE": 1,
        "INVALID": 0,
        "MALICIOUS": 0,
        "SANE": 0,
        "VALID": 0,
        "total": 501
    },
    "percentage": {
        "ACTIVE": 99.8003992015968,
        "INACTIVE": 0.6097560975609756,
        "INVALID": 0,
        "MALICIOUS": 0,
        "SANE": 0,
        "VALID": 0,
        "total": 100.41015529915778
    }
}