{
    "counter": {
        "ACTIVE": 1165,
        "INACTIVE": 2,
        "INVALID": 0,
        "MALICIOUS": 0,
        "SANE": 0,
        "VALID": 0,
        "total": 1167
    },
    "percentage": {
        "ACTIVE": 99.8286203941731,
        "INACTIVE": 0.22002200220022003,
        "INVALID": 0,
        "MALICIOUS": 0,
        "SANE": 0,
        "VALID": 0,
        "total": 100.04864239637332
    }
}