{
    "counter": {
        "ACTIVE": 988,
        "INACTIVE": 1,
        "INVALID": 0,
        "MALICIOUS": 0,
        "SANE": 0,
        "VALID": 0,
        "total": 989
    },
    "percentage": {
        "ACTIVE": 99.89888776541962,
        "INACTIVE": 0.12033694344163658,
        "INVALID": 0,
        "MALICIOUS": 0,
        "SANE": 0,
        "VALID": 0,
        "total": 100.01922470886126
    }
}