{
    "counter": {
        "ACTIVE": 2050,
        "INACTIVE": 3,
        "INVALID": 0,
        "MALICIOUS": 0,
        "SANE": 0,
        "VALID": 0,
        "total": 2053
    },
    "percentage": {
        "ACTIVE": 99.90253411306043,
        "INACTIVE": 0.14612761811982464,
        "INVALID": 0,
        "MALICIOUS": 0,
        "SANE": 0,
        "VALID": 0,
        "total": 100.04866173118025
    }
}