{
    "counter": {
        "ACTIVE": 1556,
        "INACTIVE": 2,
        "INVALID": 0,
        "MALICIOUS": 0,
        "SANE": 0,
        "VALID": 0,
        "total": 1558
    },
    "percentage": {
        "ACTIVE": 99.87163029525033,
        "INACTIVE": 0.2361275088547816,
        "INVALID": 0,
        "MALICIOUS": 0,
        "SANE": 0,
        "VALID": 0,
        "total": 100.1077578041051
    }
}