{
    "counter": {
        "ACTIVE": 855,
        "INACTIVE": 2,
        "INVALID": 0,
        "MALICIOUS": 0,
        "SANE": 0,
        "VALID": 0,
        "total": 857
    },
    "percentage": {
        "ACTIVE": 99.76662777129522,
        "INACTIVE": 0.26143790849673204,
        "INVALID": 0,
        "MALICIOUS": 0,
        "SANE": 0,
        "VALID": 0,
        "total": 100.02806567979195
    }
}