{
    "counter": {
        "ACTIVE": 1815,
        "INACTIVE": 2,
        "INVALID": 0,
        "MALICIOUS": 0,
        "SANE": 0,
        "VALID": 0,
        "total": 1817
    },
    "percentage": {
        "ACTIVE": 99.88992845349478,
        "INACTIVE": 0.11461318051575932,
        "INVALID": 0,
        "MALICIOUS": 0,
        "SANE": 0,
        "VALID": 0,
        "total": 100.00454163401054
    }
}