{
    "counter": {
        "ACTIVE": 1208,
        "INACTIVE": 3,
        "INVALID": 0,
        "MALICIOUS": 0,
        "SANE": 0,
        "VALID": 0,
        "total": 1211
    },
    "percentage": {
        "ACTIVE": 99.75227085053675,
        "INACTIVE": 0.2544529262086514,
        "INVALID": 0,
        "MALICIOUS": 0,
        "SANE": 0,
        "VALID": 0,
        "total": 100.0067237767454
    }
}