{
    "counter": {
        "ACTIVE": 992,
        "INACTIVE": 1,
        "INVALID": 0,
        "MALICIOUS": 0,
        "SANE": 0,
        "VALID": 0,
        "total": 993
    },
    "percentage": {
        "ACTIVE": 99.8992950654582,
        "INACTIVE": 0.14641288433382138,
        "INVALID": 0,
        "MALICIOUS": 0,
        "SANE": 0,
        "VALID": 0,
        "total": 100.04570794979203
    }
}