{
    "counter": {
        "ACTIVE": 1930,
        "INACTIVE": 1,
        "INVALID": 0,
        "MALICIOUS": 0,
        "SANE": 0,
        "VALID": 0,
        "total": 1931
    },
    "percentage": {
        "ACTIVE": 99.94821336095288,
        "INACTIVE": 0.7692307692307693,
        "INVALID": 0,
        "MALICIOUS": 0,
        "SANE": 0,
        "VALID": 0,
        "total": 100.71744413018365
    }
}