{
    "counter": {
        "ACTIVE": 990,
        "INACTIVE": 1,
        "INVALID": 0,
        "MALICIOUS": 0,
        "SANE": 0,
        "VALID": 0,
        "total": 991
    },
    "percentage": {
        "ACTIVE": 99.89909182643794,
        "INACTIVE": 0.2066115702479339,
        "INVALID": 0,
        "MALICIOUS": 0,
        "SANE": 0,
        "VALID": 0,
        "total": 100.10570339668587
    }
}