{
    "counter": {
        "ACTIVE": 2237,
        "INACTIVE": 4,
        "INVALID": 0,
        "MALICIOUS": 0,
        "SANE": 0,
        "VALID": 0,
        "total": 2241
    },
    "percentage": {
        "ACTIVE": 99.82150825524319,
        "INACTIVE": 0.2501563477173233,
        "INVALID": 0,
        "MALICIOUS": 0,
        "SANE": 0,
        "VALID": 0,
        "total": 100.07166460296051
    }
}