{
    "counter": {
        "ACTIVE": 323,
        "INACTIVE": 1,
        "INVALID": 0,
        "MALICIOUS": 0,
        "SANE": 0,
        "VALID": 0,
        "total": 324
    },
    "percentage": {
        "ACTIVE": 99.69135802469135,
        "INACTIVE": 0.5586592178770949,
        "INVALID": 0,
        "MALICIOUS": 0,
        "SANE": 0,
        "VALID": 0,
        "total": 100.25001724256845
    }
}