{
    "counter": {
        "ACTIVE": 2140,
        "INACTIVE": 3,
        "INVALID": 0,
        "MALICIOUS": 0,
        "SANE": 0,
        "VALID": 0,
        "total": 2143
    },
    "percentage": {
        "ACTIVE": 99.86000933271116,
        "INACTIVE": 0.1431980906921241,
        "INVALID": 0,
        "MALICIOUS": 0,
        "SANE": 0,
        "VALID": 0,
        "total": 100.00320742340328
    }
}