{
    "counter": {
        "ACTIVE": 1741,
        "INACTIVE": 2,
        "INVALID": 0,
        "MALICIOUS": 0,
        "SANE": 0,
        "VALID": 0,
        "total": 1743
    },
    "percentage": {
        "ACTIVE": 99.88525530694206,
        "INACTIVE": 0.13183915622940012,
        "INVALID": 0,
        "MALICIOUS": 0,
        "SANE": 0,
        "VALID": 0,
        "total": 100.01709446317146
    }
}