{
    "counter": {
        "ACTIVE": 2714,
        "INACTIVE": 1,
        "INVALID": 0,
        "MALICIOUS": 0,
        "SANE": 0,
        "VALID": 0,
        "total": 2715
    },
    "percentage": {
        "ACTIVE": 99.96316758747697,
        "INACTIVE": 0.4878048780487805,
        "INVALID": 0,
        "MALICIOUS": 0,
        "SANE": 0,
        "VALID": 0,
        "total": 100.45097246552575
    }
}