{
    "counter": {
        "ACTIVE": 876,
        "INACTIVE": 2,
        "INVALID": 0,
        "MALICIOUS": 0,
        "SANE": 0,
        "VALID": 0,
        "total": 878
    },
    "percentage": {
        "ACTIVE": 99.77220956719817,
        "INACTIVE": 0.2849002849002849,
        "INVALID": 0,
        "MALICIOUS": 0,
        "SANE": 0,
        "VALID": 0,
        "total": 100.05710985209846
    }
}