{
    "counter": {
        "ACTIVE": 1743,
        "INACTIVE": 1,
        "INVALID": 0,
        "MALICIOUS": 0,
        "SANE": 0,
        "VALID": 0,
        "total": 1744
    },
    "percentage": {
        "ACTIVE": 99.94266055045871,
        "INACTIVE": 0.7142857142857143,
        "INVALID": 0,
        "MALICIOUS": 0,
        "SANE": 0,
        "VALID": 0,
        "total": 100.65694626474442
    }
}