{
    "counter": {
        "ACTIVE": 1326,
        "INACTIVE": 1,
        "INVALID": 0,
        "MALICIOUS": 0,
        "SANE": 0,
        "VALID": 0,
        "total": 1327
    },
    "percentage": {
        "ACTIVE": 99.92464204973625,
        "INACTIVE": 0.1267427122940431,
        "INVALID": 0,
        "MALICIOUS": 0,
        "SANE": 0,
        "VALID": 0,
        "total": 100.0513847620303
    }
}