{
    "counter": {
        "ACTIVE": 507,
        "INACTIVE": 1,
        "INVALID": 0,
        "MALICIOUS": 0,
        "SANE": 0,
        "VALID": 0,
        "total": 508
    },
    "percentage": {
        "ACTIVE": 99.80314960629921,
        "INACTIVE": 0.2631578947368421,
        "INVALID": 0,
        "MALICIOUS": 0,
        "SANE": 0,
        "VALID": 0,
        "total": 100.06630750103605
    }
}