{
    "counter": {
        "ACTIVE": 1500,
        "INACTIVE": 2,
        "INVALID": 0,
        "MALICIOUS": 0,
        "SANE": 0,
        "VALID": 0,
        "total": 1502
    },
    "percentage": {
        "ACTIVE": 99.86684420772303,
        "INACTIVE": 0.3527336860670194,
        "INVALID": 0,
        "MALICIOUS": 0,
        "SANE": 0,
        "VALID": 0,
        "total": 100.21957789379006
    }
}