{
    "counter": {
        "ACTIVE": 309,
        "INACTIVE": 1,
        "INVALID": 0,
        "MALICIOUS": 0,
        "SANE": 0,
        "VALID": 0,
        "total": 310
    },
    "percentage": {
        "ACTIVE": 99.6774193548387,
        "INACTIVE": 0.3436426116838488,
        "INVALID": 0,
        "MALICIOUS": 0,
        "SANE": 0,
        "VALID": 0,
        "total": 100.02106196652255
    }
}