{
    "counter": {
        "ACTIVE": 867,
        "INACTIVE": 1,
        "INVALID": 0,
        "MALICIOUS": 0,
        "SANE": 0,
        "VALID": 0,
        "total": 868
    },
    "percentage": {
        "ACTIVE": 99.88479262672811,
        "INACTIVE": 0.5076142131979695,
        "INVALID": 0,
        "MALICIOUS": 0,
        "SANE": 0,
        "VALID": 0,
        "total": 100.39240683992608
    }
}