{
    "counter": {
        "ACTIVE": 1970,
        "INACTIVE": 2,
        "INVALID": 0,
        "MALICIOUS": 0,
        "SANE": 0,
        "VALID": 0,
        "total": 1972
    },
    "percentage": {
        "ACTIVE": 99.89858012170386,
        "INACTIVE": 0.4914004914004914,
        "INVALID": 0,
        "MALICIOUS": 0,
        "SANE": 0,
        "VALID": 0,
        "total": 100.38998061310436
    }
}