{
    "counter": {
        "ACTIVE": 857,
        "INACTIVE": 1,
        "INVALID": 0,
        "MALICIOUS": 0,
        "SANE": 0,
        "VALID": 0,
        "total": 858
    },
    "percentage": {
        "ACTIVE": 99.88344988344988,
        "INACTIVE": 0.6097560975609756,
        "INVALID": 0,
        "MALICIOUS": 0,
        "SANE": 0,
        "VALID": 0,
        "total": 100.49320598101086
    }
}