{
    "counter": {
        "ACTIVE": 1304,
        "INACTIVE": 1,
        "INVALID": 0,
        "MALICIOUS": 0,
        "SANE": 0,
        "VALID": 0,
        "total": 1305
    },
    "percentage": {
        "ACTIVE": 99.92337164750958,
        "INACTIVE": 0.15384615384615385,
        "INVALID": 0,
        "MALICIOUS": 0,
        "SANE": 0,
        "VALID": 0,
        "total": 100.07721780135574
    }
}