{
    "counter": {
        "ACTIVE": 2179,
        "INACTIVE": 1,
        "INVALID": 0,
        "MALICIOUS": 0,
        "SANE": 0,
        "VALID": 0,
        "total": 2180
    },
    "percentage": {
        "ACTIVE": 99.95412844036697,
        "INACTIVE": 1.7543859649122806,
        "INVALID": 0,
        "MALICIOUS": 0,
        "SANE": 0,
        "VALID": 0,
        "total": 101.70851440527925
    }
}