{
    "counter": {
        "ACTIVE": 1175,
        "INACTIVE": 2,
        "INVALID": 0,
        "MALICIOUS": 0,
        "SANE": 0,
        "VALID": 0,
        "total": 1177
    },
    "percentage": {
        "ACTIVE": 99.83007646559048,
        "INACTIVE": 0.22522522522522523,
        "INVALID": 0,
        "MALICIOUS": 0,
        "SANE": 0,
        "VALID": 0,
        "total": 100.05530169081571
    }
}