{
    "counter": {
        "ACTIVE": 1093,
        "INACTIVE": 1,
        "INVALID": 0,
        "MALICIOUS": 0,
        "SANE": 0,
        "VALID": 0,
        "total": 1094
    },
    "percentage": {
        "ACTIVE": 99.90859232175502,
        "INACTIVE": 0.12391573729863693,
        "INVALID": 0,
        "MALICIOUS": 0,
        "SANE": 0,
        "VALID": 0,
        "total": 100.03250805905365
    }
}