{
    "counter": {
        "ACTIVE": 1907,
        "INACTIVE": 2,
        "INVALID": 0,
        "MALICIOUS": 0,
        "SANE": 0,
        "VALID": 0,
        "total": 1909
    },
    "percentage": {
        "ACTIVE": 99.8952331063384,
        "INACTIVE": 0.22935779816513763,
        "INVALID": 0,
        "MALICIOUS": 0,
        "SANE": 0,
        "VALID": 0,
        "total": 100.12459090450353
    }
}