{
    "counter": {
        "ACTIVE": 1998,
        "INACTIVE": 1,
        "INVALID": 0,
        "MALICIOUS": 0,
        "SANE": 0,
        "VALID": 0,
        "total": 1999
    },
    "percentage": {
        "ACTIVE": 99.94997498749375,
        "INACTIVE": 0.24390243902439024,
        "INVALID": 0,
        "MALICIOUS": 0,
        "SANE": 0,
        "VALID": 0,
        "total": 100.19387742651814
    }
}