{
    "counter": {
        "ACTIVE": 1533,
        "INACTIVE": 2,
        "INVALID": 0,
        "MALICIOUS": 0,
        "SANE": 0,
        "VALID": 0,
        "total": 1535
    },
    "percentage": {
        "ACTIVE": 99.86970684039088,
        "INACTIVE": 0.20639834881320948,
        "INVALID": 0,
        "MALICIOUS": 0,
        "SANE": 0,
        "VALID": 0,
        "total": 100.07610518920409
    }
}