{
    "counter": {
        "ACTIVE": 545,
        "INACTIVE": 1,
        "INVALID": 0,
        "MALICIOUS": 0,
        "SANE": 0,
        "VALID": 0,
        "total": 546
    },
    "percentage": {
        "ACTIVE": 99.81684981684981,
        "INACTIVE": 2.7777777777777777,
        "INVALID": 0,
        "MALICIOUS": 0,
        "SANE": 0,
        "VALID": 0,
        "total": 102.59462759462758
    }
}