{
    "counter": {
        "ACTIVE": 339,
        "INACTIVE": 1,
        "INVALID": 0,
        "MALICIOUS": 0,
        "SANE": 0,
        "VALID": 0,
        "total": 340
    },
    "percentage": {
        "ACTIVE": 99.70588235294117,
        "INACTIVE": 4.3478260869565215,
        "INVALID": 0,
        "MALICIOUS": 0,
        "SANE": 0,
        "VALID": 0,
        "total": 104.05370843989769
    }
}