{
    "counter": {
        "ACTIVE": 2118,
        "INACTIVE": 3,
        "INVALID": 0,
        "MALICIOUS": 0,
        "SANE": 0,
        "VALID": 0,
        "total": 2121
    },
    "percentage": {
        "ACTIVE": 99.85855728429986,
        "INACTIVE": 0.22796352583586627,
        "INVALID": 0,
        "MALICIOUS": 0,
        "SANE": 0,
        "VALID": 0,
        "total": 100.08652081013572
    }
}