{
    "counter": {
        "ACTIVE": 2252,
        "INACTIVE": 3,
        "INVALID": 0,
        "MALICIOUS": 0,
        "SANE": 0,
        "VALID": 0,
        "total": 2255
    },
    "percentage": {
        "ACTIVE": 99.86696230598669,
        "INACTIVE": 0.13711151736745886,
        "INVALID": 0,
        "MALICIOUS": 0,
        "SANE": 0,
        "VALID": 0,
        "total": 100.00407382335415
    }
}