{
    "counter": {
        "ACTIVE": 2007,
        "INACTIVE": 6,
        "INVALID": 0,
        "MALICIOUS": 0,
        "SANE": 0,
        "VALID": 0,
        "total": 2013
    },
    "percentage": {
        "ACTIVE": 99.70193740685544,
        "INACTIVE": 0.31347962382445144,
        "INVALID": 0,
        "MALICIOUS": 0,
        "SANE": 0,
        "VALID": 0,
        "total": 100.01541703067988
    }
}