{
    "counter": {
        "ACTIVE": 189,
        "INACTIVE": 1,
        "INVALID": 0,
        "MALICIOUS": 0,
        "SANE": 0,
        "VALID": 0,
        "total": 190
    },
    "percentage": {
        "ACTIVE": 99.47368421052632,
        "INACTIVE": 0.5813953488372093,
        "INVALID": 0,
        "MALICIOUS": 0,
        "SANE": 0,
        "VALID": 0,
        "total": 100.05507955936352
    }
}