{
    "counter": {
        "ACTIVE": 748,
        "INACTIVE": 1,
        "INVALID": 0,
        "MALICIOUS": 0,
        "SANE": 0,
        "VALID": 0,
        "total": 749
    },
    "percentage": {
        "ACTIVE": 99.86648865153538,
        "INACTIVE": 0.22988505747126436,
        "INVALID": 0,
        "MALICIOUS": 0,
        "SANE": 0,
        "VALID": 0,
        "total": 100.09637370900664
    }
}