{
    "counter": {
        "ACTIVE": 2223,
        "INACTIVE": 5,
        "INVALID": 0,
        "MALICIOUS": 0,
        "SANE": 0,
        "VALID": 0,
        "total": 2228
    },
    "percentage": {
        "ACTIVE": 99.77558348294434,
        "INACTIVE": 0.23126734505087881,
        "INVALID": 0,
        "MALICIOUS": 0,
        "SANE": 0,
        "VALID": 0,
        "total": 100.00685082799522
    }
}