{
    "counter": {
        "ACTIVE": 1519,
        "INACTIVE": 1,
        "INVALID": 0,
        "MALICIOUS": 0,
        "SANE": 0,
        "VALID": 0,
        "total": 1520
    },
    "percentage": {
        "ACTIVE": 99.9342105263158,
        "INACTIVE": 0.2403846153846154,
        "INVALID": 0,
        "MALICIOUS": 0,
        "SANE": 0,
        "VALID": 0,
        "total": 100.17459514170041
    }
}