{
    "counter": {
        "ACTIVE": 847,
        "INACTIVE": 1,
        "INVALID": 0,
        "MALICIOUS": 0,
        "SANE": 0,
        "VALID": 0,
        "total": 848
    },
    "percentage": {
        "ACTIVE": 99.88207547169812,
        "INACTIVE": 0.2403846153846154,
        "INVALID": 0,
        "MALICIOUS": 0,
        "SANE": 0,
        "VALID": 0,
        "total": 100.12246008708273
    }
}