{
    "counter": {
        "ACTIVE": 1205,
        "INACTIVE": 1,
        "INVALID": 0,
        "MALICIOUS": 0,
        "SANE": 0,
        "VALID": 0,
        "total": 1206
    },
    "percentage": {
        "ACTIVE": 99.91708126036484,
        "INACTIVE": 0.141643059490085,
        "INVALID": 0,
        "MALICIOUS": 0,
        "SANE": 0,
        "VALID": 0,
        "total": 100.05872431985492
    }
}