{
    "counter": {
        "ACTIVE": 2212,
        "INACTIVE": 2,
        "INVALID": 0,
        "MALICIOUS": 0,
        "SANE": 0,
        "VALID": 0,
        "total": 2214
    },
    "percentage": {
        "ACTIVE": 99.9096657633243,
        "INACTIVE": 0.12106537530266344,
        "INVALID": 0,
        "MALICIOUS": 0,
        "SANE": 0,
        "VALID": 0,
        "total": 100.03073113862696
    }
}