{
    "counter": {
        "ACTIVE": 2746,
        "INACTIVE": 2,
        "INVALID": 0,
        "MALICIOUS": 0,
        "SANE": 0,
        "VALID": 0,
        "total": 2748
    },
    "percentage": {
        "ACTIVE": 99.92721979621543,
        "INACTIVE": 0.24783147459727387,
        "INVALID": 0,
        "MALICIOUS": 0,
        "SANE": 0,
        "VALID": 0,
        "total": 100.1750512708127
    }
}