{
    "counter": {
        "ACTIVE": 512,
        "INACTIVE": 1,
        "INVALID": 0,
        "MALICIOUS": 0,
        "SANE": 0,
        "VALID": 0,
        "total": 513
    },
    "percentage": {
        "ACTIVE": 99.80506822612085,
        "INACTIVE": 0.23529411764705882,
        "INVALID": 0,
        "MALICIOUS": 0,
        "SANE": 0,
        "VALID": 0,
        "total": 100.04036234376791
    }
}