{
    "counter": {
        "ACTIVE": 841,
        "INACTIVE": 5,
        "INVALID": 0,
        "MALICIOUS": 0,
        "SANE": 0,
        "VALID": 0,
        "total": 846
    },
    "percentage": {
        "ACTIVE": 99.40898345153664,
        "INACTIVE": 1.3262599469496021,
        "INVALID": 0,
        "MALICIOUS": 0,
        "SANE": 0,
        "VALID": 0,
        "total": 100.73524339848625
    }
}