{
    "counter": {
        "ACTIVE": 1384,
        "INACTIVE": 2,
        "INVALID": 0,
        "MALICIOUS": 0,
        "SANE": 0,
        "VALID": 0,
        "total": 1386
    },
    "percentage": {
        "ACTIVE": 99.85569985569985,
        "INACTIVE": 0.2484472049689441,
        "INVALID": 0,
        "MALICIOUS": 0,
        "SANE": 0,
        "VALID": 0,
        "total": 100.1041470606688
    }
}