{
    "counter": {
        "ACTIVE": 1934,
        "INACTIVE": 2,
        "INVALID": 0,
        "MALICIOUS": 0,
        "SANE": 0,
        "VALID": 0,
        "total": 1936
    },
    "percentage": {
        "ACTIVE": 99.89669421487604,
        "INACTIVE": 0.1384083044982699,
        "INVALID": 0,
        "MALICIOUS": 0,
        "SANE": 0,
        "VALID": 0,
        "total": 100.0351025193743
    }
}