{
    "counter": {
        "ACTIVE": 3186,
        "INACTIVE": 4,
        "INVALID": 0,
        "MALICIOUS": 0,
        "SANE": 0,
        "VALID": 0,
        "total": 3190
    },
    "percentage": {
        "ACTIVE": 99.87460815047022,
        "INACTIVE": 0.12903225806451613,
        "INVALID": 0,
        "MALICIOUS": 0,
        "SANE": 0,
        "VALID": 0,
        "total": 100.00364040853474
    }
}