{
    "counter": {
        "ACTIVE": 2839,
        "INACTIVE": 1,
        "INVALID": 0,
        "MALICIOUS": 0,
        "SANE": 0,
        "VALID": 0,
        "total": 2840
    },
    "percentage": {
        "ACTIVE": 99.96478873239437,
        "INACTIVE": 0.03716090672612412,
        "INVALID": 0,
        "MALICIOUS": 0,
        "SANE": 0,
        "VALID": 0,
        "total": 100.0019496391205
    }
}