{
    "counter": {
        "ACTIVE": 1903,
        "INACTIVE": 3,
        "INVALID": 0,
        "MALICIOUS": 0,
        "SANE": 0,
        "VALID": 0,
        "total": 1906
    },
    "percentage": {
        "ACTIVE": 99.84260230849948,
        "INACTIVE": 0.18181818181818182,
        "INVALID": 0,
        "MALICIOUS": 0,
        "SANE": 0,
        "VALID": 0,
        "total": 100.02442049031767
    }
}