{
    "counter": {
        "ACTIVE": 3186,
        "INACTIVE": 2,
        "INVALID": 0,
        "MALICIOUS": 0,
        "SANE": 0,
        "VALID": 0,
        "total": 3188
    },
    "percentage": {
        "ACTIVE": 99.93726474278544,
        "INACTIVE": 0.06561679790026247,
        "INVALID": 0,
        "MALICIOUS": 0,
        "SANE": 0,
        "VALID": 0,
        "total": 100.0028815406857
    }
}