{
    "counter": {
        "ACTIVE": 889,
        "INACTIVE": 1,
        "INVALID": 0,
        "MALICIOUS": 0,
        "SANE": 0,
        "VALID": 0,
        "total": 890
    },
    "percentage": {
        "ACTIVE": 99.88764044943821,
        "INACTIVE": 0.6622516556291391,
        "INVALID": 0,
        "MALICIOUS": 0,
        "SANE": 0,
        "VALID": 0,
        "total": 100.54989210506734
    }
}