{
    "counter": {
        "ACTIVE": 364,
        "INACTIVE": 2,
        "INVALID": 0,
        "MALICIOUS": 0,
        "SANE": 0,
        "VALID": 0,
        "total": 366
    },
    "percentage": {
        "ACTIVE": 99.4535519125683,
        "INACTIVE": 0.7168458781362007,
        "INVALID": 0,
        "MALICIOUS": 0,
        "SANE": 0,
        "VALID": 0,
        "total": 100.1703977907045
    }
}