{
    "counter": {
        "ACTIVE": 1048,
        "INACTIVE": 1,
        "INVALID": 0,
        "MALICIOUS": 0,
        "SANE": 0,
        "VALID": 0,
        "total": 1049
    },
    "percentage": {
        "ACTIVE": 99.90467111534795,
        "INACTIVE": 0.273224043715847,
        "INVALID": 0,
        "MALICIOUS": 0,
        "SANE": 0,
        "VALID": 0,
        "total": 100.1778951590638
    }
}