{
    "counter": {
        "ACTIVE": 1339,
        "INACTIVE": 4,
        "INVALID": 0,
        "MALICIOUS": 0,
        "SANE": 0,
        "VALID": 0,
        "total": 1343
    },
    "percentage": {
        "ACTIVE": 99.70215934475056,
        "INACTIVE": 0.31974420463629094,
        "INVALID": 0,
        "MALICIOUS": 0,
        "SANE": 0,
        "VALID": 0,
        "total": 100.02190354938685
    }
}