{
    "counter": {
        "ACTIVE": 1767,
        "INACTIVE": 1,
        "INVALID": 0,
        "MALICIOUS": 0,
        "SANE": 0,
        "VALID": 0,
        "total": 1768
    },
    "percentage": {
        "ACTIVE": 99.94343891402715,
        "INACTIVE": 0.2364066193853428,
        "INVALID": 0,
        "MALICIOUS": 0,
        "SANE": 0,
        "VALID": 0,
        "total": 100.1798455334125
    }
}