{
    "counter": {
        "ACTIVE": 1369,
        "INACTIVE": 9,
        "INVALID": 0,
        "MALICIOUS": 0,
        "SANE": 0,
        "VALID": 0,
        "total": 1378
    },
    "percentage": {
        "ACTIVE": 99.34687953555878,
        "INACTIVE": 0.6751687921980495,
        "INVALID": 0,
        "MALICIOUS": 0,
        "SANE": 0,
        "VALID": 0,
        "total": 100.02204832775683
    }
}