{
    "counter": {
        "ACTIVE": 1303,
        "INACTIVE": 3,
        "INVALID": 0,
        "MALICIOUS": 0,
        "SANE": 0,
        "VALID": 0,
        "total": 1306
    },
    "percentage": {
        "ACTIVE": 99.77029096477794,
        "INACTIVE": 0.2356637863315004,
        "INVALID": 0,
        "MALICIOUS": 0,
        "SANE": 0,
        "VALID": 0,
        "total": 100.00595475110944
    }
}