{
    "counter": {
        "ACTIVE": 2534,
        "INACTIVE": 2,
        "INVALID": 0,
        "MALICIOUS": 0,
        "SANE": 0,
        "VALID": 0,
        "total": 2536
    },
    "percentage": {
        "ACTIVE": 99.9211356466877,
        "INACTIVE": 0.0848536274925753,
        "INVALID": 0,
        "MALICIOUS": 0,
        "SANE": 0,
        "VALID": 0,
        "total": 100.00598927418028
    }
}