{
    "counter": {
        "ACTIVE": 698,
        "INACTIVE": 1,
        "INVALID": 0,
        "MALICIOUS": 0,
        "SANE": 0,
        "VALID": 0,
        "total": 699
    },
    "percentage": {
        "ACTIVE": 99.85693848354792,
        "INACTIVE": 0.7692307692307693,
        "INVALID": 0,
        "MALICIOUS": 0,
        "SANE": 0,
        "VALID": 0,
        "total": 100.6261692527787
    }
}