{
    "counter": {
        "ACTIVE": 1202,
        "INACTIVE": 1,
        "INVALID": 0,
        "MALICIOUS": 0,
        "SANE": 0,
        "VALID": 0,
        "total": 1203
    },
    "percentage": {
        "ACTIVE": 99.91687448046551,
        "INACTIVE": 0.1692047377326565,
        "INVALID": 0,
        "MALICIOUS": 0,
        "SANE": 0,
        "VALID": 0,
        "total": 100.08607921819817
    }
}