{
    "counter": {
        "ACTIVE": 234,
        "INACTIVE": 1,
        "INVALID": 0,
        "MALICIOUS": 0,
        "SANE": 0,
        "VALID": 0,
        "total": 235
    },
    "percentage": {
        "ACTIVE": 99.57446808510639,
        "INACTIVE": 0.7092198581560284,
        "INVALID": 0,
        "MALICIOUS": 0,
        "SANE": 0,
        "VALID": 0,
        "total": 100.28368794326242
    }
}