{
    "counter": {
        "ACTIVE": 342,
        "INACTIVE": 1,
        "INVALID": 0,
        "MALICIOUS": 0,
        "SANE": 0,
        "VALID": 0,
        "total": 343
    },
    "percentage": {
        "ACTIVE": 99.70845481049562,
        "INACTIVE": 0.9090909090909091,
        "INVALID": 0,
        "MALICIOUS": 0,
        "SANE": 0,
        "VALID": 0,
        "total": 100.61754571958653
    }
}