{
    "counter": {
        "ACTIVE": 536,
        "INACTIVE": 3,
        "INVALID": 0,
        "MALICIOUS": 0,
        "SANE": 0,
        "VALID": 0,
        "total": 539
    },
    "percentage": {
        "ACTIVE": 99.44341372912801,
        "INACTIVE": 0.6396588486140725,
        "INVALID": 0,
        "MALICIOUS": 0,
        "SANE": 0,
        "VALID": 0,
        "total": 100.08307257774209
    }
}