{
    "counter": {
        "ACTIVE": 360,
        "INACTIVE": 1,
        "INVALID": 0,
        "MALICIOUS": 0,
        "SANE": 0,
        "VALID": 0,
        "total": 361
    },
    "percentage": {
        "ACTIVE": 99.7229916897507,
        "INACTIVE": 0.2785515320334262,
        "INVALID": 0,
        "MALICIOUS": 0,
        "SANE": 0,
        "VALID": 0,
        "total": 100.00154322178413
    }
}