{
    "counter": {
        "ACTIVE": 2183,
        "INACTIVE": 4,
        "INVALID": 0,
        "MALICIOUS": 0,
        "SANE": 0,
        "VALID": 0,
        "total": 2187
    },
    "percentage": {
        "ACTIVE": 99.81710105166896,
        "INACTIVE": 0.33030553261767137,
        "INVALID": 0,
        "MALICIOUS": 0,
        "SANE": 0,
        "VALID": 0,
        "total": 100.14740658428663
    }
}