{
    "counter": {
        "ACTIVE": 1718,
        "INACTIVE": 2,
        "INVALID": 0,
        "MALICIOUS": 0,
        "SANE": 0,
        "VALID": 0,
        "total": 1720
    },
    "percentage": {
        "ACTIVE": 99.88372093023256,
        "INACTIVE": 0.12755102040816327,
        "INVALID": 0,
        "MALICIOUS": 0,
        "SANE": 0,
        "VALID": 0,
        "total": 100.01127195064072
    }
}