{
    "counter": {
        "ACTIVE": 1575,
        "INACTIVE": 2,
        "INVALID": 0,
        "MALICIOUS": 0,
        "SANE": 0,
        "VALID": 0,
        "total": 1577
    },
    "percentage": {
        "ACTIVE": 99.8731769181991,
        "INACTIVE": 0.17543859649122806,
        "INVALID": 0,
        "MALICIOUS": 0,
        "SANE": 0,
        "VALID": 0,
        "total": 100.04861551469034
    }
}