{
    "counter": {
        "ACTIVE": 645,
        "INACTIVE": 2,
        "INVALID": 0,
        "MALICIOUS": 0,
        "SANE": 0,
        "VALID": 0,
        "total": 647
    },
    "percentage": {
        "ACTIVE": 99.69088098918084,
        "INACTIVE": 0.547945205479452,
        "INVALID": 0,
        "MALICIOUS": 0,
        "SANE": 0,
        "VALID": 0,
        "total": 100.23882619466029
    }
}