{
    "counter": {
        "ACTIVE": 972,
        "INACTIVE": 1,
        "INVALID": 0,
        "MALICIOUS": 0,
        "SANE": 0,
        "VALID": 0,
        "total": 973
    },
    "percentage": {
        "ACTIVE": 99.89722507708119,
        "INACTIVE": 2.4390243902439024,
        "INVALID": 0,
        "MALICIOUS": 0,
        "SANE": 0,
        "VALID": 0,
        "total": 102.33624946732509
    }
}