{
    "counter": {
        "ACTIVE": 842,
        "INACTIVE": 82,
        "INVALID": 0,
        "MALICIOUS": 0,
        "SANE": 0,
        "VALID": 0,
        "total": 924
    },
    "percentage": {
        "ACTIVE": 91.12554112554112,
        "INACTIVE": 9.090909090909092,
        "INVALID": 0,
        "MALICIOUS": 0,
        "SANE": 0,
        "VALID": 0,
        "total": 100.21645021645021
    }
}