{
    "counter": {
        "ACTIVE": 1247,
        "INACTIVE": 1,
        "INVALID": 0,
        "MALICIOUS": 0,
        "SANE": 0,
        "VALID": 0,
        "total": 1248
    },
    "percentage": {
        "ACTIVE": 99.9198717948718,
        "INACTIVE": 0.16611295681063123,
        "INVALID": 0,
        "MALICIOUS": 0,
        "SANE": 0,
        "VALID": 0,
        "total": 100.08598475168243
    }
}