{
    "counter": {
        "ACTIVE": 2950,
        "INACTIVE": 1,
        "INVALID": 1,
        "MALICIOUS": 0,
        "SANE": 0,
        "VALID": 0,
        "total": 2952
    },
    "percentage": {
        "ACTIVE": 99.93224932249322,
        "INACTIVE": 0.8547008547008547,
        "INVALID": 0.03935458480913026,
        "MALICIOUS": 0,
        "SANE": 0,
        "VALID": 0,
        "total": 100.8263047620032
    }
}