{
    "counter": {
        "ACTIVE": 1756,
        "INACTIVE": 1,
        "INVALID": 0,
        "MALICIOUS": 0,
        "SANE": 0,
        "VALID": 0,
        "total": 1757
    },
    "percentage": {
        "ACTIVE": 99.94308480364258,
        "INACTIVE": 0.1037344398340249,
        "INVALID": 0,
        "MALICIOUS": 0,
        "SANE": 0,
        "VALID": 0,
        "total": 100.0468192434766
    }
}