{
    "counter": {
        "ACTIVE": 1009,
        "INACTIVE": 3,
        "INVALID": 0,
        "MALICIOUS": 0,
        "SANE": 0,
        "VALID": 0,
        "total": 1012
    },
    "percentage": {
        "ACTIVE": 99.70355731225297,
        "INACTIVE": 0.411522633744856,
        "INVALID": 0,
        "MALICIOUS": 0,
        "SANE": 0,
        "VALID": 0,
        "total": 100.11507994599782
    }
}