{
    "counter": {
        "ACTIVE": 972,
        "INACTIVE": 1,
        "INVALID": 0,
        "MALICIOUS": 0,
        "SANE": 0,
        "VALID": 0,
        "total": 973
    },
    "percentage": {
        "ACTIVE": 99.89722507708119,
        "INACTIVE": 0.6944444444444444,
        "INVALID": 0,
        "MALICIOUS": 0,
        "SANE": 0,
        "VALID": 0,
        "total": 100.59166952152563
    }
}