{
    "counter": {
        "ACTIVE": 1953,
        "INACTIVE": 2,
        "INVALID": 0,
        "MALICIOUS": 0,
        "SANE": 0,
        "VALID": 0,
        "total": 1955
    },
    "percentage": {
        "ACTIVE": 99.89769820971867,
        "INACTIVE": 0.13879250520471895,
        "INVALID": 0,
        "MALICIOUS": 0,
        "SANE": 0,
        "VALID": 0,
        "total": 100.03649071492339
    }
}