{
    "counter": {
        "ACTIVE": 1880,
        "INACTIVE": 1,
        "INVALID": 0,
        "MALICIOUS": 0,
        "SANE": 0,
        "VALID": 0,
        "total": 1881
    },
    "percentage": {
        "ACTIVE": 99.94683678894205,
        "INACTIVE": 0.141643059490085,
        "INVALID": 0,
        "MALICIOUS": 0,
        "SANE": 0,
        "VALID": 0,
        "total": 100.08847984843213
    }
}