{
    "counter": {
        "ACTIVE": 1204,
        "INACTIVE": 2,
        "INVALID": 0,
        "MALICIOUS": 0,
        "SANE": 0,
        "VALID": 0,
        "total": 1206
    },
    "percentage": {
        "ACTIVE": 99.83416252072969,
        "INACTIVE": 0.4716981132075472,
        "INVALID": 0,
        "MALICIOUS": 0,
        "SANE": 0,
        "VALID": 0,
        "total": 100.30586063393724
    }
}