{
    "counter": {
        "ACTIVE": 1335,
        "INACTIVE": 6,
        "INVALID": 0,
        "MALICIOUS": 0,
        "SANE": 0,
        "VALID": 0,
        "total": 1341
    },
    "percentage": {
        "ACTIVE": 99.55257270693512,
        "INACTIVE": 0.6880733944954128,
        "INVALID": 0,
        "MALICIOUS": 0,
        "SANE": 0,
        "VALID": 0,
        "total": 100.24064610143054
    }
}