{
    "counter": {
        "ACTIVE": 882,
        "INACTIVE": 2,
        "INVALID": 0,
        "MALICIOUS": 0,
        "SANE": 0,
        "VALID": 0,
        "total": 884
    },
    "percentage": {
        "ACTIVE": 99.77375565610859,
        "INACTIVE": 1.1695906432748537,
        "INVALID": 0,
        "MALICIOUS": 0,
        "SANE": 0,
        "VALID": 0,
        "total": 100.94334629938345
    }
}