{
    "counter": {
        "ACTIVE": 994,
        "INACTIVE": 1,
        "INVALID": 0,
        "MALICIOUS": 0,
        "SANE": 0,
        "VALID": 0,
        "total": 995
    },
    "percentage": {
        "ACTIVE": 99.89949748743719,
        "INACTIVE": 0.1736111111111111,
        "INVALID": 0,
        "MALICIOUS": 0,
        "SANE": 0,
        "VALID": 0,
        "total": 100.0731085985483
    }
}