{
    "counter": {
        "ACTIVE": 2170,
        "INACTIVE": 4,
        "INVALID": 0,
        "MALICIOUS": 0,
        "SANE": 0,
        "VALID": 0,
        "total": 2174
    },
    "percentage": {
        "ACTIVE": 99.81600735970561,
        "INACTIVE": 0.31520882584712373,
        "INVALID": 0,
        "MALICIOUS": 0,
        "SANE": 0,
        "VALID": 0,
        "total": 100.13121618555273
    }
}