{
    "counter": {
        "ACTIVE": 2284,
        "INACTIVE": 4,
        "INVALID": 0,
        "MALICIOUS": 0,
        "SANE": 0,
        "VALID": 0,
        "total": 2288
    },
    "percentage": {
        "ACTIVE": 99.82517482517483,
        "INACTIVE": 0.18157058556513844,
        "INVALID": 0,
        "MALICIOUS": 0,
        "SANE": 0,
        "VALID": 0,
        "total": 100.00674541073997
    }
}