{
    "counter": {
        "ACTIVE": 2810,
        "INACTIVE": 1,
        "INVALID": 0,
        "MALICIOUS": 0,
        "SANE": 0,
        "VALID": 0,
        "total": 2811
    },
    "percentage": {
        "ACTIVE": 99.9644254713625,
        "INACTIVE": 0.03963535473642489,
        "INVALID": 0,
        "MALICIOUS": 0,
        "SANE": 0,
        "VALID": 0,
        "total": 100.00406082609892
    }
}