{
    "counter": {
        "ACTIVE": 2590,
        "INACTIVE": 3,
        "INVALID": 0,
        "MALICIOUS": 0,
        "SANE": 0,
        "VALID": 0,
        "total": 2593
    },
    "percentage": {
        "ACTIVE": 99.88430389510219,
        "INACTIVE": 0.12082158679017317,
        "INVALID": 0,
        "MALICIOUS": 0,
        "SANE": 0,
        "VALID": 0,
        "total": 100.00512548189236
    }
}