{
    "counter": {
        "ACTIVE": 2231,
        "INACTIVE": 3,
        "INVALID": 0,
        "MALICIOUS": 0,
        "SANE": 0,
        "VALID": 0,
        "total": 2234
    },
    "percentage": {
        "ACTIVE": 99.86571172784244,
        "INACTIVE": 0.16722408026755853,
        "INVALID": 0,
        "MALICIOUS": 0,
        "SANE": 0,
        "VALID": 0,
        "total": 100.03293580811
    }
}