{
    "counter": {
        "ACTIVE": 361,
        "INACTIVE": 2,
        "INVALID": 0,
        "MALICIOUS": 0,
        "SANE": 0,
        "VALID": 0,
        "total": 363
    },
    "percentage": {
        "ACTIVE": 99.44903581267218,
        "INACTIVE": 1.0471204188481675,
        "INVALID": 0,
        "MALICIOUS": 0,
        "SANE": 0,
        "VALID": 0,
        "total": 100.49615623152035
    }
}