{
    "counter": {
        "ACTIVE": 990,
        "INACTIVE": 1,
        "INVALID": 0,
        "MALICIOUS": 0,
        "SANE": 0,
        "VALID": 0,
        "total": 991
    },
    "percentage": {
        "ACTIVE": 99.89909182643794,
        "INACTIVE": 0.11750881316098707,
        "INVALID": 0,
        "MALICIOUS": 0,
        "SANE": 0,
        "VALID": 0,
        "total": 100.01660063959892
    }
}