{
    "counter": {
        "ACTIVE": 642,
        "INACTIVE": 2,
        "INVALID": 0,
        "MALICIOUS": 0,
        "SANE": 0,
        "VALID": 0,
        "total": 644
    },
    "percentage": {
        "ACTIVE": 99.68944099378882,
        "INACTIVE": 0.49019607843137253,
        "INVALID": 0,
        "MALICIOUS": 0,
        "SANE": 0,
        "VALID": 0,
        "total": 100.17963707222019
    }
}