{
    "counter": {
        "ACTIVE": 2106,
        "INACTIVE": 3,
        "INVALID": 0,
        "MALICIOUS": 0,
        "SANE": 0,
        "VALID": 0,
        "total": 2109
    },
    "percentage": {
        "ACTIVE": 99.85775248933143,
        "INACTIVE": 0.37641154328732745,
        "INVALID": 0,
        "MALICIOUS": 0,
        "SANE": 0,
        "VALID": 0,
        "total": 100.23416403261876
    }
}