{
    "counter": {
        "ACTIVE": 1700,
        "INACTIVE": 2,
        "INVALID": 0,
        "MALICIOUS": 0,
        "SANE": 0,
        "VALID": 0,
        "total": 1702
    },
    "percentage": {
        "ACTIVE": 99.88249118683902,
        "INACTIVE": 0.46403712296983757,
        "INVALID": 0,
        "MALICIOUS": 0,
        "SANE": 0,
        "VALID": 0,
        "total": 100.34652830980886
    }
}