{
    "counter": {
        "ACTIVE": 2179,
        "INACTIVE": 3,
        "INVALID": 0,
        "MALICIOUS": 0,
        "SANE": 0,
        "VALID": 0,
        "total": 2182
    },
    "percentage": {
        "ACTIVE": 99.86251145737855,
        "INACTIVE": 0.16474464579901152,
        "INVALID": 0,
        "MALICIOUS": 0,
        "SANE": 0,
        "VALID": 0,
        "total": 100.02725610317756
    }
}