{
    "counter": {
        "ACTIVE": 2190,
        "INACTIVE": 1,
        "INVALID": 0,
        "MALICIOUS": 0,
        "SANE": 0,
        "VALID": 0,
        "total": 2191
    },
    "percentage": {
        "ACTIVE": 99.95435874030123,
        "INACTIVE": 0.09398496240601503,
        "INVALID": 0,
        "MALICIOUS": 0,
        "SANE": 0,
        "VALID": 0,
        "total": 100.04834370270724
    }
}