{
    "counter": {
        "ACTIVE": 1973,
        "INACTIVE": 1,
        "INVALID": 0,
        "MALICIOUS": 0,
        "SANE": 0,
        "VALID": 0,
        "total": 1974
    },
    "percentage": {
        "ACTIVE": 99.94934143870314,
        "INACTIVE": 0.18018018018018017,
        "INVALID": 0,
        "MALICIOUS": 0,
        "SANE": 0,
        "VALID": 0,
        "total": 100.12952161888333
    }
}