{
    "counter": {
        "ACTIVE": 1374,
        "INACTIVE": 3,
        "INVALID": 0,
        "MALICIOUS": 0,
        "SANE": 0,
        "VALID": 0,
        "total": 1377
    },
    "percentage": {
        "ACTIVE": 99.78213507625273,
        "INACTIVE": 0.25773195876288657,
        "INVALID": 0,
        "MALICIOUS": 0,
        "SANE": 0,
        "VALID": 0,
        "total": 100.03986703501562
    }
}