{
    "counter": {
        "ACTIVE": 2336,
        "INACTIVE": 3,
        "INVALID": 0,
        "MALICIOUS": 0,
        "SANE": 0,
        "VALID": 0,
        "total": 2339
    },
    "percentage": {
        "ACTIVE": 99.87174005985464,
        "INACTIVE": 0.22796352583586627,
        "INVALID": 0,
        "MALICIOUS": 0,
        "SANE": 0,
        "VALID": 0,
        "total": 100.0997035856905
    }
}