{
    "counter": {
        "ACTIVE": 858,
        "INACTIVE": 2,
        "INVALID": 0,
        "MALICIOUS": 0,
        "SANE": 0,
        "VALID": 0,
        "total": 860
    },
    "percentage": {
        "ACTIVE": 99.76744186046511,
        "INACTIVE": 0.3284072249589491,
        "INVALID": 0,
        "MALICIOUS": 0,
        "SANE": 0,
        "VALID": 0,
        "total": 100.09584908542406
    }
}