{
    "counter": {
        "ACTIVE": 1457,
        "INACTIVE": 2,
        "INVALID": 0,
        "MALICIOUS": 0,
        "SANE": 0,
        "VALID": 0,
        "total": 1459
    },
    "percentage": {
        "ACTIVE": 99.86291980808772,
        "INACTIVE": 0.5333333333333333,
        "INVALID": 0,
        "MALICIOUS": 0,
        "SANE": 0,
        "VALID": 0,
        "total": 100.39625314142106
    }
}