{
    "counter": {
        "ACTIVE": 719,
        "INACTIVE": 1,
        "INVALID": 0,
        "MALICIOUS": 0,
        "SANE": 0,
        "VALID": 0,
        "total": 720
    },
    "percentage": {
        "ACTIVE": 99.86111111111111,
        "INACTIVE": 0.21739130434782608,
        "INVALID": 0,
        "MALICIOUS": 0,
        "SANE": 0,
        "VALID": 0,
        "total": 100.07850241545894
    }
}