{
    "counter": {
        "ACTIVE": 1665,
        "INACTIVE": 2,
        "INVALID": 0,
        "MALICIOUS": 0,
        "SANE": 0,
        "VALID": 0,
        "total": 1667
    },
    "percentage": {
        "ACTIVE": 99.88002399520096,
        "INACTIVE": 0.1218026796589525,
        "INVALID": 0,
        "MALICIOUS": 0,
        "SANE": 0,
        "VALID": 0,
        "total": 100.00182667485991
    }
}