{
    "counter": {
        "ACTIVE": 1761,
        "INACTIVE": 3,
        "INVALID": 0,
        "MALICIOUS": 0,
        "SANE": 0,
        "VALID": 0,
        "total": 1764
    },
    "percentage": {
        "ACTIVE": 99.82993197278911,
        "INACTIVE": 0.20026702269692923,
        "INVALID": 0,
        "MALICIOUS": 0,
        "SANE": 0,
        "VALID": 0,
        "total": 100.03019899548605
    }
}