{
    "counter": {
        "ACTIVE": 1340,
        "INACTIVE": 2,
        "INVALID": 0,
        "MALICIOUS": 0,
        "SANE": 0,
        "VALID": 0,
        "total": 1342
    },
    "percentage": {
        "ACTIVE": 99.85096870342772,
        "INACTIVE": 0.423728813559322,
        "INVALID": 0,
        "MALICIOUS": 0,
        "SANE": 0,
        "VALID": 0,
        "total": 100.27469751698705
    }
}