{
    "counter": {
        "ACTIVE": 2221,
        "INACTIVE": 1,
        "INVALID": 0,
        "MALICIOUS": 0,
        "SANE": 0,
        "VALID": 0,
        "total": 2222
    },
    "percentage": {
        "ACTIVE": 99.95499549954995,
        "INACTIVE": 0.047214353163361665,
        "INVALID": 0,
        "MALICIOUS": 0,
        "SANE": 0,
        "VALID": 0,
        "total": 100.0022098527133
    }
}