{
    "counter": {
        "ACTIVE": 855,
        "INACTIVE": 4,
        "INVALID": 0,
        "MALICIOUS": 0,
        "SANE": 0,
        "VALID": 0,
        "total": 859
    },
    "percentage": {
        "ACTIVE": 99.53434225844005,
        "INACTIVE": 0.7407407407407407,
        "INVALID": 0,
        "MALICIOUS": 0,
        "SANE": 0,
        "VALID": 0,
        "total": 100.2750829991808
    }
}