{
    "counter": {
        "ACTIVE": 1031,
        "INACTIVE": 1,
        "INVALID": 0,
        "MALICIOUS": 0,
        "SANE": 0,
        "VALID": 0,
        "total": 1032
    },
    "percentage": {
        "ACTIVE": 99.90310077519379,
        "INACTIVE": 0.1394700139470014,
        "INVALID": 0,
        "MALICIOUS": 0,
        "SANE": 0,
        "VALID": 0,
        "total": 100.0425707891408
    }
}