{
    "counter": {
        "ACTIVE": 2682,
        "INACTIVE": 1,
        "INVALID": 0,
        "MALICIOUS": 0,
        "SANE": 0,
        "VALID": 0,
        "total": 2683
    },
    "percentage": {
        "ACTIVE": 99.96272828922848,
        "INACTIVE": 0.03971405877680699,
        "INVALID": 0,
        "MALICIOUS": 0,
        "SANE": 0,
        "VALID": 0,
        "total": 100.00244234800529
    }
}