{
    "counter": {
        "ACTIVE": 2369,
        "INACTIVE": 5,
        "INVALID": 0,
        "MALICIOUS": 0,
        "SANE": 0,
        "VALID": 0,
        "total": 2374
    },
    "percentage": {
        "ACTIVE": 99.7893850042123,
        "INACTIVE": 0.21114864864864866,
        "INVALID": 0,
        "MALICIOUS": 0,
        "SANE": 0,
        "VALID": 0,
        "total": 100.00053365286095
    }
}