{
    "counter": {
        "ACTIVE": 1030,
        "INACTIVE": 2,
        "INVALID": 0,
        "MALICIOUS": 0,
        "SANE": 0,
        "VALID": 0,
        "total": 1032
    },
    "percentage": {
        "ACTIVE": 99.8062015503876,
        "INACTIVE": 0.34071550255536626,
        "INVALID": 0,
        "MALICIOUS": 0,
        "SANE": 0,
        "VALID": 0,
        "total": 100.14691705294297
    }
}