{
    "counter": {
        "ACTIVE": 490,
        "INACTIVE": 4,
        "INVALID": 0,
        "MALICIOUS": 0,
        "SANE": 0,
        "VALID": 0,
        "total": 494
    },
    "percentage": {
        "ACTIVE": 99.19028340080972,
        "INACTIVE": 0.9615384615384616,
        "INVALID": 0,
        "MALICIOUS": 0,
        "SANE": 0,
        "VALID": 0,
        "total": 100.15182186234819
    }
}