{
    "counter": {
        "ACTIVE": 641,
        "INACTIVE": 1,
        "INVALID": 0,
        "MALICIOUS": 0,
        "SANE": 0,
        "VALID": 0,
        "total": 642
    },
    "percentage": {
        "ACTIVE": 99.84423676012462,
        "INACTIVE": 0.7194244604316546,
        "INVALID": 0,
        "MALICIOUS": 0,
        "SANE": 0,
        "VALID": 0,
        "total": 100.56366122055627
    }
}