{
    "counter": {
        "ACTIVE": 1527,
        "INACTIVE": 2,
        "INVALID": 0,
        "MALICIOUS": 0,
        "SANE": 0,
        "VALID": 0,
        "total": 1529
    },
    "percentage": {
        "ACTIVE": 99.86919555264879,
        "INACTIVE": 0.14184397163120568,
        "INVALID": 0,
        "MALICIOUS": 0,
        "SANE": 0,
        "VALID": 0,
        "total": 100.01103952428
    }
}