{
    "counter": {
        "ACTIVE": 1783,
        "INACTIVE": 1,
        "INVALID": 0,
        "MALICIOUS": 0,
        "SANE": 0,
        "VALID": 0,
        "total": 1784
    },
    "percentage": {
        "ACTIVE": 99.9439461883408,
        "INACTIVE": 3.5714285714285716,
        "INVALID": 0,
        "MALICIOUS": 0,
        "SANE": 0,
        "VALID": 0,
        "total": 103.51537475976937
    }
}