{
    "counter": {
        "ACTIVE": 1242,
        "INACTIVE": 1,
        "INVALID": 0,
        "MALICIOUS": 0,
        "SANE": 0,
        "VALID": 0,
        "total": 1243
    },
    "percentage": {
        "ACTIVE": 99.9195494770716,
        "INACTIVE": 0.12091898428053205,
        "INVALID": 0,
        "MALICIOUS": 0,
        "SANE": 0,
        "VALID": 0,
        "total": 100.04046846135213
    }
}