{
    "counter": {
        "ACTIVE": 1620,
        "INACTIVE": 1,
        "INVALID": 0,
        "MALICIOUS": 0,
        "SANE": 0,
        "VALID": 0,
        "total": 1621
    },
    "percentage": {
        "ACTIVE": 99.9383096853794,
        "INACTIVE": 0.2717391304347826,
        "INVALID": 0,
        "MALICIOUS": 0,
        "SANE": 0,
        "VALID": 0,
        "total": 100.21004881581418
    }
}