{
    "counter": {
        "ACTIVE": 1177,
        "INACTIVE": 3,
        "INVALID": 0,
        "MALICIOUS": 0,
        "SANE": 0,
        "VALID": 0,
        "total": 1180
    },
    "percentage": {
        "ACTIVE": 99.7457627118644,
        "INACTIVE": 0.3337041156840934,
        "INVALID": 0,
        "MALICIOUS": 0,
        "SANE": 0,
        "VALID": 0,
        "total": 100.0794668275485
    }
}