{
    "counter": {
        "ACTIVE": 1079,
        "INACTIVE": 1,
        "INVALID": 0,
        "MALICIOUS": 0,
        "SANE": 0,
        "VALID": 0,
        "total": 1080
    },
    "percentage": {
        "ACTIVE": 99.9074074074074,
        "INACTIVE": 0.09505703422053231,
        "INVALID": 0,
        "MALICIOUS": 0,
        "SANE": 0,
        "VALID": 0,
        "total": 100.00246444162794
    }
}