{
    "counter": {
        "ACTIVE": 1231,
        "INACTIVE": 2,
        "INVALID": 0,
        "MALICIOUS": 0,
        "SANE": 0,
        "VALID": 0,
        "total": 1233
    },
    "percentage": {
        "ACTIVE": 99.83779399837795,
        "INACTIVE": 0.5167958656330749,
        "INVALID": 0,
        "MALICIOUS": 0,
        "SANE": 0,
        "VALID": 0,
        "total": 100.35458986401102
    }
}