{
    "counter": {
        "ACTIVE": 355,
        "INACTIVE": 2,
        "INVALID": 0,
        "MALICIOUS": 0,
        "SANE": 0,
        "VALID": 0,
        "total": 357
    },
    "percentage": {
        "ACTIVE": 99.43977591036415,
        "INACTIVE": 1.3157894736842106,
        "INVALID": 0,
        "MALICIOUS": 0,
        "SANE": 0,
        "VALID": 0,
        "total": 100.75556538404835
    }
}