{
    "counter": {
        "ACTIVE": 1008,
        "INACTIVE": 2,
        "INVALID": 0,
        "MALICIOUS": 0,
        "SANE": 0,
        "VALID": 0,
        "total": 1010
    },
    "percentage": {
        "ACTIVE": 99.8019801980198,
        "INACTIVE": 0.4914004914004914,
        "INVALID": 0,
        "MALICIOUS": 0,
        "SANE": 0,
        "VALID": 0,
        "total": 100.2933806894203
    }
}