{
    "counter": {
        "ACTIVE": 304,
        "INACTIVE": 1,
        "INVALID": 0,
        "MALICIOUS": 0,
        "SANE": 0,
        "VALID": 0,
        "total": 305
    },
    "percentage": {
        "ACTIVE": 99.67213114754098,
        "INACTIVE": 0.4166666666666667,
        "INVALID": 0,
        "MALICIOUS": 0,
        "SANE": 0,
        "VALID": 0,
        "total": 100.08879781420765
    }
}