{
    "counter": {
        "ACTIVE": 2161,
        "INACTIVE": 5,
        "INVALID": 0,
        "MALICIOUS": 0,
        "SANE": 0,
        "VALID": 0,
        "total": 2166
    },
    "percentage": {
        "ACTIVE": 99.7691597414589,
        "INACTIVE": 0.27624309392265195,
        "INVALID": 0,
        "MALICIOUS": 0,
        "SANE": 0,
        "VALID": 0,
        "total": 100.04540283538157
    }
}