{
    "counter": {
        "ACTIVE": 1631,
        "INACTIVE": 4,
        "INVALID": 0,
        "MALICIOUS": 0,
        "SANE": 0,
        "VALID": 0,
        "total": 1635
    },
    "percentage": {
        "ACTIVE": 99.75535168195718,
        "INACTIVE": 0.2881844380403458,
        "INVALID": 0,
        "MALICIOUS": 0,
        "SANE": 0,
        "VALID": 0,
        "total": 100.04353611999753
    }
}