{
    "counter": {
        "ACTIVE": 390,
        "INACTIVE": 2,
        "INVALID": 0,
        "MALICIOUS": 0,
        "SANE": 0,
        "VALID": 0,
        "total": 392
    },
    "percentage": {
        "ACTIVE": 99.48979591836735,
        "INACTIVE": 0.5449591280653951,
        "INVALID": 0,
        "MALICIOUS": 0,
        "SANE": 0,
        "VALID": 0,
        "total": 100.03475504643275
    }
}