{
    "counter": {
        "ACTIVE": 1978,
        "INACTIVE": 1,
        "INVALID": 0,
        "MALICIOUS": 0,
        "SANE": 0,
        "VALID": 0,
        "total": 1979
    },
    "percentage": {
        "ACTIVE": 99.94946942900455,
        "INACTIVE": 0.11325028312570781,
        "INVALID": 0,
        "MALICIOUS": 0,
        "SANE": 0,
        "VALID": 0,
        "total": 100.06271971213026
    }
}