{
    "counter": {
        "ACTIVE": 215,
        "INACTIVE": 1,
        "INVALID": 0,
        "MALICIOUS": 0,
        "SANE": 0,
        "VALID": 0,
        "total": 216
    },
    "percentage": {
        "ACTIVE": 99.53703703703704,
        "INACTIVE": 2.6315789473684212,
        "INVALID": 0,
        "MALICIOUS": 0,
        "SANE": 0,
        "VALID": 0,
        "total": 102.16861598440546
    }
}