{
    "counter": {
        "ACTIVE": 1750,
        "INACTIVE": 3,
        "INVALID": 0,
        "MALICIOUS": 0,
        "SANE": 0,
        "VALID": 0,
        "total": 1753
    },
    "percentage": {
        "ACTIVE": 99.82886480319452,
        "INACTIVE": 0.2737226277372263,
        "INVALID": 0,
        "MALICIOUS": 0,
        "SANE": 0,
        "VALID": 0,
        "total": 100.10258743093175
    }
}