{
    "counter": {
        "ACTIVE": 958,
        "INACTIVE": 5,
        "INVALID": 0,
        "MALICIOUS": 0,
        "SANE": 0,
        "VALID": 0,
        "total": 963
    },
    "percentage": {
        "ACTIVE": 99.48078920041537,
        "INACTIVE": 0.5452562704471101,
        "INVALID": 0,
        "MALICIOUS": 0,
        "SANE": 0,
        "VALID": 0,
        "total": 100.02604547086248
    }
}