{
    "counter": {
        "ACTIVE": 885,
        "INACTIVE": 1,
        "INVALID": 0,
        "MALICIOUS": 0,
        "SANE": 0,
        "VALID": 0,
        "total": 886
    },
    "percentage": {
        "ACTIVE": 99.88713318284424,
        "INACTIVE": 0.12062726176115803,
        "INVALID": 0,
        "MALICIOUS": 0,
        "SANE": 0,
        "VALID": 0,
        "total": 100.0077604446054
    }
}