{
    "counter": {
        "ACTIVE": 1399,
        "INACTIVE": 3,
        "INVALID": 0,
        "MALICIOUS": 0,
        "SANE": 0,
        "VALID": 0,
        "total": 1402
    },
    "percentage": {
        "ACTIVE": 99.78601997146933,
        "INACTIVE": 0.297029702970297,
        "INVALID": 0,
        "MALICIOUS": 0,
        "SANE": 0,
        "VALID": 0,
        "total": 100.08304967443962
    }
}