{
    "counter": {
        "ACTIVE": 2111,
        "INACTIVE": 1,
        "INVALID": 0,
        "MALICIOUS": 0,
        "SANE": 0,
        "VALID": 0,
        "total": 2112
    },
    "percentage": {
        "ACTIVE": 99.95265151515152,
        "INACTIVE": 0.8130081300813008,
        "INVALID": 0,
        "MALICIOUS": 0,
        "SANE": 0,
        "VALID": 0,
        "total": 100.76565964523282
    }
}