{
    "counter": {
        "ACTIVE": 1420,
        "INACTIVE": 1,
        "INVALID": 0,
        "MALICIOUS": 0,
        "SANE": 0,
        "VALID": 0,
        "total": 1421
    },
    "percentage": {
        "ACTIVE": 99.92962702322308,
        "INACTIVE": 3.5714285714285716,
        "INVALID": 0,
        "MALICIOUS": 0,
        "SANE": 0,
        "VALID": 0,
        "total": 103.50105559465165
    }
}