{
    "counter": {
        "ACTIVE": 2187,
        "INACTIVE": 1,
        "INVALID": 0,
        "MALICIOUS": 0,
        "SANE": 0,
        "VALID": 0,
        "total": 2188
    },
    "percentage": {
        "ACTIVE": 99.95429616087752,
        "INACTIVE": 0.24390243902439024,
        "INVALID": 0,
        "MALICIOUS": 0,
        "SANE": 0,
        "VALID": 0,
        "total": 100.19819859990191
    }
}