{
    "counter": {
        "ACTIVE": 1401,
        "INACTIVE": 1,
        "INVALID": 0,
        "MALICIOUS": 0,
        "SANE": 0,
        "VALID": 0,
        "total": 1402
    },
    "percentage": {
        "ACTIVE": 99.9286733238231,
        "INACTIVE": 0.10152284263959391,
        "INVALID": 0,
        "MALICIOUS": 0,
        "SANE": 0,
        "VALID": 0,
        "total": 100.0301961664627
    }
}