{
    "counter": {
        "ACTIVE": 1927,
        "INACTIVE": 2,
        "INVALID": 0,
        "MALICIOUS": 0,
        "SANE": 0,
        "VALID": 0,
        "total": 1929
    },
    "percentage": {
        "ACTIVE": 99.89631933644375,
        "INACTIVE": 0.13183915622940012,
        "INVALID": 0,
        "MALICIOUS": 0,
        "SANE": 0,
        "VALID": 0,
        "total": 100.02815849267316
    }
}