{
    "counter": {
        "ACTIVE": 803,
        "INACTIVE": 1,
        "INVALID": 0,
        "MALICIOUS": 0,
        "SANE": 0,
        "VALID": 0,
        "total": 804
    },
    "percentage": {
        "ACTIVE": 99.87562189054727,
        "INACTIVE": 2.6315789473684212,
        "INVALID": 0,
        "MALICIOUS": 0,
        "SANE": 0,
        "VALID": 0,
        "total": 102.50720083791569
    }
}