{
    "counter": {
        "ACTIVE": 2280,
        "INACTIVE": 1,
        "INVALID": 0,
        "MALICIOUS": 0,
        "SANE": 0,
        "VALID": 0,
        "total": 2281
    },
    "percentage": {
        "ACTIVE": 99.95615957913196,
        "INACTIVE": 0.4048582995951417,
        "INVALID": 0,
        "MALICIOUS": 0,
        "SANE": 0,
        "VALID": 0,
        "total": 100.36101787872711
    }
}