{
    "counter": {
        "ACTIVE": 358,
        "INACTIVE": 1,
        "INVALID": 0,
        "MALICIOUS": 0,
        "SANE": 0,
        "VALID": 0,
        "total": 359
    },
    "percentage": {
        "ACTIVE": 99.72144846796657,
        "INACTIVE": 0.6493506493506493,
        "INVALID": 0,
        "MALICIOUS": 0,
        "SANE": 0,
        "VALID": 0,
        "total": 100.37079911731722
    }
}