{
    "counter": {
        "ACTIVE": 859,
        "INACTIVE": 2,
        "INVALID": 0,
        "MALICIOUS": 0,
        "SANE": 0,
        "VALID": 0,
        "total": 861
    },
    "percentage": {
        "ACTIVE": 99.76771196283391,
        "INACTIVE": 0.2484472049689441,
        "INVALID": 0,
        "MALICIOUS": 0,
        "SANE": 0,
        "VALID": 0,
        "total": 100.01615916780285
    }
}