{
    "counter": {
        "ACTIVE": 700,
        "INACTIVE": 1,
        "INVALID": 0,
        "MALICIOUS": 0,
        "SANE": 0,
        "VALID": 0,
        "total": 701
    },
    "percentage": {
        "ACTIVE": 99.85734664764622,
        "INACTIVE": 4.3478260869565215,
        "INVALID": 0,
        "MALICIOUS": 0,
        "SANE": 0,
        "VALID": 0,
        "total": 104.20517273460274
    }
}