{
    "counter": {
        "ACTIVE": 1836,
        "INACTIVE": 5,
        "INVALID": 0,
        "MALICIOUS": 0,
        "SANE": 0,
        "VALID": 0,
        "total": 1841
    },
    "percentage": {
        "ACTIVE": 99.72840847365562,
        "INACTIVE": 0.2913752913752914,
        "INVALID": 0,
        "MALICIOUS": 0,
        "SANE": 0,
        "VALID": 0,
        "total": 100.01978376503091
    }
}