{
    "counter": {
        "ACTIVE": 2300,
        "INACTIVE": 25,
        "INVALID": 0,
        "MALICIOUS": 0,
        "SANE": 0,
        "VALID": 0,
        "total": 2325
    },
    "percentage": {
        "ACTIVE": 98.9247311827957,
        "INACTIVE": 1.1096316023080337,
        "INVALID": 0,
        "MALICIOUS": 0,
        "SANE": 0,
        "VALID": 0,
        "total": 100.03436278510372
    }
}