{
    "counter": {
        "ACTIVE": 2716,
        "INACTIVE": 3,
        "INVALID": 0,
        "MALICIOUS": 0,
        "SANE": 0,
        "VALID": 0,
        "total": 2719
    },
    "percentage": {
        "ACTIVE": 99.88966531813166,
        "INACTIVE": 0.7633587786259542,
        "INVALID": 0,
        "MALICIOUS": 0,
        "SANE": 0,
        "VALID": 0,
        "total": 100.65302409675762
    }
}