{
    "counter": {
        "ACTIVE": 1889,
        "INACTIVE": 3,
        "INVALID": 0,
        "MALICIOUS": 0,
        "SANE": 0,
        "VALID": 0,
        "total": 1892
    },
    "percentage": {
        "ACTIVE": 99.84143763213531,
        "INACTIVE": 0.20066889632107024,
        "INVALID": 0,
        "MALICIOUS": 0,
        "SANE": 0,
        "VALID": 0,
        "total": 100.04210652845639
    }
}