{
    "counter": {
        "ACTIVE": 516,
        "INACTIVE": 1,
        "INVALID": 0,
        "MALICIOUS": 0,
        "SANE": 0,
        "VALID": 0,
        "total": 517
    },
    "percentage": {
        "ACTIVE": 99.80657640232108,
        "INACTIVE": 0.21929824561403508,
        "INVALID": 0,
        "MALICIOUS": 0,
        "SANE": 0,
        "VALID": 0,
        "total": 100.02587464793513
    }
}