{
    "counter": {
        "ACTIVE": 2339,
        "INACTIVE": 2,
        "INVALID": 0,
        "MALICIOUS": 0,
        "SANE": 0,
        "VALID": 0,
        "total": 2341
    },
    "percentage": {
        "ACTIVE": 99.91456642460487,
        "INACTIVE": 0.11827321111768184,
        "INVALID": 0,
        "MALICIOUS": 0,
        "SANE": 0,
        "VALID": 0,
        "total": 100.03283963572255
    }
}