{
    "counter": {
        "ACTIVE": 3112,
        "INACTIVE": 1,
        "INVALID": 0,
        "MALICIOUS": 0,
        "SANE": 0,
        "VALID": 0,
        "total": 3113
    },
    "percentage": {
        "ACTIVE": 99.96787664632187,
        "INACTIVE": 0.032123353678123995,
        "INVALID": 0.0,
        "MALICIOUS": 0.0,
        "SANE": 0.0,
        "VALID": 0.0,
        "total": 100.0
    }
}