{
    "counter": {
        "ACTIVE": 2838,
        "INACTIVE": 3,
        "INVALID": 0,
        "MALICIOUS": 0,
        "SANE": 0,
        "VALID": 0,
        "total": 2841
    },
    "percentage": {
        "ACTIVE": 99.89440337909187,
        "INACTIVE": 0.11755485893416928,
        "INVALID": 0,
        "MALICIOUS": 0,
        "SANE": 0,
        "VALID": 0,
        "total": 100.01195823802604
    }
}