{
    "counter": {
        "ACTIVE": 1797,
        "INACTIVE": 1,
        "INVALID": 0,
        "MALICIOUS": 0,
        "SANE": 0,
        "VALID": 0,
        "total": 1798
    },
    "percentage": {
        "ACTIVE": 99.94438264738598,
        "INACTIVE": 0.09505703422053231,
        "INVALID": 0,
        "MALICIOUS": 0,
        "SANE": 0,
        "VALID": 0,
        "total": 100.03943968160651
    }
}