{
    "counter": {
        "ACTIVE": 714,
        "INACTIVE": 1,
        "INVALID": 0,
        "MALICIOUS": 0,
        "SANE": 0,
        "VALID": 0,
        "total": 715
    },
    "percentage": {
        "ACTIVE": 99.86013986013987,
        "INACTIVE": 0.2638522427440633,
        "INVALID": 0,
        "MALICIOUS": 0,
        "SANE": 0,
        "VALID": 0,
        "total": 100.12399210288393
    }
}