{
    "counter": {
        "ACTIVE": 314,
        "INACTIVE": 1,
        "INVALID": 0,
        "MALICIOUS": 0,
        "SANE": 0,
        "VALID": 0,
        "total": 315
    },
    "percentage": {
        "ACTIVE": 99.68253968253968,
        "INACTIVE": 0.8547008547008547,
        "INVALID": 0,
        "MALICIOUS": 0,
        "SANE": 0,
        "VALID": 0,
        "total": 100.53724053724054
    }
}