{
    "counter": {
        "ACTIVE": 514,
        "INACTIVE": 1,
        "INVALID": 0,
        "MALICIOUS": 0,
        "SANE": 0,
        "VALID": 0,
        "total": 515
    },
    "percentage": {
        "ACTIVE": 99.80582524271844,
        "INACTIVE": 0.2347417840375587,
        "INVALID": 0,
        "MALICIOUS": 0,
        "SANE": 0,
        "VALID": 0,
        "total": 100.040567026756
    }
}