{
    "counter": {
        "ACTIVE": 1195,
        "INACTIVE": 2,
        "INVALID": 0,
        "MALICIOUS": 0,
        "SANE": 0,
        "VALID": 0,
        "total": 1197
    },
    "percentage": {
        "ACTIVE": 99.83291562238931,
        "INACTIVE": 0.176056338028169,
        "INVALID": 0,
        "MALICIOUS": 0,
        "SANE": 0,
        "VALID": 0,
        "total": 100.00897196041748
    }
}