{
    "counter": {
        "ACTIVE": 1854,
        "INACTIVE": 4,
        "INVALID": 0,
        "MALICIOUS": 0,
        "SANE": 0,
        "VALID": 0,
        "total": 1858
    },
    "percentage": {
        "ACTIVE": 99.78471474703983,
        "INACTIVE": 0.2484472049689441,
        "INVALID": 0,
        "MALICIOUS": 0,
        "SANE": 0,
        "VALID": 0,
        "total": 100.03316195200877
    }
}