{
    "counter": {
        "ACTIVE": 1324,
        "INACTIVE": 3,
        "INVALID": 0,
        "MALICIOUS": 0,
        "SANE": 0,
        "VALID": 0,
        "total": 1327
    },
    "percentage": {
        "ACTIVE": 99.77392614920875,
        "INACTIVE": 0.2523128679562658,
        "INVALID": 0,
        "MALICIOUS": 0,
        "SANE": 0,
        "VALID": 0,
        "total": 100.02623901716501
    }
}