{
    "counter": {
        "ACTIVE": 3190,
        "INACTIVE": 3,
        "INVALID": 0,
        "MALICIOUS": 0,
        "SANE": 0,
        "VALID": 0,
        "total": 3193
    },
    "percentage": {
        "ACTIVE": 99.90604447228311,
        "INACTIVE": 0.10438413361169102,
        "INVALID": 0,
        "MALICIOUS": 0,
        "SANE": 0,
        "VALID": 0,
        "total": 100.0104286058948
    }
}