{
    "counter": {
        "ACTIVE": 2176,
        "INACTIVE": 1,
        "INVALID": 0,
        "MALICIOUS": 0,
        "SANE": 0,
        "VALID": 0,
        "total": 2177
    },
    "percentage": {
        "ACTIVE": 99.95406522737713,
        "INACTIVE": 2.2222222222222223,
        "INVALID": 0,
        "MALICIOUS": 0,
        "SANE": 0,
        "VALID": 0,
        "total": 102.17628744959936
    }
}