{
    "counter": {
        "ACTIVE": 313,
        "INACTIVE": 1,
        "INVALID": 0,
        "MALICIOUS": 0,
        "SANE": 0,
        "VALID": 0,
        "total": 314
    },
    "percentage": {
        "ACTIVE": 99.68152866242038,
        "INACTIVE": 0.8695652173913043,
        "INVALID": 0,
        "MALICIOUS": 0,
        "SANE": 0,
        "VALID": 0,
        "total": 100.55109387981167
    }
}