{
    "counter": {
        "ACTIVE": 1739,
        "INACTIVE": 1,
        "INVALID": 0,
        "MALICIOUS": 0,
        "SANE": 0,
        "VALID": 0,
        "total": 1740
    },
    "percentage": {
        "ACTIVE": 99.94252873563218,
        "INACTIVE": 0.07127583749109052,
        "INVALID": 0,
        "MALICIOUS": 0,
        "SANE": 0,
        "VALID": 0,
        "total": 100.01380457312327
    }
}