{
    "counter": {
        "ACTIVE": 1650,
        "INACTIVE": 1,
        "INVALID": 0,
        "MALICIOUS": 0,
        "SANE": 0,
        "VALID": 0,
        "total": 1651
    },
    "percentage": {
        "ACTIVE": 99.93943064809207,
        "INACTIVE": 0.2570694087403599,
        "INVALID": 0,
        "MALICIOUS": 0,
        "SANE": 0,
        "VALID": 0,
        "total": 100.19650005683243
    }
}