{
    "counter": {
        "ACTIVE": 1321,
        "INACTIVE": 1,
        "INVALID": 0,
        "MALICIOUS": 0,
        "SANE": 0,
        "VALID": 0,
        "total": 1322
    },
    "percentage": {
        "ACTIVE": 99.92435703479576,
        "INACTIVE": 0.17452006980802792,
        "INVALID": 0,
        "MALICIOUS": 0,
        "SANE": 0,
        "VALID": 0,
        "total": 100.09887710460379
    }
}