{
    "counter": {
        "ACTIVE": 191,
        "INACTIVE": 1,
        "INVALID": 0,
        "MALICIOUS": 0,
        "SANE": 0,
        "VALID": 0,
        "total": 192
    },
    "percentage": {
        "ACTIVE": 99.47916666666667,
        "INACTIVE": 1.3157894736842106,
        "INVALID": 0,
        "MALICIOUS": 0,
        "SANE": 0,
        "VALID": 0,
        "total": 100.79495614035088
    }
}