{
    "counter": {
        "ACTIVE": 1507,
        "INACTIVE": 1,
        "INVALID": 0,
        "MALICIOUS": 0,
        "SANE": 0,
        "VALID": 0,
        "total": 1508
    },
    "percentage": {
        "ACTIVE": 99.93368700265252,
        "INACTIVE": 0.11173184357541899,
        "INVALID": 0,
        "MALICIOUS": 0,
        "SANE": 0,
        "VALID": 0,
        "total": 100.04541884622793
    }
}