{
    "counter": {
        "ACTIVE": 872,
        "INACTIVE": 1,
        "INVALID": 0,
        "MALICIOUS": 0,
        "SANE": 0,
        "VALID": 0,
        "total": 873
    },
    "percentage": {
        "ACTIVE": 99.88545246277205,
        "INACTIVE": 0.5181347150259067,
        "INVALID": 0,
        "MALICIOUS": 0,
        "SANE": 0,
        "VALID": 0,
        "total": 100.40358717779796
    }
}