{
    "counter": {
        "ACTIVE": 2100,
        "INACTIVE": 3,
        "INVALID": 0,
        "MALICIOUS": 0,
        "SANE": 0,
        "VALID": 0,
        "total": 2103
    },
    "percentage": {
        "ACTIVE": 99.85734664764622,
        "INACTIVE": 0.17482517482517482,
        "INVALID": 0,
        "MALICIOUS": 0,
        "SANE": 0,
        "VALID": 0,
        "total": 100.0321718224714
    }
}