{
    "counter": {
        "ACTIVE": 2347,
        "INACTIVE": 4,
        "INVALID": 0,
        "MALICIOUS": 0,
        "SANE": 0,
        "VALID": 0,
        "total": 2351
    },
    "percentage": {
        "ACTIVE": 99.82985963419821,
        "INACTIVE": 0.2331002331002331,
        "INVALID": 0,
        "MALICIOUS": 0,
        "SANE": 0,
        "VALID": 0,
        "total": 100.06295986729845
    }
}