{
    "counter": {
        "ACTIVE": 693,
        "INACTIVE": 4,
        "INVALID": 0,
        "MALICIOUS": 0,
        "SANE": 0,
        "VALID": 0,
        "total": 697
    },
    "percentage": {
        "ACTIVE": 99.4261119081779,
        "INACTIVE": 0.8403361344537815,
        "INVALID": 0,
        "MALICIOUS": 0,
        "SANE": 0,
        "VALID": 0,
        "total": 100.26644804263168
    }
}