{
    "counter": {
        "ACTIVE": 2235,
        "INACTIVE": 1,
        "INVALID": 0,
        "MALICIOUS": 0,
        "SANE": 0,
        "VALID": 0,
        "total": 2236
    },
    "percentage": {
        "ACTIVE": 99.95527728085868,
        "INACTIVE": 0.5555555555555556,
        "INVALID": 0,
        "MALICIOUS": 0,
        "SANE": 0,
        "VALID": 0,
        "total": 100.51083283641424
    }
}