{
    "counter": {
        "ACTIVE": 692,
        "INACTIVE": 2,
        "INVALID": 0,
        "MALICIOUS": 0,
        "SANE": 0,
        "VALID": 0,
        "total": 694
    },
    "percentage": {
        "ACTIVE": 99.71181556195965,
        "INACTIVE": 0.47058823529411764,
        "INVALID": 0,
        "MALICIOUS": 0,
        "SANE": 0,
        "VALID": 0,
        "total": 100.18240379725377
    }
}