{
    "counter": {
        "ACTIVE": 516,
        "INACTIVE": 1,
        "INVALID": 0,
        "MALICIOUS": 0,
        "SANE": 0,
        "VALID": 0,
        "total": 517
    },
    "percentage": {
        "ACTIVE": 99.80657640232108,
        "INACTIVE": 0.8333333333333334,
        "INVALID": 0,
        "MALICIOUS": 0,
        "SANE": 0,
        "VALID": 0,
        "total": 100.63990973565441
    }
}