{
    "counter": {
        "ACTIVE": 1073,
        "INACTIVE": 1,
        "INVALID": 0,
        "MALICIOUS": 0,
        "SANE": 0,
        "VALID": 0,
        "total": 1074
    },
    "percentage": {
        "ACTIVE": 99.90689013035382,
        "INACTIVE": 2.7777777777777777,
        "INVALID": 0,
        "MALICIOUS": 0,
        "SANE": 0,
        "VALID": 0,
        "total": 102.68466790813159
    }
}