{
    "counter": {
        "ACTIVE": 1874,
        "INACTIVE": 3,
        "INVALID": 0,
        "MALICIOUS": 0,
        "SANE": 0,
        "VALID": 0,
        "total": 1877
    },
    "percentage": {
        "ACTIVE": 99.8401704848162,
        "INACTIVE": 0.1841620626151013,
        "INVALID": 0,
        "MALICIOUS": 0,
        "SANE": 0,
        "VALID": 0,
        "total": 100.0243325474313
    }
}