{
    "counter": {
        "ACTIVE": 2194,
        "INACTIVE": 1,
        "INVALID": 0,
        "MALICIOUS": 0,
        "SANE": 0,
        "VALID": 0,
        "total": 2195
    },
    "percentage": {
        "ACTIVE": 99.95444191343964,
        "INACTIVE": 1.694915254237288,
        "INVALID": 0,
        "MALICIOUS": 0,
        "SANE": 0,
        "VALID": 0,
        "total": 101.64935716767692
    }
}