{
    "counter": {
        "ACTIVE": 1700,
        "INACTIVE": 4,
        "INVALID": 0,
        "MALICIOUS": 0,
        "SANE": 0,
        "VALID": 0,
        "total": 1704
    },
    "percentage": {
        "ACTIVE": 99.76525821596245,
        "INACTIVE": 0.2357100766057749,
        "INVALID": 0,
        "MALICIOUS": 0,
        "SANE": 0,
        "VALID": 0,
        "total": 100.00096829256822
    }
}