{
    "counter": {
        "ACTIVE": 1070,
        "INACTIVE": 1,
        "INVALID": 0,
        "MALICIOUS": 0,
        "SANE": 0,
        "VALID": 0,
        "total": 1071
    },
    "percentage": {
        "ACTIVE": 99.90662931839402,
        "INACTIVE": 0.5813953488372093,
        "INVALID": 0,
        "MALICIOUS": 0,
        "SANE": 0,
        "VALID": 0,
        "total": 100.48802466723123
    }
}