{
    "counter": {
        "ACTIVE": 1671,
        "INACTIVE": 1,
        "INVALID": 0,
        "MALICIOUS": 0,
        "SANE": 0,
        "VALID": 0,
        "total": 1672
    },
    "percentage": {
        "ACTIVE": 99.9401913875598,
        "INACTIVE": 0.0700770847932726,
        "INVALID": 0,
        "MALICIOUS": 0,
        "SANE": 0,
        "VALID": 0,
        "total": 100.01026847235308
    }
}