{
    "counter": {
        "ACTIVE": 2051,
        "INACTIVE": 1,
        "INVALID": 0,
        "MALICIOUS": 0,
        "SANE": 0,
        "VALID": 0,
        "total": 2052
    },
    "percentage": {
        "ACTIVE": 99.95126705653021,
        "INACTIVE": 0.07923930269413629,
        "INVALID": 0,
        "MALICIOUS": 0,
        "SANE": 0,
        "VALID": 0,
        "total": 100.03050635922435
    }
}