{
    "counter": {
        "ACTIVE": 1569,
        "INACTIVE": 1,
        "INVALID": 0,
        "MALICIOUS": 0,
        "SANE": 0,
        "VALID": 0,
        "total": 1570
    },
    "percentage": {
        "ACTIVE": 99.93630573248407,
        "INACTIVE": 0.12690355329949238,
        "INVALID": 0,
        "MALICIOUS": 0,
        "SANE": 0,
        "VALID": 0,
        "total": 100.06320928578357
    }
}