{
    "counter": {
        "ACTIVE": 2660,
        "INACTIVE": 1,
        "INVALID": 0,
        "MALICIOUS": 0,
        "SANE": 0,
        "VALID": 0,
        "total": 2661
    },
    "percentage": {
        "ACTIVE": 99.96242014280345,
        "INACTIVE": 0.039603960396039604,
        "INVALID": 0,
        "MALICIOUS": 0,
        "SANE": 0,
        "VALID": 0,
        "total": 100.00202410319949
    }
}