{
    "counter": {
        "ACTIVE": 3510,
        "INACTIVE": 1,
        "INVALID": 0,
        "MALICIOUS": 0,
        "SANE": 0,
        "VALID": 0,
        "total": 3511
    },
    "percentage": {
        "ACTIVE": 99.97151808601538,
        "INACTIVE": 0.5291005291005291,
        "INVALID": 0,
        "MALICIOUS": 0,
        "SANE": 0,
        "VALID": 0,
        "total": 100.50061861511591
    }
}