{
    "counter": {
        "ACTIVE": 1406,
        "INACTIVE": 5,
        "INVALID": 0,
        "MALICIOUS": 0,
        "SANE": 0,
        "VALID": 0,
        "total": 1411
    },
    "percentage": {
        "ACTIVE": 99.64564138908575,
        "INACTIVE": 0.3566333808844508,
        "INVALID": 0,
        "MALICIOUS": 0,
        "SANE": 0,
        "VALID": 0,
        "total": 100.0022747699702
    }
}