{
    "counter": {
        "ACTIVE": 1037,
        "INACTIVE": 2,
        "INVALID": 0,
        "MALICIOUS": 0,
        "SANE": 0,
        "VALID": 0,
        "total": 1039
    },
    "percentage": {
        "ACTIVE": 99.8075072184793,
        "INACTIVE": 1.3157894736842106,
        "INVALID": 0,
        "MALICIOUS": 0,
        "SANE": 0,
        "VALID": 0,
        "total": 101.1232966921635
    }
}