{
    "counter": {
        "ACTIVE": 1367,
        "INACTIVE": 3,
        "INVALID": 0,
        "MALICIOUS": 0,
        "SANE": 0,
        "VALID": 0,
        "total": 1370
    },
    "percentage": {
        "ACTIVE": 99.78102189781022,
        "INACTIVE": 0.4032258064516129,
        "INVALID": 0,
        "MALICIOUS": 0,
        "SANE": 0,
        "VALID": 0,
        "total": 100.18424770426184
    }
}