{
    "counter": {
        "ACTIVE": 1832,
        "INACTIVE": 4,
        "INVALID": 0,
        "MALICIOUS": 0,
        "SANE": 0,
        "VALID": 0,
        "total": 1836
    },
    "percentage": {
        "ACTIVE": 99.78213507625273,
        "INACTIVE": 0.26195153896529144,
        "INVALID": 0,
        "MALICIOUS": 0,
        "SANE": 0,
        "VALID": 0,
        "total": 100.04408661521802
    }
}