{
    "counter": {
        "ACTIVE": 4221,
        "INACTIVE": 20,
        "INVALID": 0,
        "MALICIOUS": 0,
        "SANE": 0,
        "VALID": 0,
        "total": 4241
    },
    "percentage": {
        "ACTIVE": 99.52841311011554,
        "INACTIVE": 0.47158688988446124,
        "INVALID": 0.0,
        "MALICIOUS": 0.0,
        "SANE": 0.0,
        "VALID": 0.0,
        "total": 100.0
    }
}