{
    "counter": {
        "ACTIVE": 3856,
        "INACTIVE": 1,
        "INVALID": 0,
        "MALICIOUS": 0,
        "SANE": 0,
        "VALID": 0,
        "total": 3857
    },
    "percentage": {
        "ACTIVE": 99.97407311381903,
        "INACTIVE": 0.025926886180969666,
        "INVALID": 0.0,
        "MALICIOUS": 0.0,
        "SANE": 0.0,
        "VALID": 0.0,
        "total": 100.0
    }
}