{
    "counter": {
        "ACTIVE": 2222,
        "INACTIVE": 2,
        "INVALID": 0,
        "MALICIOUS": 0,
        "SANE": 0,
        "VALID": 0,
        "total": 2224
    },
    "percentage": {
        "ACTIVE": 99.91007194244604,
        "INACTIVE": 0.12345679012345678,
        "INVALID": 0,
        "MALICIOUS": 0,
        "SANE": 0,
        "VALID": 0,
        "total": 100.0335287325695
    }
}