{
    "counter": {
        "ACTIVE": 1722,
        "INACTIVE": 3,
        "INVALID": 0,
        "MALICIOUS": 0,
        "SANE": 0,
        "VALID": 0,
        "total": 1725
    },
    "percentage": {
        "ACTIVE": 99.82608695652173,
        "INACTIVE": 0.22796352583586627,
        "INVALID": 0,
        "MALICIOUS": 0,
        "SANE": 0,
        "VALID": 0,
        "total": 100.0540504823576
    }
}