{
    "counter": {
        "ACTIVE": 714,
        "INACTIVE": 1,
        "INVALID": 0,
        "MALICIOUS": 0,
        "SANE": 0,
        "VALID": 0,
        "total": 715
    },
    "percentage": {
        "ACTIVE": 99.86013986013987,
        "INACTIVE": 1.694915254237288,
        "INVALID": 0,
        "MALICIOUS": 0,
        "SANE": 0,
        "VALID": 0,
        "total": 101.55505511437715
    }
}