{
    "counter": {
        "ACTIVE": 862,
        "INACTIVE": 7,
        "INVALID": 0,
        "MALICIOUS": 0,
        "SANE": 0,
        "VALID": 0,
        "total": 869
    },
    "percentage": {
        "ACTIVE": 99.19447640966628,
        "INACTIVE": 1.0204081632653061,
        "INVALID": 0,
        "MALICIOUS": 0,
        "SANE": 0,
        "VALID": 0,
        "total": 100.21488457293158
    }
}