{
    "counter": {
        "ACTIVE": 1378,
        "INACTIVE": 1,
        "INVALID": 0,
        "MALICIOUS": 0,
        "SANE": 0,
        "VALID": 0,
        "total": 1379
    },
    "percentage": {
        "ACTIVE": 99.92748368382887,
        "INACTIVE": 0.4975124378109453,
        "INVALID": 0,
        "MALICIOUS": 0,
        "SANE": 0,
        "VALID": 0,
        "total": 100.42499612163981
    }
}