{
    "counter": {
        "ACTIVE": 1523,
        "INACTIVE": 3,
        "INVALID": 0,
        "MALICIOUS": 0,
        "SANE": 0,
        "VALID": 0,
        "total": 1526
    },
    "percentage": {
        "ACTIVE": 99.80340760157274,
        "INACTIVE": 0.702576112412178,
        "INVALID": 0,
        "MALICIOUS": 0,
        "SANE": 0,
        "VALID": 0,
        "total": 100.50598371398492
    }
}