{
    "counter": {
        "ACTIVE": 495,
        "INACTIVE": 2,
        "INVALID": 0,
        "MALICIOUS": 0,
        "SANE": 0,
        "VALID": 0,
        "total": 497
    },
    "percentage": {
        "ACTIVE": 99.59758551307847,
        "INACTIVE": 0.42462845010615713,
        "INVALID": 0,
        "MALICIOUS": 0,
        "SANE": 0,
        "VALID": 0,
        "total": 100.02221396318463
    }
}