{
    "counter": {
        "ACTIVE": 2543,
        "INACTIVE": 15,
        "INVALID": 0,
        "MALICIOUS": 0,
        "SANE": 0,
        "VALID": 0,
        "total": 2558
    },
    "percentage": {
        "ACTIVE": 99.41360437842064,
        "INACTIVE": 0.6861848124428179,
        "INVALID": 0,
        "MALICIOUS": 0,
        "SANE": 0,
        "VALID": 0,
        "total": 100.09978919086346
    }
}