{
    "counter": {
        "ACTIVE": 1647,
        "INACTIVE": 1,
        "INVALID": 0,
        "MALICIOUS": 0,
        "SANE": 0,
        "VALID": 0,
        "total": 1648
    },
    "percentage": {
        "ACTIVE": 99.93932038834951,
        "INACTIVE": 0.1251564455569462,
        "INVALID": 0,
        "MALICIOUS": 0,
        "SANE": 0,
        "VALID": 0,
        "total": 100.06447683390645
    }
}