{
    "counter": {
        "ACTIVE": 2057,
        "INACTIVE": 42,
        "INVALID": 1,
        "MALICIOUS": 0,
        "SANE": 0,
        "VALID": 0,
        "total": 2100
    },
    "percentage": {
        "ACTIVE": 97.95238095238095,
        "INACTIVE": 2.015355086372361,
        "INVALID": 0.04952947003467063,
        "MALICIOUS": 0,
        "SANE": 0,
        "VALID": 0,
        "total": 100.01726550878799
    }
}