{
    "counter": {
        "ACTIVE": 1394,
        "INACTIVE": 2,
        "INVALID": 0,
        "MALICIOUS": 0,
        "SANE": 0,
        "VALID": 0,
        "total": 1396
    },
    "percentage": {
        "ACTIVE": 99.8567335243553,
        "INACTIVE": 0.34071550255536626,
        "INVALID": 0,
        "MALICIOUS": 0,
        "SANE": 0,
        "VALID": 0,
        "total": 100.19744902691068
    }
}