{
    "counter": {
        "ACTIVE": 1198,
        "INACTIVE": 2,
        "INVALID": 0,
        "MALICIOUS": 0,
        "SANE": 0,
        "VALID": 0,
        "total": 1200
    },
    "percentage": {
        "ACTIVE": 99.83333333333333,
        "INACTIVE": 0.33003300330033003,
        "INVALID": 0,
        "MALICIOUS": 0,
        "SANE": 0,
        "VALID": 0,
        "total": 100.16336633663366
    }
}