{
    "counter": {
        "ACTIVE": 982,
        "INACTIVE": 2,
        "INVALID": 0,
        "MALICIOUS": 0,
        "SANE": 0,
        "VALID": 0,
        "total": 984
    },
    "percentage": {
        "ACTIVE": 99.79674796747967,
        "INACTIVE": 1.408450704225352,
        "INVALID": 0,
        "MALICIOUS": 0,
        "SANE": 0,
        "VALID": 0,
        "total": 101.20519867170503
    }
}