{
    "counter": {
        "ACTIVE": 645,
        "INACTIVE": 1,
        "INVALID": 0,
        "MALICIOUS": 0,
        "SANE": 0,
        "VALID": 0,
        "total": 646
    },
    "percentage": {
        "ACTIVE": 99.84520123839009,
        "INACTIVE": 0.2074688796680498,
        "INVALID": 0,
        "MALICIOUS": 0,
        "SANE": 0,
        "VALID": 0,
        "total": 100.05267011805815
    }
}