{
    "counter": {
        "ACTIVE": 381,
        "INACTIVE": 1,
        "INVALID": 0,
        "MALICIOUS": 0,
        "SANE": 0,
        "VALID": 0,
        "total": 382
    },
    "percentage": {
        "ACTIVE": 99.73821989528795,
        "INACTIVE": 0.2638522427440633,
        "INVALID": 0,
        "MALICIOUS": 0,
        "SANE": 0,
        "VALID": 0,
        "total": 100.00207213803202
    }
}