{
    "counter": {
        "ACTIVE": 1160,
        "INACTIVE": 2,
        "INVALID": 0,
        "MALICIOUS": 0,
        "SANE": 0,
        "VALID": 0,
        "total": 1162
    },
    "percentage": {
        "ACTIVE": 99.82788296041308,
        "INACTIVE": 0.3527336860670194,
        "INVALID": 0,
        "MALICIOUS": 0,
        "SANE": 0,
        "VALID": 0,
        "total": 100.1806166464801
    }
}