{
    "counter": {
        "ACTIVE": 2342,
        "INACTIVE": 3,
        "INVALID": 0,
        "MALICIOUS": 0,
        "SANE": 0,
        "VALID": 0,
        "total": 2345
    },
    "percentage": {
        "ACTIVE": 99.87206823027718,
        "INACTIVE": 0.19193857965451055,
        "INVALID": 0,
        "MALICIOUS": 0,
        "SANE": 0,
        "VALID": 0,
        "total": 100.06400680993168
    }
}