{
    "counter": {
        "ACTIVE": 1403,
        "INACTIVE": 2,
        "INVALID": 0,
        "MALICIOUS": 0,
        "SANE": 0,
        "VALID": 0,
        "total": 1405
    },
    "percentage": {
        "ACTIVE": 99.85765124555161,
        "INACTIVE": 0.25477707006369427,
        "INVALID": 0,
        "MALICIOUS": 0,
        "SANE": 0,
        "VALID": 0,
        "total": 100.1124283156153
    }
}