{
    "counter": {
        "ACTIVE": 1593,
        "INACTIVE": 1,
        "INVALID": 0,
        "MALICIOUS": 0,
        "SANE": 0,
        "VALID": 0,
        "total": 1594
    },
    "percentage": {
        "ACTIVE": 99.93726474278544,
        "INACTIVE": 0.07142857142857142,
        "INVALID": 0,
        "MALICIOUS": 0,
        "SANE": 0,
        "VALID": 0,
        "total": 100.00869331421401
    }
}