{
    "counter": {
        "ACTIVE": 2193,
        "INACTIVE": 1,
        "INVALID": 0,
        "MALICIOUS": 0,
        "SANE": 0,
        "VALID": 0,
        "total": 2194
    },
    "percentage": {
        "ACTIVE": 99.95442114858706,
        "INACTIVE": 0.04714757190004715,
        "INVALID": 0,
        "MALICIOUS": 0,
        "SANE": 0,
        "VALID": 0,
        "total": 100.0015687204871
    }
}