{
    "counter": {
        "ACTIVE": 332,
        "INACTIVE": 1,
        "INVALID": 0,
        "MALICIOUS": 0,
        "SANE": 0,
        "VALID": 0,
        "total": 333
    },
    "percentage": {
        "ACTIVE": 99.69969969969969,
        "INACTIVE": 0.36496350364963503,
        "INVALID": 0,
        "MALICIOUS": 0,
        "SANE": 0,
        "VALID": 0,
        "total": 100.06466320334933
    }
}