{
    "counter": {
        "ACTIVE": 1358,
        "INACTIVE": 2,
        "INVALID": 0,
        "MALICIOUS": 0,
        "SANE": 0,
        "VALID": 0,
        "total": 1360
    },
    "percentage": {
        "ACTIVE": 99.8529411764706,
        "INACTIVE": 0.17421602787456447,
        "INVALID": 0,
        "MALICIOUS": 0,
        "SANE": 0,
        "VALID": 0,
        "total": 100.02715720434516
    }
}