{
    "counter": {
        "ACTIVE": 1512,
        "INACTIVE": 2,
        "INVALID": 0,
        "MALICIOUS": 0,
        "SANE": 0,
        "VALID": 0,
        "total": 1514
    },
    "percentage": {
        "ACTIVE": 99.86789960369882,
        "INACTIVE": 1.1494252873563218,
        "INVALID": 0,
        "MALICIOUS": 0,
        "SANE": 0,
        "VALID": 0,
        "total": 101.01732489105514
    }
}