{
    "counter": {
        "ACTIVE": 703,
        "INACTIVE": 1,
        "INVALID": 0,
        "MALICIOUS": 0,
        "SANE": 0,
        "VALID": 0,
        "total": 704
    },
    "percentage": {
        "ACTIVE": 99.85795454545455,
        "INACTIVE": 0.6493506493506493,
        "INVALID": 0,
        "MALICIOUS": 0,
        "SANE": 0,
        "VALID": 0,
        "total": 100.5073051948052
    }
}