{
    "counter": {
        "ACTIVE": 2350,
        "INACTIVE": 7,
        "INVALID": 0,
        "MALICIOUS": 0,
        "SANE": 0,
        "VALID": 0,
        "total": 2357
    },
    "percentage": {
        "ACTIVE": 99.70301230377599,
        "INACTIVE": 0.29723991507430997,
        "INVALID": 0,
        "MALICIOUS": 0,
        "SANE": 0,
        "VALID": 0,
        "total": 100.0002522188503
    }
}