{
    "counter": {
        "ACTIVE": 1367,
        "INACTIVE": 2,
        "INVALID": 0,
        "MALICIOUS": 0,
        "SANE": 0,
        "VALID": 0,
        "total": 1369
    },
    "percentage": {
        "ACTIVE": 99.85390796201607,
        "INACTIVE": 0.176056338028169,
        "INVALID": 0,
        "MALICIOUS": 0,
        "SANE": 0,
        "VALID": 0,
        "total": 100.02996430004424
    }
}