{
    "counter": {
        "ACTIVE": 1586,
        "INACTIVE": 11,
        "INVALID": 0,
        "MALICIOUS": 0,
        "SANE": 0,
        "VALID": 0,
        "total": 1597
    },
    "percentage": {
        "ACTIVE": 99.31120851596744,
        "INACTIVE": 1.453104359313078,
        "INVALID": 0,
        "MALICIOUS": 0,
        "SANE": 0,
        "VALID": 0,
        "total": 100.76431287528051
    }
}