{
    "counter": {
        "ACTIVE": 3860,
        "INACTIVE": 1,
        "INVALID": 0,
        "MALICIOUS": 0,
        "SANE": 0,
        "VALID": 0,
        "total": 3861
    },
    "percentage": {
        "ACTIVE": 99.97409997409997,
        "INACTIVE": 0.4608294930875576,
        "INVALID": 0,
        "MALICIOUS": 0,
        "SANE": 0,
        "VALID": 0,
        "total": 100.43492946718753
    }
}