{
    "counter": {
        "ACTIVE": 1056,
        "INACTIVE": 4,
        "INVALID": 0,
        "MALICIOUS": 0,
        "SANE": 0,
        "VALID": 0,
        "total": 1060
    },
    "percentage": {
        "ACTIVE": 99.62264150943396,
        "INACTIVE": 0.40899795501022496,
        "INVALID": 0,
        "MALICIOUS": 0,
        "SANE": 0,
        "VALID": 0,
        "total": 100.03163946444418
    }
}