{
    "counter": {
        "ACTIVE": 2129,
        "INACTIVE": 5,
        "INVALID": 0,
        "MALICIOUS": 0,
        "SANE": 0,
        "VALID": 0,
        "total": 2134
    },
    "percentage": {
        "ACTIVE": 99.76569821930647,
        "INACTIVE": 0.2385496183206107,
        "INVALID": 0,
        "MALICIOUS": 0,
        "SANE": 0,
        "VALID": 0,
        "total": 100.00424783762708
    }
}