{
    "counter": {
        "ACTIVE": 1978,
        "INACTIVE": 2,
        "INVALID": 0,
        "MALICIOUS": 0,
        "SANE": 0,
        "VALID": 0,
        "total": 1980
    },
    "percentage": {
        "ACTIVE": 99.8989898989899,
        "INACTIVE": 0.2484472049689441,
        "INVALID": 0,
        "MALICIOUS": 0,
        "SANE": 0,
        "VALID": 0,
        "total": 100.14743710395884
    }
}