{
    "counter": {
        "ACTIVE": 885,
        "INACTIVE": 1,
        "INVALID": 0,
        "MALICIOUS": 0,
        "SANE": 0,
        "VALID": 0,
        "total": 886
    },
    "percentage": {
        "ACTIVE": 99.88713318284424,
        "INACTIVE": 0.2638522427440633,
        "INVALID": 0,
        "MALICIOUS": 0,
        "SANE": 0,
        "VALID": 0,
        "total": 100.1509854255883
    }
}