{
    "counter": {
        "ACTIVE": 1951,
        "INACTIVE": 5,
        "INVALID": 0,
        "MALICIOUS": 0,
        "SANE": 0,
        "VALID": 0,
        "total": 1956
    },
    "percentage": {
        "ACTIVE": 99.74437627811861,
        "INACTIVE": 0.29222676797194624,
        "INVALID": 0,
        "MALICIOUS": 0,
        "SANE": 0,
        "VALID": 0,
        "total": 100.03660304609055
    }
}