{
    "counter": {
        "ACTIVE": 1939,
        "INACTIVE": 3,
        "INVALID": 0,
        "MALICIOUS": 0,
        "SANE": 0,
        "VALID": 0,
        "total": 1942
    },
    "percentage": {
        "ACTIVE": 99.84552008238929,
        "INACTIVE": 0.21261516654854712,
        "INVALID": 0,
        "MALICIOUS": 0,
        "SANE": 0,
        "VALID": 0,
        "total": 100.05813524893783
    }
}