{
    "counter": {
        "ACTIVE": 1063,
        "INACTIVE": 1,
        "INVALID": 0,
        "MALICIOUS": 0,
        "SANE": 0,
        "VALID": 0,
        "total": 1064
    },
    "percentage": {
        "ACTIVE": 99.90601503759399,
        "INACTIVE": 1.7543859649122806,
        "INVALID": 0,
        "MALICIOUS": 0,
        "SANE": 0,
        "VALID": 0,
        "total": 101.66040100250626
    }
}