{
    "counter": {
        "ACTIVE": 190,
        "INACTIVE": 2,
        "INVALID": 0,
        "MALICIOUS": 0,
        "SANE": 0,
        "VALID": 0,
        "total": 192
    },
    "percentage": {
        "ACTIVE": 98.95833333333333,
        "INACTIVE": 1.5384615384615385,
        "INVALID": 0,
        "MALICIOUS": 0,
        "SANE": 0,
        "VALID": 0,
        "total": 100.49679487179486
    }
}