{
    "counter": {
        "ACTIVE": 2098,
        "INACTIVE": 1,
        "INVALID": 0,
        "MALICIOUS": 0,
        "SANE": 0,
        "VALID": 0,
        "total": 2099
    },
    "percentage": {
        "ACTIVE": 99.95235826584087,
        "INACTIVE": 0.47393364928909953,
        "INVALID": 0,
        "MALICIOUS": 0,
        "SANE": 0,
        "VALID": 0,
        "total": 100.42629191512997
    }
}