{
    "counter": {
        "ACTIVE": 1381,
        "INACTIVE": 16,
        "INVALID": 0,
        "MALICIOUS": 0,
        "SANE": 0,
        "VALID": 0,
        "total": 1397
    },
    "percentage": {
        "ACTIVE": 98.85468861846815,
        "INACTIVE": 3.9215686274509802,
        "INVALID": 0,
        "MALICIOUS": 0,
        "SANE": 0,
        "VALID": 0,
        "total": 102.77625724591913
    }
}