{
    "counter": {
        "ACTIVE": 348,
        "INACTIVE": 1,
        "INVALID": 0,
        "MALICIOUS": 0,
        "SANE": 0,
        "VALID": 0,
        "total": 349
    },
    "percentage": {
        "ACTIVE": 99.7134670487106,
        "INACTIVE": 1.9230769230769231,
        "INVALID": 0,
        "MALICIOUS": 0,
        "SANE": 0,
        "VALID": 0,
        "total": 101.63654397178752
    }
}