{
    "counter": {
        "ACTIVE": 876,
        "INACTIVE": 1,
        "INVALID": 0,
        "MALICIOUS": 0,
        "SANE": 0,
        "VALID": 0,
        "total": 877
    },
    "percentage": {
        "ACTIVE": 99.88597491448118,
        "INACTIVE": 0.2364066193853428,
        "INVALID": 0,
        "MALICIOUS": 0,
        "SANE": 0,
        "VALID": 0,
        "total": 100.12238153386653
    }
}