{
    "counter": {
        "ACTIVE": 2089,
        "INACTIVE": 1,
        "INVALID": 0,
        "MALICIOUS": 0,
        "SANE": 0,
        "VALID": 0,
        "total": 2090
    },
    "percentage": {
        "ACTIVE": 99.95215311004785,
        "INACTIVE": 1.075268817204301,
        "INVALID": 0,
        "MALICIOUS": 0,
        "SANE": 0,
        "VALID": 0,
        "total": 101.02742192725215
    }
}