{
    "counter": {
        "ACTIVE": 1763,
        "INACTIVE": 2,
        "INVALID": 0,
        "MALICIOUS": 0,
        "SANE": 0,
        "VALID": 0,
        "total": 1765
    },
    "percentage": {
        "ACTIVE": 99.88668555240793,
        "INACTIVE": 0.17543859649122806,
        "INVALID": 0,
        "MALICIOUS": 0,
        "SANE": 0,
        "VALID": 0,
        "total": 100.06212414889916
    }
}