{
    "counter": {
        "ACTIVE": 1902,
        "INACTIVE": 1,
        "INVALID": 0,
        "MALICIOUS": 0,
        "SANE": 0,
        "VALID": 0,
        "total": 1903
    },
    "percentage": {
        "ACTIVE": 99.9474513925381,
        "INACTIVE": 0.05350454788657036,
        "INVALID": 0,
        "MALICIOUS": 0,
        "SANE": 0,
        "VALID": 0,
        "total": 100.00095594042467
    }
}