{
    "counter": {
        "ACTIVE": 1996,
        "INACTIVE": 2,
        "INVALID": 0,
        "MALICIOUS": 0,
        "SANE": 0,
        "VALID": 0,
        "total": 1998
    },
    "percentage": {
        "ACTIVE": 99.89989989989989,
        "INACTIVE": 0.1218026796589525,
        "INVALID": 0,
        "MALICIOUS": 0,
        "SANE": 0,
        "VALID": 0,
        "total": 100.02170257955885
    }
}