{
    "counter": {
        "ACTIVE": 718,
        "INACTIVE": 2,
        "INVALID": 0,
        "MALICIOUS": 0,
        "SANE": 0,
        "VALID": 0,
        "total": 720
    },
    "percentage": {
        "ACTIVE": 99.72222222222223,
        "INACTIVE": 0.2932551319648094,
        "INVALID": 0,
        "MALICIOUS": 0,
        "SANE": 0,
        "VALID": 0,
        "total": 100.01547735418704
    }
}