{
    "counter": {
        "ACTIVE": 1709,
        "INACTIVE": 4,
        "INVALID": 0,
        "MALICIOUS": 0,
        "SANE": 0,
        "VALID": 0,
        "total": 1713
    },
    "percentage": {
        "ACTIVE": 99.76649153531815,
        "INACTIVE": 0.2425712553062462,
        "INVALID": 0,
        "MALICIOUS": 0,
        "SANE": 0,
        "VALID": 0,
        "total": 100.0090627906244
    }
}