{
    "counter": {
        "ACTIVE": 1583,
        "INACTIVE": 2,
        "INVALID": 0,
        "MALICIOUS": 0,
        "SANE": 0,
        "VALID": 0,
        "total": 1585
    },
    "percentage": {
        "ACTIVE": 99.87381703470031,
        "INACTIVE": 0.14903129657228018,
        "INVALID": 0,
        "MALICIOUS": 0,
        "SANE": 0,
        "VALID": 0,
        "total": 100.02284833127258
    }
}