{
    "counter": {
        "ACTIVE": 1365,
        "INACTIVE": 2,
        "INVALID": 0,
        "MALICIOUS": 0,
        "SANE": 0,
        "VALID": 0,
        "total": 1367
    },
    "percentage": {
        "ACTIVE": 99.85369422092172,
        "INACTIVE": 0.40899795501022496,
        "INVALID": 0,
        "MALICIOUS": 0,
        "SANE": 0,
        "VALID": 0,
        "total": 100.26269217593195
    }
}