{
    "counter": {
        "ACTIVE": 2170,
        "INACTIVE": 1,
        "INVALID": 0,
        "MALICIOUS": 0,
        "SANE": 0,
        "VALID": 0,
        "total": 2171
    },
    "percentage": {
        "ACTIVE": 99.95393827729157,
        "INACTIVE": 0.046061722708429294,
        "INVALID": 0.0,
        "MALICIOUS": 0.0,
        "SANE": 0.0,
        "VALID": 0.0,
        "total": 100.0
    }
}