{
    "counter": {
        "ACTIVE": 3190,
        "INACTIVE": 1,
        "INVALID": 0,
        "MALICIOUS": 0,
        "SANE": 0,
        "VALID": 0,
        "total": 3191
    },
    "percentage": {
        "ACTIVE": 99.96866186148543,
        "INACTIVE": 0.037565740045078885,
        "INVALID": 0,
        "MALICIOUS": 0,
        "SANE": 0,
        "VALID": 0,
        "total": 100.00622760153051
    }
}