{
    "counter": {
        "ACTIVE": 186,
        "INACTIVE": 1,
        "INVALID": 0,
        "MALICIOUS": 0,
        "SANE": 0,
        "VALID": 0,
        "total": 187
    },
    "percentage": {
        "ACTIVE": 99.46524064171123,
        "INACTIVE": 1.9607843137254901,
        "INVALID": 0,
        "MALICIOUS": 0,
        "SANE": 0,
        "VALID": 0,
        "total": 101.42602495543672
    }
}