{
    "counter": {
        "ACTIVE": 683,
        "INACTIVE": 3,
        "INVALID": 0,
        "MALICIOUS": 0,
        "SANE": 0,
        "VALID": 0,
        "total": 686
    },
    "percentage": {
        "ACTIVE": 99.56268221574344,
        "INACTIVE": 0.4665629860031104,
        "INVALID": 0,
        "MALICIOUS": 0,
        "SANE": 0,
        "VALID": 0,
        "total": 100.02924520174655
    }
}