{
    "counter": {
        "ACTIVE": 1309,
        "INACTIVE": 2,
        "INVALID": 0,
        "MALICIOUS": 0,
        "SANE": 0,
        "VALID": 0,
        "total": 1311
    },
    "percentage": {
        "ACTIVE": 99.84744469870328,
        "INACTIVE": 0.38461538461538464,
        "INVALID": 0,
        "MALICIOUS": 0,
        "SANE": 0,
        "VALID": 0,
        "total": 100.23206008331867
    }
}