{
    "counter": {
        "ACTIVE": 1314,
        "INACTIVE": 2,
        "INVALID": 0,
        "MALICIOUS": 0,
        "SANE": 0,
        "VALID": 0,
        "total": 1316
    },
    "percentage": {
        "ACTIVE": 99.84802431610942,
        "INACTIVE": 5.2631578947368425,
        "INVALID": 0,
        "MALICIOUS": 0,
        "SANE": 0,
        "VALID": 0,
        "total": 105.11118221084627
    }
}