{
    "counter": {
        "ACTIVE": 1868,
        "INACTIVE": 2,
        "INVALID": 0,
        "MALICIOUS": 0,
        "SANE": 0,
        "VALID": 0,
        "total": 1870
    },
    "percentage": {
        "ACTIVE": 99.89304812834224,
        "INACTIVE": 0.20639834881320948,
        "INVALID": 0,
        "MALICIOUS": 0,
        "SANE": 0,
        "VALID": 0,
        "total": 100.09944647715545
    }
}