{
    "counter": {
        "ACTIVE": 2806,
        "INACTIVE": 1,
        "INVALID": 0,
        "MALICIOUS": 0,
        "SANE": 0,
        "VALID": 0,
        "total": 2807
    },
    "percentage": {
        "ACTIVE": 99.96437477734236,
        "INACTIVE": 0.45662100456621,
        "INVALID": 0,
        "MALICIOUS": 0,
        "SANE": 0,
        "VALID": 0,
        "total": 100.42099578190857
    }
}