{
    "counter": {
        "ACTIVE": 1092,
        "INACTIVE": 3,
        "INVALID": 0,
        "MALICIOUS": 0,
        "SANE": 0,
        "VALID": 0,
        "total": 1095
    },
    "percentage": {
        "ACTIVE": 99.72602739726027,
        "INACTIVE": 0.3367003367003367,
        "INVALID": 0,
        "MALICIOUS": 0,
        "SANE": 0,
        "VALID": 0,
        "total": 100.0627277339606
    }
}