{
    "counter": {
        "ACTIVE": 1983,
        "INACTIVE": 4,
        "INVALID": 0,
        "MALICIOUS": 0,
        "SANE": 0,
        "VALID": 0,
        "total": 1987
    },
    "percentage": {
        "ACTIVE": 99.79869149471565,
        "INACTIVE": 0.27155465037338766,
        "INVALID": 0,
        "MALICIOUS": 0,
        "SANE": 0,
        "VALID": 0,
        "total": 100.07024614508904
    }
}