{
    "counter": {
        "ACTIVE": 980,
        "INACTIVE": 1,
        "INVALID": 0,
        "MALICIOUS": 0,
        "SANE": 0,
        "VALID": 0,
        "total": 981
    },
    "percentage": {
        "ACTIVE": 99.8980632008155,
        "INACTIVE": 0.16722408026755853,
        "INVALID": 0,
        "MALICIOUS": 0,
        "SANE": 0,
        "VALID": 0,
        "total": 100.06528728108306
    }
}