{
    "counter": {
        "ACTIVE": 2055,
        "INACTIVE": 1,
        "INVALID": 0,
        "MALICIOUS": 0,
        "SANE": 0,
        "VALID": 0,
        "total": 2056
    },
    "percentage": {
        "ACTIVE": 99.95136186770428,
        "INACTIVE": 1.1764705882352942,
        "INVALID": 0,
        "MALICIOUS": 0,
        "SANE": 0,
        "VALID": 0,
        "total": 101.12783245593957
    }
}