{
    "counter": {
        "ACTIVE": 2310,
        "INACTIVE": 7,
        "INVALID": 0,
        "MALICIOUS": 0,
        "SANE": 0,
        "VALID": 0,
        "total": 2317
    },
    "percentage": {
        "ACTIVE": 99.69788519637463,
        "INACTIVE": 0.31446540880503143,
        "INVALID": 0,
        "MALICIOUS": 0,
        "SANE": 0,
        "VALID": 0,
        "total": 100.01235060517966
    }
}