{
    "counter": {
        "ACTIVE": 2159,
        "INACTIVE": 3,
        "INVALID": 0,
        "MALICIOUS": 0,
        "SANE": 0,
        "VALID": 0,
        "total": 2162
    },
    "percentage": {
        "ACTIVE": 99.86123959296947,
        "INACTIVE": 0.297029702970297,
        "INVALID": 0,
        "MALICIOUS": 0,
        "SANE": 0,
        "VALID": 0,
        "total": 100.15826929593976
    }
}