{
    "counter": {
        "ACTIVE": 1726,
        "INACTIVE": 1,
        "INVALID": 0,
        "MALICIOUS": 0,
        "SANE": 0,
        "VALID": 0,
        "total": 1727
    },
    "percentage": {
        "ACTIVE": 99.94209612044007,
        "INACTIVE": 0.5555555555555556,
        "INVALID": 0,
        "MALICIOUS": 0,
        "SANE": 0,
        "VALID": 0,
        "total": 100.49765167599563
    }
}