{
    "counter": {
        "ACTIVE": 2719,
        "INACTIVE": 2,
        "INVALID": 0,
        "MALICIOUS": 0,
        "SANE": 0,
        "VALID": 0,
        "total": 2721
    },
    "percentage": {
        "ACTIVE": 99.92649761117237,
        "INACTIVE": 1.1494252873563218,
        "INVALID": 0,
        "MALICIOUS": 0,
        "SANE": 0,
        "VALID": 0,
        "total": 101.07592289852869
    }
}