{
    "counter": {
        "ACTIVE": 1848,
        "INACTIVE": 1,
        "INVALID": 0,
        "MALICIOUS": 0,
        "SANE": 0,
        "VALID": 0,
        "total": 1849
    },
    "percentage": {
        "ACTIVE": 99.94591671173607,
        "INACTIVE": 0.30120481927710846,
        "INVALID": 0,
        "MALICIOUS": 0,
        "SANE": 0,
        "VALID": 0,
        "total": 100.24712153101318
    }
}