{
    "counter": {
        "ACTIVE": 2341,
        "INACTIVE": 1,
        "INVALID": 0,
        "MALICIOUS": 0,
        "SANE": 0,
        "VALID": 0,
        "total": 2342
    },
    "percentage": {
        "ACTIVE": 99.95730145175064,
        "INACTIVE": 0.704225352112676,
        "INVALID": 0,
        "MALICIOUS": 0,
        "SANE": 0,
        "VALID": 0,
        "total": 100.66152680386331
    }
}