{
    "counter": {
        "ACTIVE": 2177,
        "INACTIVE": 1,
        "INVALID": 0,
        "MALICIOUS": 0,
        "SANE": 0,
        "VALID": 0,
        "total": 2178
    },
    "percentage": {
        "ACTIVE": 99.95408631772268,
        "INACTIVE": 0.10341261633919338,
        "INVALID": 0,
        "MALICIOUS": 0,
        "SANE": 0,
        "VALID": 0,
        "total": 100.05749893406188
    }
}