{
    "counter": {
        "ACTIVE": 1020,
        "INACTIVE": 1,
        "INVALID": 0,
        "MALICIOUS": 0,
        "SANE": 0,
        "VALID": 0,
        "total": 1021
    },
    "percentage": {
        "ACTIVE": 99.9020568070519,
        "INACTIVE": 0.1996007984031936,
        "INVALID": 0,
        "MALICIOUS": 0,
        "SANE": 0,
        "VALID": 0,
        "total": 100.1016576054551
    }
}