{
    "counter": {
        "ACTIVE": 1897,
        "INACTIVE": 2,
        "INVALID": 0,
        "MALICIOUS": 0,
        "SANE": 0,
        "VALID": 0,
        "total": 1899
    },
    "percentage": {
        "ACTIVE": 99.89468141126909,
        "INACTIVE": 0.12610340479192939,
        "INVALID": 0,
        "MALICIOUS": 0,
        "SANE": 0,
        "VALID": 0,
        "total": 100.02078481606102
    }
}