{
    "counter": {
        "ACTIVE": 1062,
        "INACTIVE": 1,
        "INVALID": 0,
        "MALICIOUS": 0,
        "SANE": 0,
        "VALID": 0,
        "total": 1063
    },
    "percentage": {
        "ACTIVE": 99.90592662276576,
        "INACTIVE": 0.7692307692307693,
        "INVALID": 0,
        "MALICIOUS": 0,
        "SANE": 0,
        "VALID": 0,
        "total": 100.67515739199654
    }
}