{
    "counter": {
        "ACTIVE": 337,
        "INACTIVE": 1,
        "INVALID": 0,
        "MALICIOUS": 0,
        "SANE": 0,
        "VALID": 0,
        "total": 338
    },
    "percentage": {
        "ACTIVE": 99.70414201183432,
        "INACTIVE": 0.6993006993006993,
        "INVALID": 0,
        "MALICIOUS": 0,
        "SANE": 0,
        "VALID": 0,
        "total": 100.40344271113501
    }
}