{
    "counter": {
        "ACTIVE": 1051,
        "INACTIVE": 1,
        "INVALID": 0,
        "MALICIOUS": 0,
        "SANE": 0,
        "VALID": 0,
        "total": 1052
    },
    "percentage": {
        "ACTIVE": 99.90494296577947,
        "INACTIVE": 0.10214504596527069,
        "INVALID": 0,
        "MALICIOUS": 0,
        "SANE": 0,
        "VALID": 0,
        "total": 100.00708801174474
    }
}