{
    "counter": {
        "ACTIVE": 305,
        "INACTIVE": 1,
        "INVALID": 0,
        "MALICIOUS": 0,
        "SANE": 0,
        "VALID": 0,
        "total": 306
    },
    "percentage": {
        "ACTIVE": 99.67320261437908,
        "INACTIVE": 0.6493506493506493,
        "INVALID": 0,
        "MALICIOUS": 0,
        "SANE": 0,
        "VALID": 0,
        "total": 100.32255326372973
    }
}