{
    "counter": {
        "ACTIVE": 523,
        "INACTIVE": 1,
        "INVALID": 0,
        "MALICIOUS": 0,
        "SANE": 0,
        "VALID": 0,
        "total": 524
    },
    "percentage": {
        "ACTIVE": 99.80916030534351,
        "INACTIVE": 0.5376344086021505,
        "INVALID": 0,
        "MALICIOUS": 0,
        "SANE": 0,
        "VALID": 0,
        "total": 100.34679471394566
    }
}