{
    "counter": {
        "ACTIVE": 1550,
        "INACTIVE": 1,
        "INVALID": 0,
        "MALICIOUS": 0,
        "SANE": 0,
        "VALID": 0,
        "total": 1551
    },
    "percentage": {
        "ACTIVE": 99.93552546744036,
        "INACTIVE": 0.0691085003455425,
        "INVALID": 0,
        "MALICIOUS": 0,
        "SANE": 0,
        "VALID": 0,
        "total": 100.00463396778589
    }
}