{
    "counter": {
        "ACTIVE": 1998,
        "INACTIVE": 1,
        "INVALID": 0,
        "MALICIOUS": 0,
        "SANE": 0,
        "VALID": 0,
        "total": 1999
    },
    "percentage": {
        "ACTIVE": 99.94997498749375,
        "INACTIVE": 0.0651890482398957,
        "INVALID": 0,
        "MALICIOUS": 0,
        "SANE": 0,
        "VALID": 0,
        "total": 100.01516403573365
    }
}