{
    "counter": {
        "ACTIVE": 1714,
        "INACTIVE": 4,
        "INVALID": 0,
        "MALICIOUS": 0,
        "SANE": 0,
        "VALID": 0,
        "total": 1718
    },
    "percentage": {
        "ACTIVE": 99.76717112922002,
        "INACTIVE": 0.2331002331002331,
        "INVALID": 0,
        "MALICIOUS": 0,
        "SANE": 0,
        "VALID": 0,
        "total": 100.00027136232025
    }
}