{
    "counter": {
        "ACTIVE": 1897,
        "INACTIVE": 1,
        "INVALID": 0,
        "MALICIOUS": 0,
        "SANE": 0,
        "VALID": 0,
        "total": 1898
    },
    "percentage": {
        "ACTIVE": 99.94731296101159,
        "INACTIVE": 0.1394700139470014,
        "INVALID": 0,
        "MALICIOUS": 0,
        "SANE": 0,
        "VALID": 0,
        "total": 100.0867829749586
    }
}