{
    "counter": {
        "ACTIVE": 1990,
        "INACTIVE": 2,
        "INVALID": 0,
        "MALICIOUS": 0,
        "SANE": 0,
        "VALID": 0,
        "total": 1992
    },
    "percentage": {
        "ACTIVE": 99.8995983935743,
        "INACTIVE": 0.8658008658008658,
        "INVALID": 0,
        "MALICIOUS": 0,
        "SANE": 0,
        "VALID": 0,
        "total": 100.76539925937516
    }
}