{
    "counter": {
        "ACTIVE": 2097,
        "INACTIVE": 3,
        "INVALID": 0,
        "MALICIOUS": 0,
        "SANE": 0,
        "VALID": 0,
        "total": 2100
    },
    "percentage": {
        "ACTIVE": 99.85714285714286,
        "INACTIVE": 0.18963337547408343,
        "INVALID": 0,
        "MALICIOUS": 0,
        "SANE": 0,
        "VALID": 0,
        "total": 100.04677623261695
    }
}