{
    "counter": {
        "ACTIVE": 681,
        "INACTIVE": 1,
        "INVALID": 0,
        "MALICIOUS": 0,
        "SANE": 0,
        "VALID": 0,
        "total": 682
    },
    "percentage": {
        "ACTIVE": 99.8533724340176,
        "INACTIVE": 0.6097560975609756,
        "INVALID": 0,
        "MALICIOUS": 0,
        "SANE": 0,
        "VALID": 0,
        "total": 100.46312853157858
    }
}