{
    "counter": {
        "ACTIVE": 1872,
        "INACTIVE": 2,
        "INVALID": 0,
        "MALICIOUS": 0,
        "SANE": 0,
        "VALID": 0,
        "total": 1874
    },
    "percentage": {
        "ACTIVE": 99.89327641408751,
        "INACTIVE": 0.46403712296983757,
        "INVALID": 0,
        "MALICIOUS": 0,
        "SANE": 0,
        "VALID": 0,
        "total": 100.35731353705735
    }
}