{
    "counter": {
        "ACTIVE": 2307,
        "INACTIVE": 3,
        "INVALID": 0,
        "MALICIOUS": 0,
        "SANE": 0,
        "VALID": 0,
        "total": 2310
    },
    "percentage": {
        "ACTIVE": 99.87012987012987,
        "INACTIVE": 0.18963337547408343,
        "INVALID": 0,
        "MALICIOUS": 0,
        "SANE": 0,
        "VALID": 0,
        "total": 100.05976324560396
    }
}