{
    "counter": {
        "ACTIVE": 1327,
        "INACTIVE": 1,
        "INVALID": 0,
        "MALICIOUS": 0,
        "SANE": 0,
        "VALID": 0,
        "total": 1328
    },
    "percentage": {
        "ACTIVE": 99.92469879518072,
        "INACTIVE": 0.08756567425569177,
        "INVALID": 0,
        "MALICIOUS": 0,
        "SANE": 0,
        "VALID": 0,
        "total": 100.0122644694364
    }
}