{
    "counter": {
        "ACTIVE": 2188,
        "INACTIVE": 17,
        "INVALID": 0,
        "MALICIOUS": 0,
        "SANE": 0,
        "VALID": 0,
        "total": 2205
    },
    "percentage": {
        "ACTIVE": 99.22902494331066,
        "INACTIVE": 0.786308973172988,
        "INVALID": 0,
        "MALICIOUS": 0,
        "SANE": 0,
        "VALID": 0,
        "total": 100.01533391648366
    }
}