{
    "counter": {
        "ACTIVE": 1895,
        "INACTIVE": 4,
        "INVALID": 0,
        "MALICIOUS": 0,
        "SANE": 0,
        "VALID": 0,
        "total": 1899
    },
    "percentage": {
        "ACTIVE": 99.78936282253818,
        "INACTIVE": 0.2638522427440633,
        "INVALID": 0,
        "MALICIOUS": 0,
        "SANE": 0,
        "VALID": 0,
        "total": 100.05321506528225
    }
}