{
    "counter": {
        "ACTIVE": 312,
        "INACTIVE": 1,
        "INVALID": 0,
        "MALICIOUS": 0,
        "SANE": 0,
        "VALID": 0,
        "total": 313
    },
    "percentage": {
        "ACTIVE": 99.68051118210863,
        "INACTIVE": 0.6944444444444444,
        "INVALID": 0,
        "MALICIOUS": 0,
        "SANE": 0,
        "VALID": 0,
        "total": 100.37495562655307
    }
}