{
    "counter": {
        "ACTIVE": 1758,
        "INACTIVE": 1,
        "INVALID": 0,
        "MALICIOUS": 0,
        "SANE": 0,
        "VALID": 0,
        "total": 1759
    },
    "percentage": {
        "ACTIVE": 99.94314951677089,
        "INACTIVE": 0.06734006734006734,
        "INVALID": 0,
        "MALICIOUS": 0,
        "SANE": 0,
        "VALID": 0,
        "total": 100.01048958411096
    }
}