{
    "counter": {
        "ACTIVE": 1303,
        "INACTIVE": 1,
        "INVALID": 0,
        "MALICIOUS": 0,
        "SANE": 0,
        "VALID": 0,
        "total": 1304
    },
    "percentage": {
        "ACTIVE": 99.92331288343559,
        "INACTIVE": 0.2457002457002457,
        "INVALID": 0,
        "MALICIOUS": 0,
        "SANE": 0,
        "VALID": 0,
        "total": 100.16901312913583
    }
}