{
    "counter": {
        "ACTIVE": 1575,
        "INACTIVE": 1,
        "INVALID": 0,
        "MALICIOUS": 0,
        "SANE": 0,
        "VALID": 0,
        "total": 1576
    },
    "percentage": {
        "ACTIVE": 99.93654822335026,
        "INACTIVE": 0.24213075060532688,
        "INVALID": 0,
        "MALICIOUS": 0,
        "SANE": 0,
        "VALID": 0,
        "total": 100.17867897395558
    }
}