{
    "counter": {
        "ACTIVE": 1981,
        "INACTIVE": 1,
        "INVALID": 0,
        "MALICIOUS": 0,
        "SANE": 0,
        "VALID": 0,
        "total": 1982
    },
    "percentage": {
        "ACTIVE": 99.94954591321897,
        "INACTIVE": 0.057803468208092484,
        "INVALID": 0,
        "MALICIOUS": 0,
        "SANE": 0,
        "VALID": 0,
        "total": 100.00734938142706
    }
}