{
    "counter": {
        "ACTIVE": 2338,
        "INACTIVE": 2,
        "INVALID": 0,
        "MALICIOUS": 0,
        "SANE": 0,
        "VALID": 0,
        "total": 2340
    },
    "percentage": {
        "ACTIVE": 99.91452991452991,
        "INACTIVE": 0.18214936247723132,
        "INVALID": 0,
        "MALICIOUS": 0,
        "SANE": 0,
        "VALID": 0,
        "total": 100.09667927700714
    }
}