{
    "counter": {
        "ACTIVE": 2099,
        "INACTIVE": 8,
        "INVALID": 0,
        "MALICIOUS": 0,
        "SANE": 0,
        "VALID": 0,
        "total": 2107
    },
    "percentage": {
        "ACTIVE": 99.6203132415757,
        "INACTIVE": 0.5594405594405595,
        "INVALID": 0,
        "MALICIOUS": 0,
        "SANE": 0,
        "VALID": 0,
        "total": 100.17975380101626
    }
}