{
    "counter": {
        "ACTIVE": 1299,
        "INACTIVE": 1,
        "INVALID": 0,
        "MALICIOUS": 0,
        "SANE": 0,
        "VALID": 0,
        "total": 1300
    },
    "percentage": {
        "ACTIVE": 99.92307692307692,
        "INACTIVE": 2.4390243902439024,
        "INVALID": 0,
        "MALICIOUS": 0,
        "SANE": 0,
        "VALID": 0,
        "total": 102.36210131332082
    }
}