{
    "counter": {
        "ACTIVE": 853,
        "INACTIVE": 2,
        "INVALID": 0,
        "MALICIOUS": 0,
        "SANE": 0,
        "VALID": 0,
        "total": 855
    },
    "percentage": {
        "ACTIVE": 99.76608187134502,
        "INACTIVE": 0.5449591280653951,
        "INVALID": 0,
        "MALICIOUS": 0,
        "SANE": 0,
        "VALID": 0,
        "total": 100.31104099941042
    }
}