{
    "counter": {
        "ACTIVE": 651,
        "INACTIVE": 1,
        "INVALID": 0,
        "MALICIOUS": 0,
        "SANE": 0,
        "VALID": 0,
        "total": 652
    },
    "percentage": {
        "ACTIVE": 99.84662576687117,
        "INACTIVE": 0.6493506493506493,
        "INVALID": 0,
        "MALICIOUS": 0,
        "SANE": 0,
        "VALID": 0,
        "total": 100.49597641622182
    }
}