{
    "counter": {
        "ACTIVE": 977,
        "INACTIVE": 1,
        "INVALID": 0,
        "MALICIOUS": 0,
        "SANE": 0,
        "VALID": 0,
        "total": 978
    },
    "percentage": {
        "ACTIVE": 99.89775051124744,
        "INACTIVE": 0.18018018018018017,
        "INVALID": 0,
        "MALICIOUS": 0,
        "SANE": 0,
        "VALID": 0,
        "total": 100.07793069142762
    }
}