{
    "counter": {
        "ACTIVE": 670,
        "INACTIVE": 2,
        "INVALID": 0,
        "MALICIOUS": 0,
        "SANE": 0,
        "VALID": 0,
        "total": 672
    },
    "percentage": {
        "ACTIVE": 99.70238095238095,
        "INACTIVE": 0.4914004914004914,
        "INVALID": 0,
        "MALICIOUS": 0,
        "SANE": 0,
        "VALID": 0,
        "total": 100.19378144378145
    }
}