{
    "counter": {
        "ACTIVE": 2165,
        "INACTIVE": 3,
        "INVALID": 0,
        "MALICIOUS": 0,
        "SANE": 0,
        "VALID": 0,
        "total": 2168
    },
    "percentage": {
        "ACTIVE": 99.86162361623616,
        "INACTIVE": 0.20026702269692923,
        "INVALID": 0,
        "MALICIOUS": 0,
        "SANE": 0,
        "VALID": 0,
        "total": 100.0618906389331
    }
}