{
    "counter": {
        "ACTIVE": 1650,
        "INACTIVE": 1,
        "INVALID": 0,
        "MALICIOUS": 0,
        "SANE": 0,
        "VALID": 0,
        "total": 1651
    },
    "percentage": {
        "ACTIVE": 99.93943064809207,
        "INACTIVE": 0.8620689655172413,
        "INVALID": 0,
        "MALICIOUS": 0,
        "SANE": 0,
        "VALID": 0,
        "total": 100.80149961360931
    }
}