{
    "counter": {
        "ACTIVE": 2229,
        "INACTIVE": 1,
        "INVALID": 0,
        "MALICIOUS": 0,
        "SANE": 0,
        "VALID": 0,
        "total": 2230
    },
    "percentage": {
        "ACTIVE": 99.95515695067265,
        "INACTIVE": 0.20449897750511248,
        "INVALID": 0,
        "MALICIOUS": 0,
        "SANE": 0,
        "VALID": 0,
        "total": 100.15965592817776
    }
}