{
    "counter": {
        "ACTIVE": 2333,
        "INACTIVE": 1,
        "INVALID": 0,
        "MALICIOUS": 0,
        "SANE": 0,
        "VALID": 0,
        "total": 2334
    },
    "percentage": {
        "ACTIVE": 99.95715509854327,
        "INACTIVE": 0.06901311249137336,
        "INVALID": 0,
        "MALICIOUS": 0,
        "SANE": 0,
        "VALID": 0,
        "total": 100.02616821103464
    }
}