{
    "counter": {
        "ACTIVE": 2057,
        "INACTIVE": 2,
        "INVALID": 0,
        "MALICIOUS": 0,
        "SANE": 0,
        "VALID": 0,
        "total": 2059
    },
    "percentage": {
        "ACTIVE": 99.90286546867411,
        "INACTIVE": 0.22650056625141562,
        "INVALID": 0,
        "MALICIOUS": 0,
        "SANE": 0,
        "VALID": 0,
        "total": 100.12936603492552
    }
}