{
    "counter": {
        "ACTIVE": 2267,
        "INACTIVE": 1,
        "INVALID": 0,
        "MALICIOUS": 0,
        "SANE": 0,
        "VALID": 0,
        "total": 2268
    },
    "percentage": {
        "ACTIVE": 99.95590828924162,
        "INACTIVE": 0.04826254826254826,
        "INVALID": 0,
        "MALICIOUS": 0,
        "SANE": 0,
        "VALID": 0,
        "total": 100.00417083750416
    }
}