{
    "counter": {
        "ACTIVE": 2201,
        "INACTIVE": 1,
        "INVALID": 0,
        "MALICIOUS": 0,
        "SANE": 0,
        "VALID": 0,
        "total": 2202
    },
    "percentage": {
        "ACTIVE": 99.95458673932788,
        "INACTIVE": 0.12690355329949238,
        "INVALID": 0,
        "MALICIOUS": 0,
        "SANE": 0,
        "VALID": 0,
        "total": 100.08149029262738
    }
}