{
    "counter": {
        "ACTIVE": 2190,
        "INACTIVE": 1,
        "INVALID": 0,
        "MALICIOUS": 0,
        "SANE": 0,
        "VALID": 0,
        "total": 2191
    },
    "percentage": {
        "ACTIVE": 99.95435874030123,
        "INACTIVE": 1.3513513513513513,
        "INVALID": 0,
        "MALICIOUS": 0,
        "SANE": 0,
        "VALID": 0,
        "total": 101.30571009165259
    }
}