{
    "counter": {
        "ACTIVE": 1731,
        "INACTIVE": 89,
        "INVALID": 0,
        "MALICIOUS": 0,
        "SANE": 0,
        "VALID": 0,
        "total": 1820
    },
    "percentage": {
        "ACTIVE": 95.16217702034085,
        "INACTIVE": 4.8901098901098905,
        "INVALID": 0,
        "MALICIOUS": 0,
        "SANE": 0,
        "VALID": 0,
        "total": 100.05228691045073
    }
}