{
    "counter": {
        "ACTIVE": 2205,
        "INACTIVE": 1,
        "INVALID": 0,
        "MALICIOUS": 0,
        "SANE": 0,
        "VALID": 0,
        "total": 2206
    },
    "percentage": {
        "ACTIVE": 99.9546690843155,
        "INACTIVE": 0.1037344398340249,
        "INVALID": 0,
        "MALICIOUS": 0,
        "SANE": 0,
        "VALID": 0,
        "total": 100.05840352414953
    }
}