{
    "counter": {
        "ACTIVE": 1218,
        "INACTIVE": 2,
        "INVALID": 0,
        "MALICIOUS": 0,
        "SANE": 0,
        "VALID": 0,
        "total": 1220
    },
    "percentage": {
        "ACTIVE": 99.8360655737705,
        "INACTIVE": 0.27137042062415195,
        "INVALID": 0,
        "MALICIOUS": 0,
        "SANE": 0,
        "VALID": 0,
        "total": 100.10743599439465
    }
}