{
    "counter": {
        "ACTIVE": 1818,
        "INACTIVE": 4,
        "INVALID": 0,
        "MALICIOUS": 0,
        "SANE": 0,
        "VALID": 0,
        "total": 1822
    },
    "percentage": {
        "ACTIVE": 99.78046103183316,
        "INACTIVE": 0.2501563477173233,
        "INVALID": 0,
        "MALICIOUS": 0,
        "SANE": 0,
        "VALID": 0,
        "total": 100.03061737955048
    }
}