{
    "counter": {
        "ACTIVE": 2345,
        "INACTIVE": 4,
        "INVALID": 0,
        "MALICIOUS": 0,
        "SANE": 0,
        "VALID": 0,
        "total": 2349
    },
    "percentage": {
        "ACTIVE": 99.8297147722435,
        "INACTIVE": 0.2484472049689441,
        "INVALID": 0,
        "MALICIOUS": 0,
        "SANE": 0,
        "VALID": 0,
        "total": 100.07816197721245
    }
}