{
    "counter": {
        "ACTIVE": 1718,
        "INACTIVE": 5,
        "INVALID": 0,
        "MALICIOUS": 0,
        "SANE": 0,
        "VALID": 0,
        "total": 1723
    },
    "percentage": {
        "ACTIVE": 99.70980847359257,
        "INACTIVE": 0.3142677561282212,
        "INVALID": 0,
        "MALICIOUS": 0,
        "SANE": 0,
        "VALID": 0,
        "total": 100.02407622972079
    }
}