{
    "counter": {
        "ACTIVE": 1989,
        "INACTIVE": 2,
        "INVALID": 0,
        "MALICIOUS": 0,
        "SANE": 0,
        "VALID": 0,
        "total": 1991
    },
    "percentage": {
        "ACTIVE": 99.89954796584631,
        "INACTIVE": 0.10712372790573112,
        "INVALID": 0,
        "MALICIOUS": 0,
        "SANE": 0,
        "VALID": 0,
        "total": 100.00667169375204
    }
}