{
    "counter": {
        "ACTIVE": 1400,
        "INACTIVE": 2,
        "INVALID": 0,
        "MALICIOUS": 0,
        "SANE": 0,
        "VALID": 0,
        "total": 1402
    },
    "percentage": {
        "ACTIVE": 99.85734664764622,
        "INACTIVE": 0.15232292460015232,
        "INVALID": 0,
        "MALICIOUS": 0,
        "SANE": 0,
        "VALID": 0,
        "total": 100.00966957224638
    }
}