{
    "counter": {
        "ACTIVE": 1500,
        "INACTIVE": 4,
        "INVALID": 0,
        "MALICIOUS": 0,
        "SANE": 0,
        "VALID": 0,
        "total": 1504
    },
    "percentage": {
        "ACTIVE": 99.73404255319149,
        "INACTIVE": 0.29175784099197666,
        "INVALID": 0,
        "MALICIOUS": 0,
        "SANE": 0,
        "VALID": 0,
        "total": 100.02580039418346
    }
}