{
    "counter": {
        "ACTIVE": 1878,
        "INACTIVE": 4,
        "INVALID": 0,
        "MALICIOUS": 0,
        "SANE": 0,
        "VALID": 0,
        "total": 1882
    },
    "percentage": {
        "ACTIVE": 99.7874601487779,
        "INACTIVE": 0.24067388688327315,
        "INVALID": 0,
        "MALICIOUS": 0,
        "SANE": 0,
        "VALID": 0,
        "total": 100.02813403566117
    }
}