{
    "counter": {
        "ACTIVE": 872,
        "INACTIVE": 1,
        "INVALID": 0,
        "MALICIOUS": 0,
        "SANE": 0,
        "VALID": 0,
        "total": 873
    },
    "percentage": {
        "ACTIVE": 99.88545246277205,
        "INACTIVE": 0.117096018735363,
        "INVALID": 0,
        "MALICIOUS": 0,
        "SANE": 0,
        "VALID": 0,
        "total": 100.00254848150742
    }
}