{
    "counter": {
        "ACTIVE": 1209,
        "INACTIVE": 2,
        "INVALID": 0,
        "MALICIOUS": 0,
        "SANE": 0,
        "VALID": 0,
        "total": 1211
    },
    "percentage": {
        "ACTIVE": 99.83484723369116,
        "INACTIVE": 0.25477707006369427,
        "INVALID": 0,
        "MALICIOUS": 0,
        "SANE": 0,
        "VALID": 0,
        "total": 100.08962430375486
    }
}