{
    "counter": {
        "ACTIVE": 1969,
        "INACTIVE": 4,
        "INVALID": 0,
        "MALICIOUS": 0,
        "SANE": 0,
        "VALID": 0,
        "total": 1973
    },
    "percentage": {
        "ACTIVE": 99.79726305119108,
        "INACTIVE": 0.2097535395909806,
        "INVALID": 0,
        "MALICIOUS": 0,
        "SANE": 0,
        "VALID": 0,
        "total": 100.00701659078206
    }
}