{
    "counter": {
        "ACTIVE": 1584,
        "INACTIVE": 5,
        "INVALID": 0,
        "MALICIOUS": 0,
        "SANE": 0,
        "VALID": 0,
        "total": 1589
    },
    "percentage": {
        "ACTIVE": 99.68533668974197,
        "INACTIVE": 0.32530904359141183,
        "INVALID": 0,
        "MALICIOUS": 0,
        "SANE": 0,
        "VALID": 0,
        "total": 100.01064573333339
    }
}