{
    "counter": {
        "ACTIVE": 1210,
        "INACTIVE": 1,
        "INVALID": 0,
        "MALICIOUS": 0,
        "SANE": 0,
        "VALID": 0,
        "total": 1211
    },
    "percentage": {
        "ACTIVE": 99.91742361684558,
        "INACTIVE": 0.6493506493506493,
        "INVALID": 0,
        "MALICIOUS": 0,
        "SANE": 0,
        "VALID": 0,
        "total": 100.56677426619623
    }
}