{
    "counter": {
        "ACTIVE": 972,
        "INACTIVE": 2,
        "INVALID": 0,
        "MALICIOUS": 0,
        "SANE": 0,
        "VALID": 0,
        "total": 974
    },
    "percentage": {
        "ACTIVE": 99.79466119096509,
        "INACTIVE": 0.2484472049689441,
        "INVALID": 0,
        "MALICIOUS": 0,
        "SANE": 0,
        "VALID": 0,
        "total": 100.04310839593403
    }
}