{
    "counter": {
        "ACTIVE": 1732,
        "INACTIVE": 1,
        "INVALID": 0,
        "MALICIOUS": 0,
        "SANE": 0,
        "VALID": 0,
        "total": 1733
    },
    "percentage": {
        "ACTIVE": 99.94229659549913,
        "INACTIVE": 0.06724949562878278,
        "INVALID": 0,
        "MALICIOUS": 0,
        "SANE": 0,
        "VALID": 0,
        "total": 100.00954609112792
    }
}