{
    "counter": {
        "ACTIVE": 3274,
        "INACTIVE": 1,
        "INVALID": 0,
        "MALICIOUS": 0,
        "SANE": 0,
        "VALID": 0,
        "total": 3275
    },
    "percentage": {
        "ACTIVE": 99.96946564885496,
        "INACTIVE": 0.4608294930875576,
        "INVALID": 0,
        "MALICIOUS": 0,
        "SANE": 0,
        "VALID": 0,
        "total": 100.43029514194252
    }
}