{
    "counter": {
        "ACTIVE": 1431,
        "INACTIVE": 1,
        "INVALID": 0,
        "MALICIOUS": 0,
        "SANE": 0,
        "VALID": 0,
        "total": 1432
    },
    "percentage": {
        "ACTIVE": 99.93016759776536,
        "INACTIVE": 0.07183908045977011,
        "INVALID": 0,
        "MALICIOUS": 0,
        "SANE": 0,
        "VALID": 0,
        "total": 100.00200667822513
    }
}