{
    "counter": {
        "ACTIVE": 1764,
        "INACTIVE": 11,
        "INVALID": 0,
        "MALICIOUS": 0,
        "SANE": 0,
        "VALID": 0,
        "total": 1775
    },
    "percentage": {
        "ACTIVE": 99.38028169014085,
        "INACTIVE": 0.7289595758780649,
        "INVALID": 0,
        "MALICIOUS": 0,
        "SANE": 0,
        "VALID": 0,
        "total": 100.10924126601891
    }
}