{
    "counter": {
        "ACTIVE": 3196,
        "INACTIVE": 9,
        "INVALID": 0,
        "MALICIOUS": 0,
        "SANE": 0,
        "VALID": 0,
        "total": 3205
    },
    "percentage": {
        "ACTIVE": 99.7191887675507,
        "INACTIVE": 0.3581376840429765,
        "INVALID": 0,
        "MALICIOUS": 0,
        "SANE": 0,
        "VALID": 0,
        "total": 100.07732645159368
    }
}