{
    "counter": {
        "ACTIVE": 1040,
        "INACTIVE": 2,
        "INVALID": 0,
        "MALICIOUS": 0,
        "SANE": 0,
        "VALID": 0,
        "total": 1042
    },
    "percentage": {
        "ACTIVE": 99.8080614203455,
        "INACTIVE": 0.27137042062415195,
        "INVALID": 0,
        "MALICIOUS": 0,
        "SANE": 0,
        "VALID": 0,
        "total": 100.07943184096965
    }
}