{
    "counter": {
        "ACTIVE": 540,
        "INACTIVE": 1,
        "INVALID": 0,
        "MALICIOUS": 0,
        "SANE": 0,
        "VALID": 0,
        "total": 541
    },
    "percentage": {
        "ACTIVE": 99.81515711645102,
        "INACTIVE": 0.3597122302158273,
        "INVALID": 0,
        "MALICIOUS": 0,
        "SANE": 0,
        "VALID": 0,
        "total": 100.17486934666685
    }
}