{
    "counter": {
        "ACTIVE": 1176,
        "INACTIVE": 3,
        "INVALID": 0,
        "MALICIOUS": 0,
        "SANE": 0,
        "VALID": 0,
        "total": 1179
    },
    "percentage": {
        "ACTIVE": 99.74554707379134,
        "INACTIVE": 0.4665629860031104,
        "INVALID": 0,
        "MALICIOUS": 0,
        "SANE": 0,
        "VALID": 0,
        "total": 100.21211005979445
    }
}