{
    "counter": {
        "ACTIVE": 1728,
        "INACTIVE": 9,
        "INVALID": 0,
        "MALICIOUS": 0,
        "SANE": 0,
        "VALID": 0,
        "total": 1737
    },
    "percentage": {
        "ACTIVE": 99.48186528497409,
        "INACTIVE": 0.6751687921980495,
        "INVALID": 0,
        "MALICIOUS": 0,
        "SANE": 0,
        "VALID": 0,
        "total": 100.15703407717214
    }
}