{
    "counter": {
        "ACTIVE": 2300,
        "INACTIVE": 6,
        "INVALID": 0,
        "MALICIOUS": 0,
        "SANE": 0,
        "VALID": 0,
        "total": 2306
    },
    "percentage": {
        "ACTIVE": 99.7398091934085,
        "INACTIVE": 0.5132591958939264,
        "INVALID": 0,
        "MALICIOUS": 0,
        "SANE": 0,
        "VALID": 0,
        "total": 100.25306838930243
    }
}