{
    "counter": {
        "ACTIVE": 1505,
        "INACTIVE": 25,
        "INVALID": 0,
        "MALICIOUS": 0,
        "SANE": 0,
        "VALID": 0,
        "total": 1530
    },
    "percentage": {
        "ACTIVE": 98.36601307189542,
        "INACTIVE": 1.7053206002728514,
        "INVALID": 0,
        "MALICIOUS": 0,
        "SANE": 0,
        "VALID": 0,
        "total": 100.07133367216828
    }
}