{
    "counter": {
        "ACTIVE": 2308,
        "INACTIVE": 3,
        "INVALID": 0,
        "MALICIOUS": 0,
        "SANE": 0,
        "VALID": 0,
        "total": 2311
    },
    "percentage": {
        "ACTIVE": 99.87018606663781,
        "INACTIVE": 0.18963337547408343,
        "INVALID": 0,
        "MALICIOUS": 0,
        "SANE": 0,
        "VALID": 0,
        "total": 100.0598194421119
    }
}