{
    "counter": {
        "ACTIVE": 701,
        "INACTIVE": 1,
        "INVALID": 0,
        "MALICIOUS": 0,
        "SANE": 0,
        "VALID": 0,
        "total": 702
    },
    "percentage": {
        "ACTIVE": 99.85754985754986,
        "INACTIVE": 0.26666666666666666,
        "INVALID": 0,
        "MALICIOUS": 0,
        "SANE": 0,
        "VALID": 0,
        "total": 100.12421652421652
    }
}