{
    "counter": {
        "ACTIVE": 2187,
        "INACTIVE": 7,
        "INVALID": 0,
        "MALICIOUS": 0,
        "SANE": 0,
        "VALID": 0,
        "total": 2194
    },
    "percentage": {
        "ACTIVE": 99.68094804010939,
        "INACTIVE": 0.3274087932647334,
        "INVALID": 0,
        "MALICIOUS": 0,
        "SANE": 0,
        "VALID": 0,
        "total": 100.00835683337412
    }
}