{
    "counter": {
        "ACTIVE": 502,
        "INACTIVE": 3,
        "INVALID": 0,
        "MALICIOUS": 0,
        "SANE": 0,
        "VALID": 0,
        "total": 505
    },
    "percentage": {
        "ACTIVE": 99.4059405940594,
        "INACTIVE": 0.702576112412178,
        "INVALID": 0,
        "MALICIOUS": 0,
        "SANE": 0,
        "VALID": 0,
        "total": 100.10851670647158
    }
}