{
    "counter": {
        "Digital Registra": 1,
        "Dynadot LLC": 1,
        "NameCheap, Inc.": 5,
        "Namecheap": 2,
        "total": 9
    },
    "percentage": {
        "Digital Registra": 11.11111111111111,
        "Dynadot LLC": 11.11111111111111,
        "NameCheap, Inc.": 55.55555555555556,
        "Namecheap": 22.22222222222222,
        "total": 100.0
    }
}