{
    "counter": {
        "CV. JOGJACAMP": 2,
        "CV. Rumahweb Indonesia": 4,
        "CloudFlare, Inc.": 1,
        "Digital Registra": 5,
        "Hosting Concepts B.V. d/b/a Registrar.eu": 1,
        "Hostinger, UAB": 2,
        "Jagoan Hosting": 1,
        "NameCheap, Inc.": 1,
        "OnlineNIC, Inc.": 1,
        "PDR Ltd. d/b/a PublicDomainRegistry.com": 6,
        "ResellerCamp": 1,
        "Tucows Domains Inc.": 1,
        "Web Commerce Communications Limited dba WebNic.cc": 1,
        "total": 27
    },
    "percentage": {
        "CV. JOGJACAMP": 7.407407407407407,
        "CV. Rumahweb Indonesia": 14.814814814814815,
        "CloudFlare, Inc.": 3.7037037037037037,
        "Digital Registra": 18.51851851851852,
        "Hosting Concepts B.V. d/b/a Registrar.eu": 3.7037037037037037,
        "Hostinger, UAB": 7.407407407407407,
        "Jagoan Hosting": 3.7037037037037037,
        "NameCheap, Inc.": 3.7037037037037037,
        "OnlineNIC, Inc.": 3.7037037037037037,
        "PDR Ltd. d/b/a PublicDomainRegistry.com": 22.22222222222222,
        "ResellerCamp": 3.7037037037037037,
        "Tucows Domains Inc.": 3.7037037037037037,
        "Web Commerce Communications Limited dba WebNic.cc": 3.7037037037037037,
        "total": 100.00000000000001
    }
}