{
    "counter": {
        "CV. JOGJACAMP": 6,
        "CV. Jogjacamp": 2,
        "CV. Rumahweb Indonesia": 8,
        "Digital Registra": 6,
        "HOSTINGER operations, UAB": 2,
        "Hosting Concepts B.V. d/b/a Registrar.eu": 6,
        "Kementerian Komunikasi dan Informatika": 2,
        "NameCheap, Inc.": 4,
        "PDR Ltd. d/b/a PublicDomainRegistry.com": 6,
        "PT Registrasi Nama Domain": 2,
        "PT. Web Commerce Communications": 2,
        "Porkbun LLC": 2,
        "Tucows Domains Inc.": 2,
        "UK-2 Limited": 2,
        "Web Commerce Communications Limited dba WebNic.cc": 2,
        "total": 54
    },
    "percentage": {
        "CV. JOGJACAMP": 11.11111111111111,
        "CV. Jogjacamp": 3.7037037037037037,
        "CV. Rumahweb Indonesia": 14.814814814814815,
        "Digital Registra": 11.11111111111111,
        "HOSTINGER operations, UAB": 3.7037037037037037,
        "Hosting Concepts B.V. d/b/a Registrar.eu": 11.11111111111111,
        "Kementerian Komunikasi dan Informatika": 3.7037037037037037,
        "NameCheap, Inc.": 7.407407407407407,
        "PDR Ltd. d/b/a PublicDomainRegistry.com": 11.11111111111111,
        "PT Registrasi Nama Domain": 3.7037037037037037,
        "PT. Web Commerce Communications": 3.7037037037037037,
        "Porkbun LLC": 3.7037037037037037,
        "Tucows Domains Inc.": 3.7037037037037037,
        "UK-2 Limited": 3.7037037037037037,
        "Web Commerce Communications Limited dba WebNic.cc": 3.7037037037037037,
        "total": 100.00000000000004
    }
}