{
    "counter": {
        "Digital Registra": 2,
        "NameCheap, Inc.": 8,
        "Namecheap": 4,
        "PDR Ltd. d/b/a PublicDomainRegistry.com": 4,
        "PT Aksara Data Digital": 2,
        "Web Commerce Communications Limited dba WebNic.cc": 4,
        "total": 24
    },
    "percentage": {
        "Digital Registra": 8.333333333333334,
        "NameCheap, Inc.": 33.333333333333336,
        "Namecheap": 16.666666666666668,
        "PDR Ltd. d/b/a PublicDomainRegistry.com": 16.666666666666668,
        "PT Aksara Data Digital": 8.333333333333334,
        "Web Commerce Communications Limited dba WebNic.cc": 16.666666666666668,
        "total": 100.00000000000001
    }
}