{
    "counter": {
        "Domain.com, LLC": 1,
        "Name.com, Inc.": 1,
        "Namecheap": 19,
        "Porkbun LLC": 1,
        "total": 22
    },
    "percentage": {
        "Domain.com, LLC": 4.545454545454546,
        "Name.com, Inc.": 4.545454545454546,
        "Namecheap": 86.36363636363636,
        "Porkbun LLC": 4.545454545454546,
        "total": 100.0
    }
}