{
    "counter": {
        "CV. JOGJACAMP": 16,
        "CV. Rumahweb Indonesia": 18,
        "Digital Registra": 24,
        "Dynadot Inc": 2,
        "GoDaddy.com, LLC": 4,
        "Google LLC": 2,
        "HOSTINGER operations, UAB": 10,
        "Hello Internet Corp": 4,
        "Hosting Concepts B.V. d/b/a Registrar.eu": 6,
        "MAT BAO CORPORATION": 2,
        "NameCheap, Inc.": 4,
        "Namescout Ltd": 2,
        "OnlineNIC, Inc.": 4,
        "PANDI Registrar": 2,
        "PDR Ltd. d/b/a PublicDomainRegistry.com": 18,
        "PT ARDH GLOBAL INDONESIA": 2,
        "PT Registrasi Nama Domain": 2,
        "PT. Web Commerce Communications": 4,
        "Porkbun LLC": 2,
        "Registrasi Neva Angkasa": 2,
        "ResellerCamp": 2,
        "Tucows Domains Inc.": 4,
        "Web Commerce Communications Limited dba WebNic.cc": 14,
        "total": 150
    },
    "percentage": {
        "CV. JOGJACAMP": 10.666666666666666,
        "CV. Rumahweb Indonesia": 12.0,
        "Digital Registra": 16.0,
        "Dynadot Inc": 1.3333333333333333,
        "GoDaddy.com, LLC": 2.6666666666666665,
        "Google LLC": 1.3333333333333333,
        "HOSTINGER operations, UAB": 6.666666666666667,
        "Hello Internet Corp": 2.6666666666666665,
        "Hosting Concepts B.V. d/b/a Registrar.eu": 4.0,
        "MAT BAO CORPORATION": 1.3333333333333333,
        "NameCheap, Inc.": 2.6666666666666665,
        "Namescout Ltd": 1.3333333333333333,
        "OnlineNIC, Inc.": 2.6666666666666665,
        "PANDI Registrar": 1.3333333333333333,
        "PDR Ltd. d/b/a PublicDomainRegistry.com": 12.0,
        "PT ARDH GLOBAL INDONESIA": 1.3333333333333333,
        "PT Registrasi Nama Domain": 1.3333333333333333,
        "PT. Web Commerce Communications": 2.6666666666666665,
        "Porkbun LLC": 1.3333333333333333,
        "Registrasi Neva Angkasa": 1.3333333333333333,
        "ResellerCamp": 1.3333333333333333,
        "Tucows Domains Inc.": 2.6666666666666665,
        "Web Commerce Communications Limited dba WebNic.cc": 9.333333333333334,
        "total": 99.99999999999997
    }
}