{
    "counter": {
        "CV. JOGJACAMP": 3,
        "CV. Jogjacamp": 1,
        "CV. Rumahweb Indonesia": 2,
        "Digital Registra": 8,
        "Hostinger, UAB": 7,
        "Kilat Domain": 1,
        "NameCheap, Inc.": 9,
        "Namecheap": 5,
        "PDR Ltd. d/b/a PublicDomainRegistry.com": 1,
        "PT ARDH GLOBAL INDONESIA": 1,
        "PT Cloud Hosting Indonesia": 1,
        "PT. Web Commerce Communications": 2,
        "Porkbun LLC": 1,
        "Registrasi Neva Angkasa": 1,
        "ResellerCamp": 2,
        "Sav.com LLC": 1,
        "Soluciones Corporativas IP, SL": 1,
        "Tucows Domains Inc.": 1,
        "Web Commerce Communications Limited dba WebNic.cc": 5,
        "total": 53
    },
    "percentage": {
        "CV. JOGJACAMP": 5.660377358490566,
        "CV. Jogjacamp": 1.8867924528301887,
        "CV. Rumahweb Indonesia": 3.7735849056603774,
        "Digital Registra": 15.09433962264151,
        "Hostinger, UAB": 13.20754716981132,
        "Kilat Domain": 1.8867924528301887,
        "NameCheap, Inc.": 16.9811320754717,
        "Namecheap": 9.433962264150944,
        "PDR Ltd. d/b/a PublicDomainRegistry.com": 1.8867924528301887,
        "PT ARDH GLOBAL INDONESIA": 1.8867924528301887,
        "PT Cloud Hosting Indonesia": 1.8867924528301887,
        "PT. Web Commerce Communications": 3.7735849056603774,
        "Porkbun LLC": 1.8867924528301887,
        "Registrasi Neva Angkasa": 1.8867924528301887,
        "ResellerCamp": 3.7735849056603774,
        "Sav.com LLC": 1.8867924528301887,
        "Soluciones Corporativas IP, SL": 1.8867924528301887,
        "Tucows Domains Inc.": 1.8867924528301887,
        "Web Commerce Communications Limited dba WebNic.cc": 9.433962264150944,
        "total": 100.00000000000003
    }
}