{
    "counter": {
        "CV. JOGJACAMP": 2,
        "CV. Rumahweb Indonesia": 1,
        "DropCatch.com 785 LLC": 1,
        "GoDaddy.com, LLC": 1,
        "Hosting Concepts B.V. d/b/a Registrar.eu": 1,
        "Hostinger, UAB": 1,
        "Kilat Domain": 1,
        "NameCheap, Inc.": 7,
        "PDR Ltd. d/b/a PublicDomainRegistry.com": 2,
        "PT Aksara Data Digital": 1,
        "PT. Web Commerce Communications": 1,
        "ResellerCamp": 2,
        "Web Commerce Communications Limited dba WebNic.cc": 1,
        "total": 22
    },
    "percentage": {
        "CV. JOGJACAMP": 9.090909090909092,
        "CV. Rumahweb Indonesia": 4.545454545454546,
        "DropCatch.com 785 LLC": 4.545454545454546,
        "GoDaddy.com, LLC": 4.545454545454546,
        "Hosting Concepts B.V. d/b/a Registrar.eu": 4.545454545454546,
        "Hostinger, UAB": 4.545454545454546,
        "Kilat Domain": 4.545454545454546,
        "NameCheap, Inc.": 31.818181818181817,
        "PDR Ltd. d/b/a PublicDomainRegistry.com": 9.090909090909092,
        "PT Aksara Data Digital": 4.545454545454546,
        "PT. Web Commerce Communications": 4.545454545454546,
        "ResellerCamp": 9.090909090909092,
        "Web Commerce Communications Limited dba WebNic.cc": 4.545454545454546,
        "total": 100.00000000000001
    }
}