{
    "counter": {
        "CV. JOGJACAMP": 4,
        "Digital Registra": 2,
        "NameCheap, Inc.": 4,
        "Namecheap": 2,
        "PT. Web Commerce Communications": 2,
        "total": 14
    },
    "percentage": {
        "CV. JOGJACAMP": 28.571428571428573,
        "Digital Registra": 14.285714285714286,
        "NameCheap, Inc.": 28.571428571428573,
        "Namecheap": 14.285714285714286,
        "PT. Web Commerce Communications": 14.285714285714286,
        "total": 100.00000000000001
    }
}