{
    "counter": {
        "CV. JOGJACAMP": 2,
        "CV. Rumahweb Indonesia": 3,
        "Digital Registra": 7,
        "DropCatch.com 1146 LLC": 1,
        "Endurance Digital Domain Technology LLP": 1,
        "Gandi SAS": 1,
        "Google LLC": 2,
        "Hosting Concepts B.V. d/b/a Registrar.eu": 1,
        "Hostinger, UAB": 3,
        "Key-Systems GmbH": 1,
        "NameCheap, Inc.": 15,
        "NameSilo, LLC": 3,
        "Namecheap": 1,
        "Network Solutions, LLC": 1,
        "OnlineNIC, Inc.": 1,
        "PDR Ltd. d/b/a PublicDomainRegistry.com": 6,
        "PT ARDH GLOBAL INDONESIA": 1,
        "PT Cloud Hosting Indonesia": 1,
        "Porkbun LLC": 2,
        "ResellerCamp": 1,
        "Tucows Domains Inc.": 1,
        "TurnCommerce, Inc. DBA NameBright.com": 1,
        "Web Commerce Communications Limited dba WebNic.cc": 2,
        "Wild West Domains, LLC": 1,
        "eNom, LLC": 2,
        "total": 61
    },
    "percentage": {
        "CV. JOGJACAMP": 3.278688524590164,
        "CV. Rumahweb Indonesia": 4.918032786885246,
        "Digital Registra": 11.475409836065573,
        "DropCatch.com 1146 LLC": 1.639344262295082,
        "Endurance Digital Domain Technology LLP": 1.639344262295082,
        "Gandi SAS": 1.639344262295082,
        "Google LLC": 3.278688524590164,
        "Hosting Concepts B.V. d/b/a Registrar.eu": 1.639344262295082,
        "Hostinger, UAB": 4.918032786885246,
        "Key-Systems GmbH": 1.639344262295082,
        "NameCheap, Inc.": 24.59016393442623,
        "NameSilo, LLC": 4.918032786885246,
        "Namecheap": 1.639344262295082,
        "Network Solutions, LLC": 1.639344262295082,
        "OnlineNIC, Inc.": 1.639344262295082,
        "PDR Ltd. d/b/a PublicDomainRegistry.com": 9.836065573770492,
        "PT ARDH GLOBAL INDONESIA": 1.639344262295082,
        "PT Cloud Hosting Indonesia": 1.639344262295082,
        "Porkbun LLC": 3.278688524590164,
        "ResellerCamp": 1.639344262295082,
        "Tucows Domains Inc.": 1.639344262295082,
        "TurnCommerce, Inc. DBA NameBright.com": 1.639344262295082,
        "Web Commerce Communications Limited dba WebNic.cc": 3.278688524590164,
        "Wild West Domains, LLC": 1.639344262295082,
        "eNom, LLC": 3.278688524590164,
        "total": 100.00000000000003
    }
}