{
    "counter": {
        "Amazon Registrar, Inc.": 1,
        "BigRock Solutions Ltd": 1,
        "CV. JOGJACAMP": 8,
        "CV. Rumahweb Indonesia": 6,
        "Cloudflare, Inc": 1,
        "DYNADOT, LLC": 2,
        "Digital Registra": 20,
        "Domain.com, LLC": 2,
        "DropCatch.com 1146 LLC": 1,
        "DropCatch.com 1254 LLC": 1,
        "DropCatch.com 708 LLC": 1,
        "Endurance Digital Domain Technology LLP": 1,
        "Gandi SAS": 1,
        "GoDaddy.com, LLC": 13,
        "Google LLC": 3,
        "Hostinger, UAB": 12,
        "INDOREG": 1,
        "Jagat Informasi Solusi": 1,
        "Jagat Informasi Solusi (int)": 2,
        "Key-Systems GmbH": 1,
        "Kilat Domain": 1,
        "Name.com, Inc.": 1,
        "NameCheap, Inc.": 16,
        "NameSilo, LLC": 5,
        "Namecheap": 3,
        "Network Solutions, LLC": 2,
        "OnlineNIC, Inc.": 1,
        "PDR Ltd. d/b/a PublicDomainRegistry.com": 12,
        "PT ARDH GLOBAL INDONESIA": 1,
        "PT Aksara Data Digital": 1,
        "PT Cloud Hosting Indonesia": 1,
        "PT Registrasi Nama Domain": 3,
        "Porkbun LLC": 4,
        "Realtime Register B.V.": 1,
        "ResellerCamp": 3,
        "Tucows Domains Inc.": 9,
        "Web Commerce Communications Limited dba WebNic.cc": 10,
        "Wild West Domains, LLC": 1,
        "total": 154
    },
    "percentage": {
        "Amazon Registrar, Inc.": 0.6493506493506493,
        "BigRock Solutions Ltd": 0.6493506493506493,
        "CV. JOGJACAMP": 5.194805194805195,
        "CV. Rumahweb Indonesia": 3.896103896103896,
        "Cloudflare, Inc": 0.6493506493506493,
        "DYNADOT, LLC": 1.2987012987012987,
        "Digital Registra": 12.987012987012987,
        "Domain.com, LLC": 1.2987012987012987,
        "DropCatch.com 1146 LLC": 0.6493506493506493,
        "DropCatch.com 1254 LLC": 0.6493506493506493,
        "DropCatch.com 708 LLC": 0.6493506493506493,
        "Endurance Digital Domain Technology LLP": 0.6493506493506493,
        "Gandi SAS": 0.6493506493506493,
        "GoDaddy.com, LLC": 8.441558441558442,
        "Google LLC": 1.948051948051948,
        "Hostinger, UAB": 7.792207792207792,
        "INDOREG": 0.6493506493506493,
        "Jagat Informasi Solusi": 0.6493506493506493,
        "Jagat Informasi Solusi (int)": 1.2987012987012987,
        "Key-Systems GmbH": 0.6493506493506493,
        "Kilat Domain": 0.6493506493506493,
        "Name.com, Inc.": 0.6493506493506493,
        "NameCheap, Inc.": 10.38961038961039,
        "NameSilo, LLC": 3.2467532467532467,
        "Namecheap": 1.948051948051948,
        "Network Solutions, LLC": 1.2987012987012987,
        "OnlineNIC, Inc.": 0.6493506493506493,
        "PDR Ltd. d/b/a PublicDomainRegistry.com": 7.792207792207792,
        "PT ARDH GLOBAL INDONESIA": 0.6493506493506493,
        "PT Aksara Data Digital": 0.6493506493506493,
        "PT Cloud Hosting Indonesia": 0.6493506493506493,
        "PT Registrasi Nama Domain": 1.948051948051948,
        "Porkbun LLC": 2.5974025974025974,
        "Realtime Register B.V.": 0.6493506493506493,
        "ResellerCamp": 1.948051948051948,
        "Tucows Domains Inc.": 5.8441558441558445,
        "Web Commerce Communications Limited dba WebNic.cc": 6.4935064935064934,
        "Wild West Domains, LLC": 0.6493506493506493,
        "total": 100.00000000000003
    }
}