{
    "counter": {
        "DEPA": 2,
        "GoDaddy.com, LLC": 2,
        "NameCheap, Inc.": 30,
        "NameSilo, LLC": 2,
        "Namecheap": 14,
        "Namecheap Inc.": 2,
        "PDR Ltd. d/b/a PublicDomainRegistry.com": 2,
        "REGTIME-SU": 2,
        "total": 56
    },
    "percentage": {
        "DEPA": 3.5714285714285716,
        "GoDaddy.com, LLC": 3.5714285714285716,
        "NameCheap, Inc.": 53.57142857142857,
        "NameSilo, LLC": 3.5714285714285716,
        "Namecheap": 25.0,
        "Namecheap Inc.": 3.5714285714285716,
        "PDR Ltd. d/b/a PublicDomainRegistry.com": 3.5714285714285716,
        "REGTIME-SU": 3.5714285714285716,
        "total": 100.0
    }
}