{
    "counter": {
        "CV. JOGJACAMP": 4,
        "HOSTINGER operations, UAB": 4,
        "NameCheap, Inc.": 12,
        "Namecheap": 2,
        "Namecheap Inc.": 2,
        "Web Commerce Communications Limited dba WebNic.cc": 2,
        "total": 26
    },
    "percentage": {
        "CV. JOGJACAMP": 15.384615384615385,
        "HOSTINGER operations, UAB": 15.384615384615385,
        "NameCheap, Inc.": 46.15384615384615,
        "Namecheap": 7.6923076923076925,
        "Namecheap Inc.": 7.6923076923076925,
        "Web Commerce Communications Limited dba WebNic.cc": 7.6923076923076925,
        "total": 100.0
    }
}