{
    "counter": {
        "CV. Jogjacamp": 1,
        "Digital Registra": 3,
        "Hostinger, UAB": 2,
        "NameCheap, Inc.": 1,
        "Namecheap": 3,
        "PDR Ltd. d/b/a PublicDomainRegistry.com": 1,
        "Porkbun LLC": 1,
        "Registrasi Neva Angkasa": 1,
        "Sav.com LLC": 1,
        "total": 14
    },
    "percentage": {
        "CV. Jogjacamp": 7.142857142857143,
        "Digital Registra": 21.428571428571427,
        "Hostinger, UAB": 14.285714285714286,
        "NameCheap, Inc.": 7.142857142857143,
        "Namecheap": 21.428571428571427,
        "PDR Ltd. d/b/a PublicDomainRegistry.com": 7.142857142857143,
        "Porkbun LLC": 7.142857142857143,
        "Registrasi Neva Angkasa": 7.142857142857143,
        "Sav.com LLC": 7.142857142857143,
        "total": 99.99999999999999
    }
}