{
    "counter": {
        "CV. Rumahweb Indonesia": 1,
        "DropCatch.com 1329 LLC": 1,
        "NameCheap, Inc.": 1,
        "total": 3
    },
    "percentage": {
        "CV. Rumahweb Indonesia": 33.333333333333336,
        "DropCatch.com 1329 LLC": 33.333333333333336,
        "NameCheap, Inc.": 33.333333333333336,
        "total": 100.0
    }
}