{
    "counter": {
        "Dynadot LLC": 1,
        "NameCheap, Inc.": 13,
        "Namecheap": 4,
        "total": 18
    },
    "percentage": {
        "Dynadot LLC": 5.555555555555555,
        "NameCheap, Inc.": 72.22222222222223,
        "Namecheap": 22.22222222222222,
        "total": 100.0
    }
}