{
    "counter": {
        "Amazon Registrar, Inc.": 2,
        "CV. Rumahweb Indonesia": 4,
        "Key-Systems GmbH": 2,
        "Name.com, Inc.": 2,
        "NameCheap, Inc.": 10,
        "NameSilo, LLC": 2,
        "Web Commerce Communications Limited dba WebNic.cc": 2,
        "eNom, LLC": 2,
        "total": 26
    },
    "percentage": {
        "Amazon Registrar, Inc.": 7.6923076923076925,
        "CV. Rumahweb Indonesia": 15.384615384615385,
        "Key-Systems GmbH": 7.6923076923076925,
        "Name.com, Inc.": 7.6923076923076925,
        "NameCheap, Inc.": 38.46153846153846,
        "NameSilo, LLC": 7.6923076923076925,
        "Web Commerce Communications Limited dba WebNic.cc": 7.6923076923076925,
        "eNom, LLC": 7.6923076923076925,
        "total": 100.0
    }
}