{
    "counter": {
        "CV. JOGJACAMP": 5,
        "CV. Rumahweb Indonesia": 2,
        "Digital Registra": 3,
        "GoDaddy.com, LLC": 1,
        "Gransy, s.r.o.": 1,
        "Hostinger, UAB": 1,
        "Libyan Spider Network (int)": 1,
        "Name.com, Inc.": 1,
        "NameCheap, Inc.": 5,
        "Namecheap": 3,
        "PDR Ltd. d/b/a PublicDomainRegistry.com": 2,
        "PT Biznet Gio Nusantara": 1,
        "Web Commerce Communications Limited dba WebNic.cc": 2,
        "Xiamen ChinaSource Internet Service Co., Ltd": 1,
        "total": 29
    },
    "percentage": {
        "CV. JOGJACAMP": 17.24137931034483,
        "CV. Rumahweb Indonesia": 6.896551724137931,
        "Digital Registra": 10.344827586206897,
        "GoDaddy.com, LLC": 3.4482758620689653,
        "Gransy, s.r.o.": 3.4482758620689653,
        "Hostinger, UAB": 3.4482758620689653,
        "Libyan Spider Network (int)": 3.4482758620689653,
        "Name.com, Inc.": 3.4482758620689653,
        "NameCheap, Inc.": 17.24137931034483,
        "Namecheap": 10.344827586206897,
        "PDR Ltd. d/b/a PublicDomainRegistry.com": 6.896551724137931,
        "PT Biznet Gio Nusantara": 3.4482758620689653,
        "Web Commerce Communications Limited dba WebNic.cc": 6.896551724137931,
        "Xiamen ChinaSource Internet Service Co., Ltd": 3.4482758620689653,
        "total": 100.00000000000003
    }
}