{
    "counter": {
        "CV. Rumahweb Indonesia": 2,
        "Digital Registra": 4,
        "Hostinger, UAB": 8,
        "NameCheap, Inc.": 4,
        "OnlineNIC, Inc.": 2,
        "Porkbun": 2,
        "total": 22
    },
    "percentage": {
        "CV. Rumahweb Indonesia": 9.090909090909092,
        "Digital Registra": 18.181818181818183,
        "Hostinger, UAB": 36.36363636363637,
        "NameCheap, Inc.": 18.181818181818183,
        "OnlineNIC, Inc.": 9.090909090909092,
        "Porkbun": 9.090909090909092,
        "total": 100.00000000000001
    }
}