{
    "counter": {
        "CV. JOGJACAMP": 5,
        "CV. Rumahweb Indonesia": 3,
        "Digital Registra": 4,
        "GoDaddy.com, LLC": 2,
        "Gransy, s.r.o.": 1,
        "Hosting Concepts B.V. d/b/a Registrar.eu": 1,
        "Hostinger, UAB": 4,
        "Libyan Spider Network (int)": 2,
        "Name.com, Inc.": 1,
        "NameCheap, Inc.": 7,
        "NameSilo, LLC": 1,
        "Namecheap": 4,
        "PDR Ltd. d/b/a PublicDomainRegistry.com": 3,
        "PT Biznet Gio Nusantara": 1,
        "Web Commerce Communications Limited dba WebNic.cc": 3,
        "total": 42
    },
    "percentage": {
        "CV. JOGJACAMP": 11.904761904761905,
        "CV. Rumahweb Indonesia": 7.142857142857143,
        "Digital Registra": 9.523809523809524,
        "GoDaddy.com, LLC": 4.761904761904762,
        "Gransy, s.r.o.": 2.380952380952381,
        "Hosting Concepts B.V. d/b/a Registrar.eu": 2.380952380952381,
        "Hostinger, UAB": 9.523809523809524,
        "Libyan Spider Network (int)": 4.761904761904762,
        "Name.com, Inc.": 2.380952380952381,
        "NameCheap, Inc.": 16.666666666666668,
        "NameSilo, LLC": 2.380952380952381,
        "Namecheap": 9.523809523809524,
        "PDR Ltd. d/b/a PublicDomainRegistry.com": 7.142857142857143,
        "PT Biznet Gio Nusantara": 2.380952380952381,
        "Web Commerce Communications Limited dba WebNic.cc": 7.142857142857143,
        "total": 99.99999999999997
    }
}