{
    "counter": {
        "Digital Registra": 1,
        "Google LLC": 1,
        "Namecheap": 1,
        "total": 3
    },
    "percentage": {
        "Digital Registra": 33.333333333333336,
        "Google LLC": 33.333333333333336,
        "Namecheap": 33.333333333333336,
        "total": 100.0
    }
}