{
    "counter": {
        "CV Jogjacamp": 1,
        "CV. Rumahweb Indonesia": 1,
        "Digital Registra": 10,
        "GoDaddy.com, LLC": 1,
        "Jagat Informasi Solusi (int)": 1,
        "Name.com, Inc.": 1,
        "NameCheap, Inc.": 2,
        "Namecheap": 6,
        "PDR Ltd. d/b/a PublicDomainRegistry.com": 1,
        "PT Aksara Data Digital": 1,
        "PT Cloud Hosting Indonesia": 1,
        "PT DEWABISNIS DIGITAL INDONESIA": 1,
        "PT Registrasi Nama Domain": 4,
        "total": 31
    },
    "percentage": {
        "CV Jogjacamp": 3.225806451612903,
        "CV. Rumahweb Indonesia": 3.225806451612903,
        "Digital Registra": 32.25806451612903,
        "GoDaddy.com, LLC": 3.225806451612903,
        "Jagat Informasi Solusi (int)": 3.225806451612903,
        "Name.com, Inc.": 3.225806451612903,
        "NameCheap, Inc.": 6.451612903225806,
        "Namecheap": 19.35483870967742,
        "PDR Ltd. d/b/a PublicDomainRegistry.com": 3.225806451612903,
        "PT Aksara Data Digital": 3.225806451612903,
        "PT Cloud Hosting Indonesia": 3.225806451612903,
        "PT DEWABISNIS DIGITAL INDONESIA": 3.225806451612903,
        "PT Registrasi Nama Domain": 12.903225806451612,
        "total": 99.99999999999999
    }
}