{
    "counter": {
        "Digital Registra": 4,
        "Go Daddy, LLC": 2,
        "GoDaddy.com, LLC": 2,
        "HOSTINGER operations, UAB": 2,
        "NAMECHEAP": 2,
        "NameCheap, Inc.": 38,
        "Namecheap": 24,
        "PDR Ltd. d/b/a PublicDomainRegistry.com": 4,
        "PT Aksara Data Digital": 2,
        "PT Registrasi Nama Domain": 2,
        "PT. Web Commerce Communications": 2,
        "Registrasi Neva Angkasa": 2,
        "Web Commerce Communications Limited dba WebNic.cc": 4,
        "total": 90
    },
    "percentage": {
        "Digital Registra": 4.444444444444445,
        "Go Daddy, LLC": 2.2222222222222223,
        "GoDaddy.com, LLC": 2.2222222222222223,
        "HOSTINGER operations, UAB": 2.2222222222222223,
        "NAMECHEAP": 2.2222222222222223,
        "NameCheap, Inc.": 42.22222222222222,
        "Namecheap": 26.666666666666668,
        "PDR Ltd. d/b/a PublicDomainRegistry.com": 4.444444444444445,
        "PT Aksara Data Digital": 2.2222222222222223,
        "PT Registrasi Nama Domain": 2.2222222222222223,
        "PT. Web Commerce Communications": 2.2222222222222223,
        "Registrasi Neva Angkasa": 2.2222222222222223,
        "Web Commerce Communications Limited dba WebNic.cc": 4.444444444444445,
        "total": 100.00000000000003
    }
}