{
    "counter": {
        "CV. JOGJACAMP": 16,
        "CV. Rumahweb Indonesia": 18,
        "CloudFlare, Inc.": 2,
        "Digital Registra": 26,
        "Dynadot Inc": 2,
        "GoDaddy.com, LLC": 4,
        "HOSTINGER operations, UAB": 10,
        "Hello Internet Corp": 4,
        "Hosting Concepts B.V. d/b/a Registrar.eu": 4,
        "MAT BAO CORPORATION": 2,
        "NameCheap, Inc.": 14,
        "Namecheap": 4,
        "Namescout Ltd": 2,
        "OnlineNIC, Inc.": 4,
        "PANDI Registrar": 2,
        "PDR Ltd. d/b/a PublicDomainRegistry.com": 18,
        "PT ARDH GLOBAL INDONESIA": 2,
        "PT Registrasi Nama Domain": 2,
        "PT. Web Commerce Communications": 4,
        "Porkbun LLC": 2,
        "Registrasi Neva Angkasa": 2,
        "ResellerCamp": 2,
        "Tucows Domains Inc.": 2,
        "Web Commerce Communications Limited dba WebNic.cc": 14,
        "total": 162
    },
    "percentage": {
        "CV. JOGJACAMP": 9.876543209876543,
        "CV. Rumahweb Indonesia": 11.11111111111111,
        "CloudFlare, Inc.": 1.2345679012345678,
        "Digital Registra": 16.049382716049383,
        "Dynadot Inc": 1.2345679012345678,
        "GoDaddy.com, LLC": 2.4691358024691357,
        "HOSTINGER operations, UAB": 6.172839506172839,
        "Hello Internet Corp": 2.4691358024691357,
        "Hosting Concepts B.V. d/b/a Registrar.eu": 2.4691358024691357,
        "MAT BAO CORPORATION": 1.2345679012345678,
        "NameCheap, Inc.": 8.641975308641975,
        "Namecheap": 2.4691358024691357,
        "Namescout Ltd": 1.2345679012345678,
        "OnlineNIC, Inc.": 2.4691358024691357,
        "PANDI Registrar": 1.2345679012345678,
        "PDR Ltd. d/b/a PublicDomainRegistry.com": 11.11111111111111,
        "PT ARDH GLOBAL INDONESIA": 1.2345679012345678,
        "PT Registrasi Nama Domain": 1.2345679012345678,
        "PT. Web Commerce Communications": 2.4691358024691357,
        "Porkbun LLC": 1.2345679012345678,
        "Registrasi Neva Angkasa": 1.2345679012345678,
        "ResellerCamp": 1.2345679012345678,
        "Tucows Domains Inc.": 1.2345679012345678,
        "Web Commerce Communications Limited dba WebNic.cc": 8.641975308641975,
        "total": 100.00000000000001
    }
}