{
    "counter": {
        "CV. JOGJACAMP": 16,
        "CV. Rumahweb Indonesia": 18,
        "Digital Registra": 24,
        "Dynadot Inc": 2,
        "GoDaddy.com, LLC": 4,
        "Google LLC": 2,
        "Hello Internet Corp": 4,
        "Hosting Concepts B.V. d/b/a Registrar.eu": 6,
        "Hostinger, UAB": 10,
        "MAT BAO CORPORATION": 2,
        "NameCheap, Inc.": 6,
        "Namecheap": 2,
        "Namescout Ltd": 2,
        "OnlineNIC, Inc.": 4,
        "PANDI Registrar": 2,
        "PDR Ltd. d/b/a PublicDomainRegistry.com": 18,
        "PT ARDH GLOBAL INDONESIA": 2,
        "PT Registrasi Nama Domain": 2,
        "PT. Web Commerce Communications": 4,
        "Porkbun LLC": 2,
        "Registrasi Neva Angkasa": 2,
        "ResellerCamp": 2,
        "Tucows Domains Inc.": 4,
        "Web Commerce Communications Limited dba WebNic.cc": 14,
        "total": 154
    },
    "percentage": {
        "CV. JOGJACAMP": 10.38961038961039,
        "CV. Rumahweb Indonesia": 11.688311688311689,
        "Digital Registra": 15.584415584415584,
        "Dynadot Inc": 1.2987012987012987,
        "GoDaddy.com, LLC": 2.5974025974025974,
        "Google LLC": 1.2987012987012987,
        "Hello Internet Corp": 2.5974025974025974,
        "Hosting Concepts B.V. d/b/a Registrar.eu": 3.896103896103896,
        "Hostinger, UAB": 6.4935064935064934,
        "MAT BAO CORPORATION": 1.2987012987012987,
        "NameCheap, Inc.": 3.896103896103896,
        "Namecheap": 1.2987012987012987,
        "Namescout Ltd": 1.2987012987012987,
        "OnlineNIC, Inc.": 2.5974025974025974,
        "PANDI Registrar": 1.2987012987012987,
        "PDR Ltd. d/b/a PublicDomainRegistry.com": 11.688311688311689,
        "PT ARDH GLOBAL INDONESIA": 1.2987012987012987,
        "PT Registrasi Nama Domain": 1.2987012987012987,
        "PT. Web Commerce Communications": 2.5974025974025974,
        "Porkbun LLC": 1.2987012987012987,
        "Registrasi Neva Angkasa": 1.2987012987012987,
        "ResellerCamp": 1.2987012987012987,
        "Tucows Domains Inc.": 2.5974025974025974,
        "Web Commerce Communications Limited dba WebNic.cc": 9.090909090909092,
        "total": 100.0
    }
}