{
    "counter": {
        "CV. JOGJACAMP": 18,
        "CV. Rumahweb Indonesia": 20,
        "CloudFlare, Inc.": 2,
        "Digital Registra": 30,
        "Dynadot Inc": 2,
        "GoDaddy.com, LLC": 4,
        "Google LLC": 2,
        "HOSTINGER operations, UAB": 12,
        "Hello Internet Corp": 4,
        "Hosting Concepts B.V. d/b/a Registrar.eu": 4,
        "MAT BAO CORPORATION": 2,
        "NAMECHEAP": 2,
        "NameCheap, Inc.": 22,
        "Namecheap": 6,
        "Namescout Ltd": 2,
        "OnlineNIC, Inc.": 4,
        "PANDI Registrar": 2,
        "PDR Ltd. d/b/a PublicDomainRegistry.com": 22,
        "PT ARDH GLOBAL INDONESIA": 2,
        "PT Aksara Data Digital": 2,
        "PT Registrasi Nama Domain": 2,
        "PT. Web Commerce Communications": 6,
        "Porkbun LLC": 2,
        "Regional Network Information Center, JSC dba RU-CENTER": 2,
        "Registrasi Neva Angkasa": 2,
        "ResellerCamp": 2,
        "Tucows Domains Inc.": 4,
        "Web Commerce Communications Limited dba WebNic.cc": 18,
        "total": 202
    },
    "percentage": {
        "CV. JOGJACAMP": 8.910891089108912,
        "CV. Rumahweb Indonesia": 9.900990099009901,
        "CloudFlare, Inc.": 0.9900990099009901,
        "Digital Registra": 14.851485148514852,
        "Dynadot Inc": 0.9900990099009901,
        "GoDaddy.com, LLC": 1.9801980198019802,
        "Google LLC": 0.9900990099009901,
        "HOSTINGER operations, UAB": 5.9405940594059405,
        "Hello Internet Corp": 1.9801980198019802,
        "Hosting Concepts B.V. d/b/a Registrar.eu": 1.9801980198019802,
        "MAT BAO CORPORATION": 0.9900990099009901,
        "NAMECHEAP": 0.9900990099009901,
        "NameCheap, Inc.": 10.891089108910892,
        "Namecheap": 2.9702970297029703,
        "Namescout Ltd": 0.9900990099009901,
        "OnlineNIC, Inc.": 1.9801980198019802,
        "PANDI Registrar": 0.9900990099009901,
        "PDR Ltd. d/b/a PublicDomainRegistry.com": 10.891089108910892,
        "PT ARDH GLOBAL INDONESIA": 0.9900990099009901,
        "PT Aksara Data Digital": 0.9900990099009901,
        "PT Registrasi Nama Domain": 0.9900990099009901,
        "PT. Web Commerce Communications": 2.9702970297029703,
        "Porkbun LLC": 0.9900990099009901,
        "Regional Network Information Center, JSC dba RU-CENTER": 0.9900990099009901,
        "Registrasi Neva Angkasa": 0.9900990099009901,
        "ResellerCamp": 0.9900990099009901,
        "Tucows Domains Inc.": 1.9801980198019802,
        "Web Commerce Communications Limited dba WebNic.cc": 8.910891089108912,
        "total": 99.99999999999997
    }
}