{
    "counter": {
        "CV. JOGJACAMP": 1,
        "CV. Rumahweb Indonesia": 2,
        "Digital Registra": 5,
        "DropCatch.com 1146 LLC": 1,
        "Endurance Digital Domain Technology LLP": 1,
        "Gandi SAS": 1,
        "GoDaddy.com, LLC": 1,
        "Google LLC": 2,
        "Hosting Concepts B.V. d/b/a Openprovider": 1,
        "Hosting Concepts B.V. d/b/a Registrar.eu": 1,
        "Hostinger, UAB": 2,
        "Key-Systems GmbH": 1,
        "NameCheap, Inc.": 12,
        "NameSilo, LLC": 3,
        "Namecheap": 4,
        "Network Solutions, LLC": 1,
        "OnlineNIC, Inc.": 1,
        "PT Cloud Hosting Indonesia": 1,
        "ResellerCamp": 1,
        "Tucows Domains Inc.": 1,
        "TurnCommerce, Inc. DBA NameBright.com": 2,
        "Web Commerce Communications Limited dba WebNic.cc": 2,
        "eNom, LLC": 2,
        "total": 49
    },
    "percentage": {
        "CV. JOGJACAMP": 2.0408163265306123,
        "CV. Rumahweb Indonesia": 4.081632653061225,
        "Digital Registra": 10.204081632653061,
        "DropCatch.com 1146 LLC": 2.0408163265306123,
        "Endurance Digital Domain Technology LLP": 2.0408163265306123,
        "Gandi SAS": 2.0408163265306123,
        "GoDaddy.com, LLC": 2.0408163265306123,
        "Google LLC": 4.081632653061225,
        "Hosting Concepts B.V. d/b/a Openprovider": 2.0408163265306123,
        "Hosting Concepts B.V. d/b/a Registrar.eu": 2.0408163265306123,
        "Hostinger, UAB": 4.081632653061225,
        "Key-Systems GmbH": 2.0408163265306123,
        "NameCheap, Inc.": 24.489795918367346,
        "NameSilo, LLC": 6.122448979591836,
        "Namecheap": 8.16326530612245,
        "Network Solutions, LLC": 2.0408163265306123,
        "OnlineNIC, Inc.": 2.0408163265306123,
        "PT Cloud Hosting Indonesia": 2.0408163265306123,
        "ResellerCamp": 2.0408163265306123,
        "Tucows Domains Inc.": 2.0408163265306123,
        "TurnCommerce, Inc. DBA NameBright.com": 4.081632653061225,
        "Web Commerce Communications Limited dba WebNic.cc": 4.081632653061225,
        "eNom, LLC": 4.081632653061225,
        "total": 100.00000000000003
    }
}