{
    "counter": {
        "CV. JOGJACAMP": 1,
        "CV. Rumahweb Indonesia": 1,
        "Digital Registra": 6,
        "Google Inc.": 1,
        "Hosting Concepts B.V. d/b/a Registrar.eu": 3,
        "Hostinger, UAB": 4,
        "Jagat Informasi Solusi (int)": 1,
        "MAT BAO CORPORATION": 1,
        "NameCheap, Inc.": 3,
        "Namecheap": 1,
        "PDR Ltd. d/b/a PublicDomainRegistry.com": 1,
        "PT Aksara Data Digital": 4,
        "PT Cloud Hosting Indonesia": 1,
        "PT. Web Commerce Communications": 1,
        "Porkbun LLC": 2,
        "ResellerCamp": 2,
        "Web Commerce Communications Limited dba WebNic.cc": 3,
        "total": 36
    },
    "percentage": {
        "CV. JOGJACAMP": 2.7777777777777777,
        "CV. Rumahweb Indonesia": 2.7777777777777777,
        "Digital Registra": 16.666666666666668,
        "Google Inc.": 2.7777777777777777,
        "Hosting Concepts B.V. d/b/a Registrar.eu": 8.333333333333334,
        "Hostinger, UAB": 11.11111111111111,
        "Jagat Informasi Solusi (int)": 2.7777777777777777,
        "MAT BAO CORPORATION": 2.7777777777777777,
        "NameCheap, Inc.": 8.333333333333334,
        "Namecheap": 2.7777777777777777,
        "PDR Ltd. d/b/a PublicDomainRegistry.com": 2.7777777777777777,
        "PT Aksara Data Digital": 11.11111111111111,
        "PT Cloud Hosting Indonesia": 2.7777777777777777,
        "PT. Web Commerce Communications": 2.7777777777777777,
        "Porkbun LLC": 5.555555555555555,
        "ResellerCamp": 5.555555555555555,
        "Web Commerce Communications Limited dba WebNic.cc": 8.333333333333334,
        "total": 99.99999999999999
    }
}