{
    "counter": {
        "Hosting Concepts B.V. d/b/a Registrar.eu": 1,
        "Hostinger, UAB": 2,
        "NameCheap, Inc.": 1,
        "PDR Ltd. d/b/a PublicDomainRegistry.com": 1,
        "Tucows Domains Inc.": 1,
        "total": 6
    },
    "percentage": {
        "Hosting Concepts B.V. d/b/a Registrar.eu": 16.666666666666668,
        "Hostinger, UAB": 33.333333333333336,
        "NameCheap, Inc.": 16.666666666666668,
        "PDR Ltd. d/b/a PublicDomainRegistry.com": 16.666666666666668,
        "Tucows Domains Inc.": 16.666666666666668,
        "total": 100.00000000000001
    }
}