{
    "counter": {
        "CV. JOGJACAMP": 4,
        "CV. Rumahweb Indonesia": 1,
        "Digital Registra": 3,
        "Hostinger, UAB": 3,
        "MAT BAO CORPORATION": 1,
        "Name.com, Inc.": 1,
        "NameCheap, Inc.": 4,
        "PDR Ltd. d/b/a PublicDomainRegistry.com": 2,
        "PT ARDH GLOBAL INDONESIA": 1,
        "ResellerCamp": 1,
        "total": 21
    },
    "percentage": {
        "CV. JOGJACAMP": 19.047619047619047,
        "CV. Rumahweb Indonesia": 4.761904761904762,
        "Digital Registra": 14.285714285714286,
        "Hostinger, UAB": 14.285714285714286,
        "MAT BAO CORPORATION": 4.761904761904762,
        "Name.com, Inc.": 4.761904761904762,
        "NameCheap, Inc.": 19.047619047619047,
        "PDR Ltd. d/b/a PublicDomainRegistry.com": 9.523809523809524,
        "PT ARDH GLOBAL INDONESIA": 4.761904761904762,
        "ResellerCamp": 4.761904761904762,
        "total": 99.99999999999999
    }
}