{
    "counter": {
        "CV. Rumahweb Indonesia": 2,
        "Hostinger, UAB": 2,
        "NameCheap, Inc.": 4,
        "Namecheap": 4,
        "PT. Web Commerce Communications": 2,
        "total": 14
    },
    "percentage": {
        "CV. Rumahweb Indonesia": 14.285714285714286,
        "Hostinger, UAB": 14.285714285714286,
        "NameCheap, Inc.": 28.571428571428573,
        "Namecheap": 28.571428571428573,
        "PT. Web Commerce Communications": 14.285714285714286,
        "total": 100.00000000000001
    }
}