{
    "counter": {
        "CV. JOGJACAMP": 4,
        "HOSTINGER operations, UAB": 4,
        "NameCheap, Inc.": 10,
        "Namecheap": 2,
        "Namecheap Inc.": 2,
        "Web Commerce Communications Limited dba WebNic.cc": 2,
        "total": 24
    },
    "percentage": {
        "CV. JOGJACAMP": 16.666666666666668,
        "HOSTINGER operations, UAB": 16.666666666666668,
        "NameCheap, Inc.": 41.666666666666664,
        "Namecheap": 8.333333333333334,
        "Namecheap Inc.": 8.333333333333334,
        "Web Commerce Communications Limited dba WebNic.cc": 8.333333333333334,
        "total": 99.99999999999999
    }
}