{
    "counter": {
        "CV. JOGJACAMP": 2,
        "CV. Rumahweb Indonesia": 2,
        "Digital Registra": 2,
        "NameCheap, Inc.": 6,
        "Namecheap": 6,
        "Registrasi Neva Angkasa": 2,
        "Web Commerce Communications Limited dba WebNic.cc": 2,
        "total": 22
    },
    "percentage": {
        "CV. JOGJACAMP": 9.090909090909092,
        "CV. Rumahweb Indonesia": 9.090909090909092,
        "Digital Registra": 9.090909090909092,
        "NameCheap, Inc.": 27.272727272727273,
        "Namecheap": 27.272727272727273,
        "Registrasi Neva Angkasa": 9.090909090909092,
        "Web Commerce Communications Limited dba WebNic.cc": 9.090909090909092,
        "total": 100.0
    }
}