{
    "counter": {
        "CV. JOGJACAMP": 1,
        "CV. Rumahweb Indonesia": 2,
        "Digital Registra": 1,
        "GoDaddy.com, LLC": 1,
        "Jagoan Hosting": 1,
        "NameCheap, Inc.": 4,
        "PDR Ltd. d/b/a PublicDomainRegistry.com": 2,
        "PT Aksara Data Digital": 1,
        "PT Cloud Hosting Indonesia": 2,
        "PT Registrasi Nama Domain": 1,
        "PT. Web Commerce Communications": 1,
        "Registrasi Neva Angkasa": 1,
        "ResellerCamp": 1,
        "total": 19
    },
    "percentage": {
        "CV. JOGJACAMP": 5.2631578947368425,
        "CV. Rumahweb Indonesia": 10.526315789473685,
        "Digital Registra": 5.2631578947368425,
        "GoDaddy.com, LLC": 5.2631578947368425,
        "Jagoan Hosting": 5.2631578947368425,
        "NameCheap, Inc.": 21.05263157894737,
        "PDR Ltd. d/b/a PublicDomainRegistry.com": 10.526315789473685,
        "PT Aksara Data Digital": 5.2631578947368425,
        "PT Cloud Hosting Indonesia": 10.526315789473685,
        "PT Registrasi Nama Domain": 5.2631578947368425,
        "PT. Web Commerce Communications": 5.2631578947368425,
        "Registrasi Neva Angkasa": 5.2631578947368425,
        "ResellerCamp": 5.2631578947368425,
        "total": 100.00000000000003
    }
}