{
    "counter": {
        "CV. JOGJACAMP": 3,
        "CV. Rumahweb Indonesia": 4,
        "DYNADOT, LLC": 1,
        "Digital Registra": 1,
        "Dynadot, LLC": 1,
        "Go Daddy, LLC": 2,
        "GoDaddy.com, LLC": 1,
        "Hostinger, UAB": 5,
        "Libyan Spider Network (int)": 1,
        "NameCheap, Inc.": 11,
        "NameSilo, LLC": 1,
        "Namecheap": 3,
        "PDR Ltd. d/b/a PublicDomainRegistry.com": 3,
        "PT Aksara Data Digital": 1,
        "PT Registrasi Nama Domain": 1,
        "Tucows Domains Inc.": 2,
        "Web Commerce Communications Limited dba WebNic.cc": 1,
        "total": 42
    },
    "percentage": {
        "CV. JOGJACAMP": 7.142857142857143,
        "CV. Rumahweb Indonesia": 9.523809523809524,
        "DYNADOT, LLC": 2.380952380952381,
        "Digital Registra": 2.380952380952381,
        "Dynadot, LLC": 2.380952380952381,
        "Go Daddy, LLC": 4.761904761904762,
        "GoDaddy.com, LLC": 2.380952380952381,
        "Hostinger, UAB": 11.904761904761905,
        "Libyan Spider Network (int)": 2.380952380952381,
        "NameCheap, Inc.": 26.19047619047619,
        "NameSilo, LLC": 2.380952380952381,
        "Namecheap": 7.142857142857143,
        "PDR Ltd. d/b/a PublicDomainRegistry.com": 7.142857142857143,
        "PT Aksara Data Digital": 2.380952380952381,
        "PT Registrasi Nama Domain": 2.380952380952381,
        "Tucows Domains Inc.": 4.761904761904762,
        "Web Commerce Communications Limited dba WebNic.cc": 2.380952380952381,
        "total": 99.99999999999997
    }
}