{
    "counter": {
        "Amazon Registrar, Inc.": 1,
        "CBN Registrar": 1,
        "CV. JOGJACAMP": 2,
        "CV. Rumahweb Indonesia": 4,
        "CloudFlare, Inc.": 1,
        "Digital Registra": 2,
        "Domain.com, LLC": 2,
        "GKG.Net, Inc.": 1,
        "GoDaddy.com, LLC": 5,
        "Google LLC": 1,
        "Hosting Concepts B.V. d/b/a Registrar.eu": 1,
        "Hostinger, UAB": 1,
        "INDOREG": 1,
        "Kilat Domain": 1,
        "Name.com, Inc.": 2,
        "NameCheap, Inc.": 2,
        "NameSilo, LLC": 1,
        "Namecheap": 20,
        "Namecheap Inc.": 1,
        "PT DEWABISNIS DIGITAL INDONESIA": 1,
        "PT Registrasi Nama Domain": 1,
        "Porkbun LLC": 1,
        "ResellerCamp": 1,
        "Tucows Domains Inc.": 2,
        "Web Commerce Communications Limited dba WebNic.cc": 2,
        "total": 58
    },
    "percentage": {
        "Amazon Registrar, Inc.": 1.7241379310344827,
        "CBN Registrar": 1.7241379310344827,
        "CV. JOGJACAMP": 3.4482758620689653,
        "CV. Rumahweb Indonesia": 6.896551724137931,
        "CloudFlare, Inc.": 1.7241379310344827,
        "Digital Registra": 3.4482758620689653,
        "Domain.com, LLC": 3.4482758620689653,
        "GKG.Net, Inc.": 1.7241379310344827,
        "GoDaddy.com, LLC": 8.620689655172415,
        "Google LLC": 1.7241379310344827,
        "Hosting Concepts B.V. d/b/a Registrar.eu": 1.7241379310344827,
        "Hostinger, UAB": 1.7241379310344827,
        "INDOREG": 1.7241379310344827,
        "Kilat Domain": 1.7241379310344827,
        "Name.com, Inc.": 3.4482758620689653,
        "NameCheap, Inc.": 3.4482758620689653,
        "NameSilo, LLC": 1.7241379310344827,
        "Namecheap": 34.48275862068966,
        "Namecheap Inc.": 1.7241379310344827,
        "PT DEWABISNIS DIGITAL INDONESIA": 1.7241379310344827,
        "PT Registrasi Nama Domain": 1.7241379310344827,
        "Porkbun LLC": 1.7241379310344827,
        "ResellerCamp": 1.7241379310344827,
        "Tucows Domains Inc.": 3.4482758620689653,
        "Web Commerce Communications Limited dba WebNic.cc": 3.4482758620689653,
        "total": 100.0
    }
}