{
    "counter": {
        "Above.com Pty Ltd.": 2,
        "CV. JOGJACAMP": 54,
        "CV. Rumahweb Indonesia": 60,
        "CloudFlare, Inc.": 2,
        "DEPA": 2,
        "Digital Registra": 68,
        "Dynadot Inc": 4,
        "GoDaddy.com, LLC": 18,
        "Google LLC": 6,
        "HOSTINGER operations, UAB": 64,
        "Hosting Concepts B.V. d/b/a Registrar.eu": 20,
        "Jagat Informasi Solusi (int)": 4,
        "Jagoan Hosting": 6,
        "Kilat Domain": 2,
        "Name.com, Inc.": 2,
        "NameCheap, Inc.": 56,
        "NameSilo, LLC": 2,
        "Namecheap": 12,
        "Namecheap Inc.": 4,
        "OnlineNIC, Inc.": 4,
        "OwnRegistrar, Inc.": 2,
        "PDR Ltd. d/b/a PublicDomainRegistry.com": 52,
        "PT ARDH GLOBAL INDONESIA": 10,
        "PT Aksara Data Digital": 20,
        "PT Cloud Hosting Indonesia": 12,
        "PT Registrasi Nama Domain": 8,
        "PT. Web Commerce Communications": 12,
        "Porkbun": 2,
        "Porkbun LLC": 2,
        "Registrasi Neva Angkasa": 8,
        "ResellerCamp": 22,
        "TLD Registrar Solutions Ltd.": 2,
        "Tucows Domains Inc.": 14,
        "UK-2 Limited": 2,
        "Web Commerce Communications Limited dba WebNic.cc": 46,
        "Web Commerce Communications Ltd": 2,
        "total": 608
    },
    "percentage": {
        "Above.com Pty Ltd.": 0.32894736842105265,
        "CV. JOGJACAMP": 8.881578947368421,
        "CV. Rumahweb Indonesia": 9.868421052631579,
        "CloudFlare, Inc.": 0.32894736842105265,
        "DEPA": 0.32894736842105265,
        "Digital Registra": 11.18421052631579,
        "Dynadot Inc": 0.6578947368421053,
        "GoDaddy.com, LLC": 2.960526315789474,
        "Google LLC": 0.9868421052631579,
        "HOSTINGER operations, UAB": 10.526315789473685,
        "Hosting Concepts B.V. d/b/a Registrar.eu": 3.289473684210526,
        "Jagat Informasi Solusi (int)": 0.6578947368421053,
        "Jagoan Hosting": 0.9868421052631579,
        "Kilat Domain": 0.32894736842105265,
        "Name.com, Inc.": 0.32894736842105265,
        "NameCheap, Inc.": 9.210526315789474,
        "NameSilo, LLC": 0.32894736842105265,
        "Namecheap": 1.9736842105263157,
        "Namecheap Inc.": 0.6578947368421053,
        "OnlineNIC, Inc.": 0.6578947368421053,
        "OwnRegistrar, Inc.": 0.32894736842105265,
        "PDR Ltd. d/b/a PublicDomainRegistry.com": 8.552631578947368,
        "PT ARDH GLOBAL INDONESIA": 1.644736842105263,
        "PT Aksara Data Digital": 3.289473684210526,
        "PT Cloud Hosting Indonesia": 1.9736842105263157,
        "PT Registrasi Nama Domain": 1.3157894736842106,
        "PT. Web Commerce Communications": 1.9736842105263157,
        "Porkbun": 0.32894736842105265,
        "Porkbun LLC": 0.32894736842105265,
        "Registrasi Neva Angkasa": 1.3157894736842106,
        "ResellerCamp": 3.6184210526315788,
        "TLD Registrar Solutions Ltd.": 0.32894736842105265,
        "Tucows Domains Inc.": 2.3026315789473686,
        "UK-2 Limited": 0.32894736842105265,
        "Web Commerce Communications Limited dba WebNic.cc": 7.565789473684211,
        "Web Commerce Communications Ltd": 0.32894736842105265,
        "total": 99.99999999999999
    }
}