{
    "counter": {
        "CV. JOGJACAMP": 8,
        "CV. Rumahweb Indonesia": 3,
        "Digital Registra": 5,
        "Go Daddy, LLC": 2,
        "GoDaddy.com, LLC": 4,
        "Gransy, s.r.o.": 1,
        "GrepApps Technology Inc.": 1,
        "Hosting Concepts B.V. d/b/a Registrar.eu": 1,
        "Hostinger, UAB": 5,
        "Libyan Spider Network (int)": 3,
        "Name.com, Inc.": 1,
        "NameCheap, Inc.": 11,
        "NameSilo, LLC": 1,
        "Namecheap": 4,
        "Namecheap Inc.": 1,
        "PDR Ltd. d/b/a PublicDomainRegistry.com": 5,
        "PT Biznet Gio Nusantara": 1,
        "PT Cloud Hosting Indonesia": 1,
        "PT Registrasi Nama Domain": 1,
        "Tucows Domains Inc.": 2,
        "Web Commerce Communications Limited dba WebNic.cc": 5,
        "Xiamen ChinaSource Internet Service Co., Ltd": 1,
        "total": 67
    },
    "percentage": {
        "CV. JOGJACAMP": 11.940298507462687,
        "CV. Rumahweb Indonesia": 4.477611940298507,
        "Digital Registra": 7.462686567164179,
        "Go Daddy, LLC": 2.985074626865672,
        "GoDaddy.com, LLC": 5.970149253731344,
        "Gransy, s.r.o.": 1.492537313432836,
        "GrepApps Technology Inc.": 1.492537313432836,
        "Hosting Concepts B.V. d/b/a Registrar.eu": 1.492537313432836,
        "Hostinger, UAB": 7.462686567164179,
        "Libyan Spider Network (int)": 4.477611940298507,
        "Name.com, Inc.": 1.492537313432836,
        "NameCheap, Inc.": 16.417910447761194,
        "NameSilo, LLC": 1.492537313432836,
        "Namecheap": 5.970149253731344,
        "Namecheap Inc.": 1.492537313432836,
        "PDR Ltd. d/b/a PublicDomainRegistry.com": 7.462686567164179,
        "PT Biznet Gio Nusantara": 1.492537313432836,
        "PT Cloud Hosting Indonesia": 1.492537313432836,
        "PT Registrasi Nama Domain": 1.492537313432836,
        "Tucows Domains Inc.": 2.985074626865672,
        "Web Commerce Communications Limited dba WebNic.cc": 7.462686567164179,
        "Xiamen ChinaSource Internet Service Co., Ltd": 1.492537313432836,
        "total": 99.99999999999999
    }
}