{
    "counter": {
        "CV. JOGJACAMP": 1,
        "CV. Rumahweb Indonesia": 2,
        "Hostinger, UAB": 2,
        "NameCheap, Inc.": 1,
        "PDR Ltd. d/b/a PublicDomainRegistry.com": 2,
        "PT Aksara Data Digital": 1,
        "Porkbun LLC": 1,
        "Tucows Domains Inc.": 1,
        "Web Commerce Communications Limited dba WebNic.cc": 2,
        "total": 13
    },
    "percentage": {
        "CV. JOGJACAMP": 7.6923076923076925,
        "CV. Rumahweb Indonesia": 15.384615384615385,
        "Hostinger, UAB": 15.384615384615385,
        "NameCheap, Inc.": 7.6923076923076925,
        "PDR Ltd. d/b/a PublicDomainRegistry.com": 15.384615384615385,
        "PT Aksara Data Digital": 7.6923076923076925,
        "Porkbun LLC": 7.6923076923076925,
        "Tucows Domains Inc.": 7.6923076923076925,
        "Web Commerce Communications Limited dba WebNic.cc": 15.384615384615385,
        "total": 100.0
    }
}