{
    "counter": {
        "Domain.com, LLC": 1,
        "Name.com, Inc.": 1,
        "Porkbun LLC": 1,
        "total": 3
    },
    "percentage": {
        "Domain.com, LLC": 33.333333333333336,
        "Name.com, Inc.": 33.333333333333336,
        "Porkbun LLC": 33.333333333333336,
        "total": 100.0
    }
}