{
    "counter": {
        "Amazon Registrar, Inc.": 1,
        "CBN Registrar": 1,
        "CV. JOGJACAMP": 3,
        "CV. Rumahweb Indonesia": 7,
        "CloudFlare, Inc.": 1,
        "Digital Registra": 3,
        "Domain.com, LLC": 2,
        "GKG.Net, Inc.": 1,
        "GoDaddy.com, LLC": 7,
        "Google LLC": 1,
        "Hosting Concepts B.V. d/b/a Registrar.eu": 1,
        "Hostinger, UAB": 2,
        "Kilat Domain": 1,
        "NAMECHEAP": 1,
        "Name.com, Inc.": 3,
        "NameCheap, Inc.": 1,
        "NameSilo, LLC": 1,
        "Namecheap": 20,
        "Namecheap Inc.": 1,
        "PT Aksara Data Digital": 4,
        "PT DEWABISNIS DIGITAL INDONESIA": 1,
        "PT Registrasi Nama Domain": 1,
        "PT. Web Commerce Communications": 1,
        "Porkbun LLC": 1,
        "ResellerCamp": 4,
        "Tucows Domains Inc.": 2,
        "Web Commerce Communications Limited dba WebNic.cc": 5,
        "total": 77
    },
    "percentage": {
        "Amazon Registrar, Inc.": 1.2987012987012987,
        "CBN Registrar": 1.2987012987012987,
        "CV. JOGJACAMP": 3.896103896103896,
        "CV. Rumahweb Indonesia": 9.090909090909092,
        "CloudFlare, Inc.": 1.2987012987012987,
        "Digital Registra": 3.896103896103896,
        "Domain.com, LLC": 2.5974025974025974,
        "GKG.Net, Inc.": 1.2987012987012987,
        "GoDaddy.com, LLC": 9.090909090909092,
        "Google LLC": 1.2987012987012987,
        "Hosting Concepts B.V. d/b/a Registrar.eu": 1.2987012987012987,
        "Hostinger, UAB": 2.5974025974025974,
        "Kilat Domain": 1.2987012987012987,
        "NAMECHEAP": 1.2987012987012987,
        "Name.com, Inc.": 3.896103896103896,
        "NameCheap, Inc.": 1.2987012987012987,
        "NameSilo, LLC": 1.2987012987012987,
        "Namecheap": 25.974025974025974,
        "Namecheap Inc.": 1.2987012987012987,
        "PT Aksara Data Digital": 5.194805194805195,
        "PT DEWABISNIS DIGITAL INDONESIA": 1.2987012987012987,
        "PT Registrasi Nama Domain": 1.2987012987012987,
        "PT. Web Commerce Communications": 1.2987012987012987,
        "Porkbun LLC": 1.2987012987012987,
        "ResellerCamp": 5.194805194805195,
        "Tucows Domains Inc.": 2.5974025974025974,
        "Web Commerce Communications Limited dba WebNic.cc": 6.4935064935064934,
        "total": 100.0
    }
}