{
    "counter": {
        "CV. JOGJACAMP": 4,
        "CV. Rumahweb Indonesia": 2,
        "Cosmotown, Inc.": 2,
        "GoDaddy.com, LLC": 2,
        "Hostinger UAB": 2,
        "Jagoan Hosting": 2,
        "NameCheap, Inc.": 8,
        "Namecheap": 8,
        "Porkbun": 2,
        "Porkbun LLC": 2,
        "Registrasi Neva Angkasa": 2,
        "Sav.com, LLC": 2,
        "total": 38
    },
    "percentage": {
        "CV. JOGJACAMP": 10.526315789473685,
        "CV. Rumahweb Indonesia": 5.2631578947368425,
        "Cosmotown, Inc.": 5.2631578947368425,
        "GoDaddy.com, LLC": 5.2631578947368425,
        "Hostinger UAB": 5.2631578947368425,
        "Jagoan Hosting": 5.2631578947368425,
        "NameCheap, Inc.": 21.05263157894737,
        "Namecheap": 21.05263157894737,
        "Porkbun": 5.2631578947368425,
        "Porkbun LLC": 5.2631578947368425,
        "Registrasi Neva Angkasa": 5.2631578947368425,
        "Sav.com, LLC": 5.2631578947368425,
        "total": 100.00000000000003
    }
}