{
    "counter": {
        "CV. JOGJACAMP": 1,
        "CV. Rumahweb Indonesia": 1,
        "DYNADOT, LLC": 1,
        "DropCatch.com 1329 LLC": 1,
        "Hello Internet Corp": 1,
        "PDR Ltd. d/b/a PublicDomainRegistry.com": 2,
        "PT Aksara Data Digital": 1,
        "PT Cloud Hosting Indonesia": 1,
        "Tucows Domains Inc.": 1,
        "Web Commerce Communications Limited dba WebNic.cc": 1,
        "total": 11
    },
    "percentage": {
        "CV. JOGJACAMP": 9.090909090909092,
        "CV. Rumahweb Indonesia": 9.090909090909092,
        "DYNADOT, LLC": 9.090909090909092,
        "DropCatch.com 1329 LLC": 9.090909090909092,
        "Hello Internet Corp": 9.090909090909092,
        "PDR Ltd. d/b/a PublicDomainRegistry.com": 18.181818181818183,
        "PT Aksara Data Digital": 9.090909090909092,
        "PT Cloud Hosting Indonesia": 9.090909090909092,
        "Tucows Domains Inc.": 9.090909090909092,
        "Web Commerce Communications Limited dba WebNic.cc": 9.090909090909092,
        "total": 100.00000000000001
    }
}