{
    "counter": {
        "CV. JOGJACAMP": 2,
        "CV. Rumahweb Indonesia": 2,
        "Digital Registra": 2,
        "DropCatch.com 398 LLC": 1,
        "GoDaddy.com, LLC": 1,
        "Hosting Concepts B.V. d/b/a Registrar.eu": 1,
        "MarkMonitor Inc.": 1,
        "Name.com, Inc.": 1,
        "NameCheap, Inc.": 10,
        "PT Aksara Data Digital": 2,
        "Soluciones Corporativas IP, SL": 1,
        "Web Commerce Communications Limited dba WebNic.cc": 3,
        "total": 27
    },
    "percentage": {
        "CV. JOGJACAMP": 7.407407407407407,
        "CV. Rumahweb Indonesia": 7.407407407407407,
        "Digital Registra": 7.407407407407407,
        "DropCatch.com 398 LLC": 3.7037037037037037,
        "GoDaddy.com, LLC": 3.7037037037037037,
        "Hosting Concepts B.V. d/b/a Registrar.eu": 3.7037037037037037,
        "MarkMonitor Inc.": 3.7037037037037037,
        "Name.com, Inc.": 3.7037037037037037,
        "NameCheap, Inc.": 37.03703703703704,
        "PT Aksara Data Digital": 7.407407407407407,
        "Soluciones Corporativas IP, SL": 3.7037037037037037,
        "Web Commerce Communications Limited dba WebNic.cc": 11.11111111111111,
        "total": 100.0
    }
}