{
    "counter": {
        "CBN Registrar": 1,
        "CV. JOGJACAMP": 1,
        "DYNADOT, LLC": 1,
        "Digital Registra": 2,
        "GoDaddy.com, LLC": 2,
        "Hostinger, UAB": 2,
        "NAMECHEAP": 1,
        "NameCheap, Inc.": 3,
        "NameSilo, LLC": 1,
        "Sarek Oy": 1,
        "Tucows Domains Inc.": 1,
        "URL Solutions, Inc.": 1,
        "Web Commerce Communications Limited dba WebNic.cc": 1,
        "total": 18
    },
    "percentage": {
        "CBN Registrar": 5.555555555555555,
        "CV. JOGJACAMP": 5.555555555555555,
        "DYNADOT, LLC": 5.555555555555555,
        "Digital Registra": 11.11111111111111,
        "GoDaddy.com, LLC": 11.11111111111111,
        "Hostinger, UAB": 11.11111111111111,
        "NAMECHEAP": 5.555555555555555,
        "NameCheap, Inc.": 16.666666666666668,
        "NameSilo, LLC": 5.555555555555555,
        "Sarek Oy": 5.555555555555555,
        "Tucows Domains Inc.": 5.555555555555555,
        "URL Solutions, Inc.": 5.555555555555555,
        "Web Commerce Communications Limited dba WebNic.cc": 5.555555555555555,
        "total": 100.00000000000001
    }
}