{
    "counter": {
        "CV. JOGJACAMP": 3,
        "CV. Rumahweb Indonesia": 5,
        "Digital Registra": 12,
        "Google Inc.": 1,
        "Hosting Concepts B.V. d/b/a Registrar.eu": 4,
        "Hostinger, UAB": 8,
        "Jagat Informasi Solusi (int)": 1,
        "MAT BAO CORPORATION": 3,
        "NameCheap, Inc.": 3,
        "Namecheap": 1,
        "PDR Ltd. d/b/a PublicDomainRegistry.com": 5,
        "PT Aksara Data Digital": 6,
        "PT Cloud Hosting Indonesia": 1,
        "PT Registrasi Nama Domain": 1,
        "PT. Web Commerce Communications": 2,
        "Porkbun": 1,
        "Porkbun LLC": 2,
        "ResellerCamp": 2,
        "Tucows Domains Inc.": 1,
        "Web Commerce Communications Limited dba WebNic.cc": 5,
        "total": 67
    },
    "percentage": {
        "CV. JOGJACAMP": 4.477611940298507,
        "CV. Rumahweb Indonesia": 7.462686567164179,
        "Digital Registra": 17.91044776119403,
        "Google Inc.": 1.492537313432836,
        "Hosting Concepts B.V. d/b/a Registrar.eu": 5.970149253731344,
        "Hostinger, UAB": 11.940298507462687,
        "Jagat Informasi Solusi (int)": 1.492537313432836,
        "MAT BAO CORPORATION": 4.477611940298507,
        "NameCheap, Inc.": 4.477611940298507,
        "Namecheap": 1.492537313432836,
        "PDR Ltd. d/b/a PublicDomainRegistry.com": 7.462686567164179,
        "PT Aksara Data Digital": 8.955223880597014,
        "PT Cloud Hosting Indonesia": 1.492537313432836,
        "PT Registrasi Nama Domain": 1.492537313432836,
        "PT. Web Commerce Communications": 2.985074626865672,
        "Porkbun": 1.492537313432836,
        "Porkbun LLC": 2.985074626865672,
        "ResellerCamp": 2.985074626865672,
        "Tucows Domains Inc.": 1.492537313432836,
        "Web Commerce Communications Limited dba WebNic.cc": 7.462686567164179,
        "total": 99.99999999999999
    }
}