{
    "counter": {
        "101domain GRS Limited": 1,
        "123-Reg Limited": 1,
        "CV. JOGJACAMP": 2,
        "CV. Rumahweb Indonesia": 4,
        "DYNADOT, LLC": 1,
        "Dynadot LLC": 5,
        "Endurance Digital Domain Technology LLP": 1,
        "Go Daddy, LLC": 1,
        "GoDaddy.com, LLC": 19,
        "Google LLC.": 1,
        "HIOX SOFTWARES PRIVATE LIMITED": 1,
        "Hosting Concepts B.V. d/b/a Openprovider": 1,
        "Hosting Concepts B.V. d/b/a Registrar.eu": 1,
        "Hostinger, UAB": 8,
        "Mat Bao Corporation": 1,
        "NAMECHEAP": 2,
        "NameCheap, Inc.": 31,
        "NameSilo, LLC": 6,
        "Namecheap": 14,
        "Namecheap Inc.": 1,
        "OVH": 2,
        "PDR Ltd.": 1,
        "PDR Ltd. d/b/a PublicDomainRegistry.com": 13,
        "Porkbun LLC": 1,
        "Registrar of Domain Names REG.RU, LLC": 1,
        "STILEEX": 1,
        "Sav.com LLC": 1,
        "Sav.com, LLC": 1,
        "Sav.com, LLC - 18": 1,
        "Soluciones Corporativas IP, SL": 1,
        "Tucows Domains Inc.": 1,
        "Web Commerce Communications Limited dba WebNic.cc": 1,
        "Web Commerce Communications Ltd": 1,
        "humbly, LLC": 1,
        "total": 129
    },
    "percentage": {
        "101domain GRS Limited": 0.7751937984496124,
        "123-Reg Limited": 0.7751937984496124,
        "CV. JOGJACAMP": 1.550387596899225,
        "CV. Rumahweb Indonesia": 3.10077519379845,
        "DYNADOT, LLC": 0.7751937984496124,
        "Dynadot LLC": 3.875968992248062,
        "Endurance Digital Domain Technology LLP": 0.7751937984496124,
        "Go Daddy, LLC": 0.7751937984496124,
        "GoDaddy.com, LLC": 14.728682170542635,
        "Google LLC.": 0.7751937984496124,
        "HIOX SOFTWARES PRIVATE LIMITED": 0.7751937984496124,
        "Hosting Concepts B.V. d/b/a Openprovider": 0.7751937984496124,
        "Hosting Concepts B.V. d/b/a Registrar.eu": 0.7751937984496124,
        "Hostinger, UAB": 6.2015503875969,
        "Mat Bao Corporation": 0.7751937984496124,
        "NAMECHEAP": 1.550387596899225,
        "NameCheap, Inc.": 24.031007751937985,
        "NameSilo, LLC": 4.651162790697675,
        "Namecheap": 10.852713178294573,
        "Namecheap Inc.": 0.7751937984496124,
        "OVH": 1.550387596899225,
        "PDR Ltd.": 0.7751937984496124,
        "PDR Ltd. d/b/a PublicDomainRegistry.com": 10.077519379844961,
        "Porkbun LLC": 0.7751937984496124,
        "Registrar of Domain Names REG.RU, LLC": 0.7751937984496124,
        "STILEEX": 0.7751937984496124,
        "Sav.com LLC": 0.7751937984496124,
        "Sav.com, LLC": 0.7751937984496124,
        "Sav.com, LLC - 18": 0.7751937984496124,
        "Soluciones Corporativas IP, SL": 0.7751937984496124,
        "Tucows Domains Inc.": 0.7751937984496124,
        "Web Commerce Communications Limited dba WebNic.cc": 0.7751937984496124,
        "Web Commerce Communications Ltd": 0.7751937984496124,
        "humbly, LLC": 0.7751937984496124,
        "total": 99.99999999999993
    }
}