{
    "counter": {
        "Amazon Registrar, Inc.": 2,
        "CBN Registrar": 3,
        "CV. JOGJACAMP": 3,
        "CV. Rumahweb Indonesia": 7,
        "CloudFlare, Inc.": 1,
        "Digital Registra": 5,
        "Domain.com, LLC": 2,
        "GKG.Net, Inc.": 1,
        "GoDaddy.com, LLC": 8,
        "Google LLC": 1,
        "Hosting Concepts B.V. d/b/a Registrar.eu": 1,
        "Hostinger, UAB": 2,
        "Kilat Domain": 1,
        "NAMECHEAP": 1,
        "Name.com, Inc.": 3,
        "NameCheap, Inc.": 6,
        "NameSilo, LLC": 2,
        "Namecheap": 21,
        "Namecheap Inc.": 1,
        "PDR Ltd. d/b/a PublicDomainRegistry.com": 1,
        "PT Aksara Data Digital": 5,
        "PT DEWABISNIS DIGITAL INDONESIA": 1,
        "PT Registrasi Nama Domain": 2,
        "PT. Web Commerce Communications": 1,
        "Porkbun LLC": 1,
        "Register.com, Inc.": 1,
        "ResellerCamp": 7,
        "Tucows Domains Inc.": 2,
        "Web Commerce Communications Limited dba WebNic.cc": 7,
        "total": 99
    },
    "percentage": {
        "Amazon Registrar, Inc.": 2.0202020202020203,
        "CBN Registrar": 3.0303030303030303,
        "CV. JOGJACAMP": 3.0303030303030303,
        "CV. Rumahweb Indonesia": 7.070707070707071,
        "CloudFlare, Inc.": 1.0101010101010102,
        "Digital Registra": 5.05050505050505,
        "Domain.com, LLC": 2.0202020202020203,
        "GKG.Net, Inc.": 1.0101010101010102,
        "GoDaddy.com, LLC": 8.080808080808081,
        "Google LLC": 1.0101010101010102,
        "Hosting Concepts B.V. d/b/a Registrar.eu": 1.0101010101010102,
        "Hostinger, UAB": 2.0202020202020203,
        "Kilat Domain": 1.0101010101010102,
        "NAMECHEAP": 1.0101010101010102,
        "Name.com, Inc.": 3.0303030303030303,
        "NameCheap, Inc.": 6.0606060606060606,
        "NameSilo, LLC": 2.0202020202020203,
        "Namecheap": 21.21212121212121,
        "Namecheap Inc.": 1.0101010101010102,
        "PDR Ltd. d/b/a PublicDomainRegistry.com": 1.0101010101010102,
        "PT Aksara Data Digital": 5.05050505050505,
        "PT DEWABISNIS DIGITAL INDONESIA": 1.0101010101010102,
        "PT Registrasi Nama Domain": 2.0202020202020203,
        "PT. Web Commerce Communications": 1.0101010101010102,
        "Porkbun LLC": 1.0101010101010102,
        "Register.com, Inc.": 1.0101010101010102,
        "ResellerCamp": 7.070707070707071,
        "Tucows Domains Inc.": 2.0202020202020203,
        "Web Commerce Communications Limited dba WebNic.cc": 7.070707070707071,
        "total": 100.00000000000001
    }
}