{
    "counter": {
        "Digital Registra": 1,
        "Dynadot LLC": 1,
        "NameCheap, Inc.": 4,
        "Namecheap": 1,
        "total": 7
    },
    "percentage": {
        "Digital Registra": 14.285714285714286,
        "Dynadot LLC": 14.285714285714286,
        "NameCheap, Inc.": 57.142857142857146,
        "Namecheap": 14.285714285714286,
        "total": 100.00000000000001
    }
}