{
    "counter": {
        "CV. JOGJACAMP": 4,
        "Digital Registra": 2,
        "Google LLC": 2,
        "Hostinger, UAB": 2,
        "NameSilo, LLC": 2,
        "PDR Ltd. d/b/a PublicDomainRegistry.com": 2,
        "PT ARDH GLOBAL INDONESIA": 2,
        "PT Registrasi Nama Domain": 2,
        "PT. Web Commerce Communications": 2,
        "Sav.com, LLC": 2,
        "Web Commerce Communications Limited dba WebNic.cc": 2,
        "total": 24
    },
    "percentage": {
        "CV. JOGJACAMP": 16.666666666666668,
        "Digital Registra": 8.333333333333334,
        "Google LLC": 8.333333333333334,
        "Hostinger, UAB": 8.333333333333334,
        "NameSilo, LLC": 8.333333333333334,
        "PDR Ltd. d/b/a PublicDomainRegistry.com": 8.333333333333334,
        "PT ARDH GLOBAL INDONESIA": 8.333333333333334,
        "PT Registrasi Nama Domain": 8.333333333333334,
        "PT. Web Commerce Communications": 8.333333333333334,
        "Sav.com, LLC": 8.333333333333334,
        "Web Commerce Communications Limited dba WebNic.cc": 8.333333333333334,
        "total": 99.99999999999999
    }
}