{
    "counter": {
        "Hosting Concepts B.V. d/b/a Registrar.eu": 2,
        "NameCheap, Inc.": 4,
        "Namecheap": 10,
        "Porkbun": 2,
        "total": 18
    },
    "percentage": {
        "Hosting Concepts B.V. d/b/a Registrar.eu": 11.11111111111111,
        "NameCheap, Inc.": 22.22222222222222,
        "Namecheap": 55.55555555555556,
        "Porkbun": 11.11111111111111,
        "total": 100.0
    }
}