{
    "counter": {
        "CV. JOGJACAMP": 2,
        "CV. Rumahweb Indonesia": 2,
        "Dynadot Inc": 2,
        "Jagoan Hosting": 2,
        "NameCheap, Inc.": 10,
        "NameSilo, LLC": 2,
        "Namecheap": 34,
        "PT Cloud Hosting Indonesia": 2,
        "total": 56
    },
    "percentage": {
        "CV. JOGJACAMP": 3.5714285714285716,
        "CV. Rumahweb Indonesia": 3.5714285714285716,
        "Dynadot Inc": 3.5714285714285716,
        "Jagoan Hosting": 3.5714285714285716,
        "NameCheap, Inc.": 17.857142857142858,
        "NameSilo, LLC": 3.5714285714285716,
        "Namecheap": 60.714285714285715,
        "PT Cloud Hosting Indonesia": 3.5714285714285716,
        "total": 100.0
    }
}