{
    "counter": {
        "CV. JOGJACAMP": 5,
        "CV. Rumahweb Indonesia": 2,
        "Digital Registra": 3,
        "Go Daddy, LLC": 1,
        "GoDaddy.com, LLC": 1,
        "Gransy, s.r.o.": 1,
        "GrepApps Technology Inc.": 1,
        "Hosting Concepts B.V. d/b/a Registrar.eu": 1,
        "Hostinger, UAB": 4,
        "Libyan Spider Network (int)": 2,
        "Name.com, Inc.": 1,
        "NameCheap, Inc.": 8,
        "NameSilo, LLC": 1,
        "Namecheap": 3,
        "PDR Ltd. d/b/a PublicDomainRegistry.com": 3,
        "PT Biznet Gio Nusantara": 1,
        "Web Commerce Communications Limited dba WebNic.cc": 4,
        "Xiamen ChinaSource Internet Service Co., Ltd": 1,
        "total": 43
    },
    "percentage": {
        "CV. JOGJACAMP": 11.627906976744185,
        "CV. Rumahweb Indonesia": 4.651162790697675,
        "Digital Registra": 6.976744186046512,
        "Go Daddy, LLC": 2.3255813953488373,
        "GoDaddy.com, LLC": 2.3255813953488373,
        "Gransy, s.r.o.": 2.3255813953488373,
        "GrepApps Technology Inc.": 2.3255813953488373,
        "Hosting Concepts B.V. d/b/a Registrar.eu": 2.3255813953488373,
        "Hostinger, UAB": 9.30232558139535,
        "Libyan Spider Network (int)": 4.651162790697675,
        "Name.com, Inc.": 2.3255813953488373,
        "NameCheap, Inc.": 18.6046511627907,
        "NameSilo, LLC": 2.3255813953488373,
        "Namecheap": 6.976744186046512,
        "PDR Ltd. d/b/a PublicDomainRegistry.com": 6.976744186046512,
        "PT Biznet Gio Nusantara": 2.3255813953488373,
        "Web Commerce Communications Limited dba WebNic.cc": 9.30232558139535,
        "Xiamen ChinaSource Internet Service Co., Ltd": 2.3255813953488373,
        "total": 100.0
    }
}