{
    "counter": {
        "GoDaddy.com, LLC": 1,
        "Hostinger, UAB": 1,
        "Kilat Domain": 1,
        "NameCheap, Inc.": 8,
        "Namecheap": 2,
        "Namecheap Inc.": 1,
        "PT. Web Commerce Communications": 1,
        "total": 15
    },
    "percentage": {
        "GoDaddy.com, LLC": 6.666666666666667,
        "Hostinger, UAB": 6.666666666666667,
        "Kilat Domain": 6.666666666666667,
        "NameCheap, Inc.": 53.333333333333336,
        "Namecheap": 13.333333333333334,
        "Namecheap Inc.": 6.666666666666667,
        "PT. Web Commerce Communications": 6.666666666666667,
        "total": 100.00000000000001
    }
}