{
    "counter": {
        "CV. JOGJACAMP": 4,
        "Digital Registra": 2,
        "GoDaddy.com, LLC": 2,
        "NameCheap, Inc.": 4,
        "total": 12
    },
    "percentage": {
        "CV. JOGJACAMP": 33.333333333333336,
        "Digital Registra": 16.666666666666668,
        "GoDaddy.com, LLC": 16.666666666666668,
        "NameCheap, Inc.": 33.333333333333336,
        "total": 100.0
    }
}