{
    "counter": {
        "CV. JOGJACAMP": 4,
        "Digital Registra": 2,
        "Hello Internet Corp": 2,
        "NameCheap, Inc.": 10,
        "NameSilo, LLC": 2,
        "PDR Ltd. d/b/a PublicDomainRegistry.com": 2,
        "Web Commerce Communications Limited dba WebNic.cc": 2,
        "total": 24
    },
    "percentage": {
        "CV. JOGJACAMP": 16.666666666666668,
        "Digital Registra": 8.333333333333334,
        "Hello Internet Corp": 8.333333333333334,
        "NameCheap, Inc.": 41.666666666666664,
        "NameSilo, LLC": 8.333333333333334,
        "PDR Ltd. d/b/a PublicDomainRegistry.com": 8.333333333333334,
        "Web Commerce Communications Limited dba WebNic.cc": 8.333333333333334,
        "total": 99.99999999999999
    }
}