{
    "counter": {
        "NameCheap, Inc.": 2,
        "Porkbun, LLC": 1,
        "total": 3
    },
    "percentage": {
        "NameCheap, Inc.": 66.66666666666667,
        "Porkbun, LLC": 33.333333333333336,
        "total": 100.0
    }
}