{
    "counter": {
        "CV. Rumahweb Indonesia": 1,
        "Hostinger, UAB": 3,
        "Jagoan Hosting": 1,
        "NameCheap, Inc.": 1,
        "NameSilo, LLC": 1,
        "PANDI Registrar": 1,
        "PDR Ltd. d/b/a PublicDomainRegistry.com": 1,
        "PT ARDH GLOBAL INDONESIA": 1,
        "PT Cloud Hosting Indonesia": 1,
        "PT Registrasi Nama Domain": 1,
        "Web Commerce Communications Limited dba WebNic.cc": 1,
        "total": 13
    },
    "percentage": {
        "CV. Rumahweb Indonesia": 7.6923076923076925,
        "Hostinger, UAB": 23.076923076923077,
        "Jagoan Hosting": 7.6923076923076925,
        "NameCheap, Inc.": 7.6923076923076925,
        "NameSilo, LLC": 7.6923076923076925,
        "PANDI Registrar": 7.6923076923076925,
        "PDR Ltd. d/b/a PublicDomainRegistry.com": 7.6923076923076925,
        "PT ARDH GLOBAL INDONESIA": 7.6923076923076925,
        "PT Cloud Hosting Indonesia": 7.6923076923076925,
        "PT Registrasi Nama Domain": 7.6923076923076925,
        "Web Commerce Communications Limited dba WebNic.cc": 7.6923076923076925,
        "total": 100.0
    }
}