{
    "counter": {
        "CV. JOGJACAMP": 12,
        "CV. Rumahweb Indonesia": 16,
        "Digital Registra": 16,
        "GoDaddy.com, LLC": 2,
        "HOSTINGER operations, UAB": 2,
        "Hello Internet Corp": 2,
        "Hosting Concepts B.V. d/b/a Registrar.eu": 2,
        "MAT BAO CORPORATION": 2,
        "NameCheap, Inc.": 2,
        "Namecheap": 2,
        "Namescout Ltd": 2,
        "OnlineNIC, Inc.": 2,
        "PANDI Registrar": 2,
        "PDR Ltd. d/b/a PublicDomainRegistry.com": 10,
        "Registrasi Neva Angkasa": 2,
        "ResellerCamp": 2,
        "Tucows Domains Inc.": 2,
        "Web Commerce Communications Limited dba WebNic.cc": 6,
        "total": 86
    },
    "percentage": {
        "CV. JOGJACAMP": 13.953488372093023,
        "CV. Rumahweb Indonesia": 18.6046511627907,
        "Digital Registra": 18.6046511627907,
        "GoDaddy.com, LLC": 2.3255813953488373,
        "HOSTINGER operations, UAB": 2.3255813953488373,
        "Hello Internet Corp": 2.3255813953488373,
        "Hosting Concepts B.V. d/b/a Registrar.eu": 2.3255813953488373,
        "MAT BAO CORPORATION": 2.3255813953488373,
        "NameCheap, Inc.": 2.3255813953488373,
        "Namecheap": 2.3255813953488373,
        "Namescout Ltd": 2.3255813953488373,
        "OnlineNIC, Inc.": 2.3255813953488373,
        "PANDI Registrar": 2.3255813953488373,
        "PDR Ltd. d/b/a PublicDomainRegistry.com": 11.627906976744185,
        "Registrasi Neva Angkasa": 2.3255813953488373,
        "ResellerCamp": 2.3255813953488373,
        "Tucows Domains Inc.": 2.3255813953488373,
        "Web Commerce Communications Limited dba WebNic.cc": 6.976744186046512,
        "total": 99.99999999999997
    }
}