{
    "counter": {
        "CV. JOGJACAMP": 1,
        "Digital Registra": 1,
        "Hostinger, UAB": 1,
        "total": 3
    },
    "percentage": {
        "CV. JOGJACAMP": 33.333333333333336,
        "Digital Registra": 33.333333333333336,
        "Hostinger, UAB": 33.333333333333336,
        "total": 100.0
    }
}