{
    "counter": {
        "CV. JOGJACAMP": 9,
        "CV. Rumahweb Indonesia": 8,
        "CloudFlare, Inc.": 1,
        "Digital Registra": 10,
        "Google LLC": 1,
        "Hosting Concepts B.V. d/b/a Registrar.eu": 3,
        "Hostinger, UAB": 6,
        "Jagoan Hosting": 1,
        "NameCheap, Inc.": 2,
        "NameSilo, LLC": 2,
        "OnlineNIC, Inc.": 1,
        "PDR Ltd. d/b/a PublicDomainRegistry.com": 16,
        "PT Aksara Data Digital": 1,
        "PT. Web Commerce Communications": 3,
        "ResellerCamp": 2,
        "Sav.com, LLC": 1,
        "Tucows Domains Inc.": 1,
        "Web Commerce Communications Limited dba WebNic.cc": 4,
        "total": 72
    },
    "percentage": {
        "CV. JOGJACAMP": 12.5,
        "CV. Rumahweb Indonesia": 11.11111111111111,
        "CloudFlare, Inc.": 1.3888888888888888,
        "Digital Registra": 13.88888888888889,
        "Google LLC": 1.3888888888888888,
        "Hosting Concepts B.V. d/b/a Registrar.eu": 4.166666666666667,
        "Hostinger, UAB": 8.333333333333334,
        "Jagoan Hosting": 1.3888888888888888,
        "NameCheap, Inc.": 2.7777777777777777,
        "NameSilo, LLC": 2.7777777777777777,
        "OnlineNIC, Inc.": 1.3888888888888888,
        "PDR Ltd. d/b/a PublicDomainRegistry.com": 22.22222222222222,
        "PT Aksara Data Digital": 1.3888888888888888,
        "PT. Web Commerce Communications": 4.166666666666667,
        "ResellerCamp": 2.7777777777777777,
        "Sav.com, LLC": 1.3888888888888888,
        "Tucows Domains Inc.": 1.3888888888888888,
        "Web Commerce Communications Limited dba WebNic.cc": 5.555555555555555,
        "total": 99.99999999999997
    }
}