{
    "counter": {
        "CV. JOGJACAMP": 14,
        "CV. Rumahweb Indonesia": 18,
        "Digital Registra": 22,
        "GoDaddy.com, LLC": 2,
        "HOSTINGER operations, UAB": 4,
        "Hello Internet Corp": 2,
        "Hosting Concepts B.V. d/b/a Registrar.eu": 2,
        "MAT BAO CORPORATION": 2,
        "NameCheap, Inc.": 4,
        "Namecheap": 4,
        "Namescout Ltd": 2,
        "OnlineNIC, Inc.": 2,
        "PANDI Registrar": 2,
        "PDR Ltd. d/b/a PublicDomainRegistry.com": 14,
        "Regional Network Information Center, JSC dba RU-CENTER": 2,
        "Registrasi Neva Angkasa": 2,
        "ResellerCamp": 2,
        "Tucows Domains Inc.": 4,
        "Web Commerce Communications Limited dba WebNic.cc": 12,
        "total": 116
    },
    "percentage": {
        "CV. JOGJACAMP": 12.068965517241379,
        "CV. Rumahweb Indonesia": 15.517241379310345,
        "Digital Registra": 18.96551724137931,
        "GoDaddy.com, LLC": 1.7241379310344827,
        "HOSTINGER operations, UAB": 3.4482758620689653,
        "Hello Internet Corp": 1.7241379310344827,
        "Hosting Concepts B.V. d/b/a Registrar.eu": 1.7241379310344827,
        "MAT BAO CORPORATION": 1.7241379310344827,
        "NameCheap, Inc.": 3.4482758620689653,
        "Namecheap": 3.4482758620689653,
        "Namescout Ltd": 1.7241379310344827,
        "OnlineNIC, Inc.": 1.7241379310344827,
        "PANDI Registrar": 1.7241379310344827,
        "PDR Ltd. d/b/a PublicDomainRegistry.com": 12.068965517241379,
        "Regional Network Information Center, JSC dba RU-CENTER": 1.7241379310344827,
        "Registrasi Neva Angkasa": 1.7241379310344827,
        "ResellerCamp": 1.7241379310344827,
        "Tucows Domains Inc.": 3.4482758620689653,
        "Web Commerce Communications Limited dba WebNic.cc": 10.344827586206897,
        "total": 99.99999999999997
    }
}