{
    "counter": {
        "CV. JOGJACAMP": 2,
        "CV. Rumahweb Indonesia": 4,
        "Digital Registra": 4,
        "NameCheap, Inc.": 10,
        "Namecheap": 6,
        "Porkbun LLC": 2,
        "Registrasi Neva Angkasa": 2,
        "total": 30
    },
    "percentage": {
        "CV. JOGJACAMP": 6.666666666666667,
        "CV. Rumahweb Indonesia": 13.333333333333334,
        "Digital Registra": 13.333333333333334,
        "NameCheap, Inc.": 33.333333333333336,
        "Namecheap": 20.0,
        "Porkbun LLC": 6.666666666666667,
        "Registrasi Neva Angkasa": 6.666666666666667,
        "total": 100.00000000000001
    }
}