{
    "counter": {
        "MAT BAO CORPORATION": 1,
        "NAMECHEAP": 1,
        "Porkbun LLC": 1,
        "total": 3
    },
    "percentage": {
        "MAT BAO CORPORATION": 33.333333333333336,
        "NAMECHEAP": 33.333333333333336,
        "Porkbun LLC": 33.333333333333336,
        "total": 100.0
    }
}