{
    "counter": {
        "CV. JOGJACAMP": 1,
        "CV. Rumahweb Indonesia": 1,
        "Hostinger, UAB": 1,
        "Name.com, Inc.": 1,
        "PT DEWABISNIS DIGITAL INDONESIA": 1,
        "PT. Web Commerce Communications": 1,
        "Web Commerce Communications Limited dba WebNic.cc": 1,
        "total": 7
    },
    "percentage": {
        "CV. JOGJACAMP": 14.285714285714286,
        "CV. Rumahweb Indonesia": 14.285714285714286,
        "Hostinger, UAB": 14.285714285714286,
        "Name.com, Inc.": 14.285714285714286,
        "PT DEWABISNIS DIGITAL INDONESIA": 14.285714285714286,
        "PT. Web Commerce Communications": 14.285714285714286,
        "Web Commerce Communications Limited dba WebNic.cc": 14.285714285714286,
        "total": 100.00000000000001
    }
}