{
    "counter": {
        "CV. JOGJACAMP": 1,
        "CV. Rumahweb Indonesia": 1,
        "Digital Registra": 1,
        "NAMECHEAP": 1,
        "NameCheap, Inc.": 3,
        "Namecheap": 1,
        "Namecheap Inc.": 1,
        "total": 9
    },
    "percentage": {
        "CV. JOGJACAMP": 11.11111111111111,
        "CV. Rumahweb Indonesia": 11.11111111111111,
        "Digital Registra": 11.11111111111111,
        "NAMECHEAP": 11.11111111111111,
        "NameCheap, Inc.": 33.333333333333336,
        "Namecheap": 11.11111111111111,
        "Namecheap Inc.": 11.11111111111111,
        "total": 100.0
    }
}