{
    "counter": {
        "CV. JOGJACAMP": 1,
        "CV. Rumahweb Indonesia": 2,
        "Digital Registra": 5,
        "Hostinger, UAB": 4,
        "NameCheap, Inc.": 2,
        "Namecheap": 1,
        "PT Aksara Data Digital": 1,
        "PT. Web Commerce Communications": 2,
        "URL Solutions, Inc.": 1,
        "Web Commerce Communications Limited dba WebNic.cc": 2,
        "total": 21
    },
    "percentage": {
        "CV. JOGJACAMP": 4.761904761904762,
        "CV. Rumahweb Indonesia": 9.523809523809524,
        "Digital Registra": 23.80952380952381,
        "Hostinger, UAB": 19.047619047619047,
        "NameCheap, Inc.": 9.523809523809524,
        "Namecheap": 4.761904761904762,
        "PT Aksara Data Digital": 4.761904761904762,
        "PT. Web Commerce Communications": 9.523809523809524,
        "URL Solutions, Inc.": 4.761904761904762,
        "Web Commerce Communications Limited dba WebNic.cc": 9.523809523809524,
        "total": 99.99999999999999
    }
}