{
    "counter": {
        "NameCheap, Inc.": 1,
        "Namecheap": 2,
        "total": 3
    },
    "percentage": {
        "NameCheap, Inc.": 33.333333333333336,
        "Namecheap": 66.66666666666667,
        "total": 100.0
    }
}