{
    "counter": {
        "CV. JOGJACAMP": 8,
        "CV. Rumahweb Indonesia": 3,
        "Digital Registra": 5,
        "Dreamscape Networks International Pte Ltd": 1,
        "Dynadot, LLC": 1,
        "Go Daddy, LLC": 3,
        "GoDaddy.com, LLC": 4,
        "Gransy, s.r.o.": 1,
        "GrepApps Technology Inc.": 1,
        "Hosting Concepts B.V. d/b/a Registrar.eu": 1,
        "Hostinger, UAB": 7,
        "Libyan Spider Network (int)": 3,
        "Name.com, Inc.": 2,
        "NameCheap, Inc.": 18,
        "NameSilo, LLC": 2,
        "Namecheap": 12,
        "PDR Ltd. d/b/a PublicDomainRegistry.com": 6,
        "PT Biznet Gio Nusantara": 1,
        "PT Cloud Hosting Indonesia": 1,
        "PT Registrasi Nama Domain": 1,
        "Tucows Domains Inc.": 2,
        "Web Commerce Communications Limited dba WebNic.cc": 5,
        "Xiamen ChinaSource Internet Service Co., Ltd": 1,
        "total": 89
    },
    "percentage": {
        "CV. JOGJACAMP": 8.98876404494382,
        "CV. Rumahweb Indonesia": 3.3707865168539324,
        "Digital Registra": 5.617977528089888,
        "Dreamscape Networks International Pte Ltd": 1.1235955056179776,
        "Dynadot, LLC": 1.1235955056179776,
        "Go Daddy, LLC": 3.3707865168539324,
        "GoDaddy.com, LLC": 4.49438202247191,
        "Gransy, s.r.o.": 1.1235955056179776,
        "GrepApps Technology Inc.": 1.1235955056179776,
        "Hosting Concepts B.V. d/b/a Registrar.eu": 1.1235955056179776,
        "Hostinger, UAB": 7.865168539325842,
        "Libyan Spider Network (int)": 3.3707865168539324,
        "Name.com, Inc.": 2.247191011235955,
        "NameCheap, Inc.": 20.224719101123597,
        "NameSilo, LLC": 2.247191011235955,
        "Namecheap": 13.48314606741573,
        "PDR Ltd. d/b/a PublicDomainRegistry.com": 6.741573033707865,
        "PT Biznet Gio Nusantara": 1.1235955056179776,
        "PT Cloud Hosting Indonesia": 1.1235955056179776,
        "PT Registrasi Nama Domain": 1.1235955056179776,
        "Tucows Domains Inc.": 2.247191011235955,
        "Web Commerce Communications Limited dba WebNic.cc": 5.617977528089888,
        "Xiamen ChinaSource Internet Service Co., Ltd": 1.1235955056179776,
        "total": 100.0
    }
}