{
    "counter": {
        "Amazon Registrar, Inc.": 2,
        "CV. JOGJACAMP": 1,
        "CV. Rumahweb Indonesia": 1,
        "Digital Registra": 1,
        "Google LLC": 1,
        "Hostinger, UAB": 1,
        "NameCheap, Inc.": 1,
        "PT. Web Commerce Communications": 1,
        "Tucows Domains Inc.": 1,
        "Web Commerce Communications Limited dba WebNic.cc": 1,
        "total": 11
    },
    "percentage": {
        "Amazon Registrar, Inc.": 18.181818181818183,
        "CV. JOGJACAMP": 9.090909090909092,
        "CV. Rumahweb Indonesia": 9.090909090909092,
        "Digital Registra": 9.090909090909092,
        "Google LLC": 9.090909090909092,
        "Hostinger, UAB": 9.090909090909092,
        "NameCheap, Inc.": 9.090909090909092,
        "PT. Web Commerce Communications": 9.090909090909092,
        "Tucows Domains Inc.": 9.090909090909092,
        "Web Commerce Communications Limited dba WebNic.cc": 9.090909090909092,
        "total": 100.00000000000001
    }
}