{
    "counter": {
        "CV. JOGJACAMP": 5,
        "CV. Rumahweb Indonesia": 3,
        "Digital Registra": 5,
        "GoDaddy.com, LLC": 1,
        "Hello Internet Corp": 3,
        "Hosting Concepts B.V. d/b/a Registrar.eu": 1,
        "Hostinger, UAB": 2,
        "MAT BAO CORPORATION": 1,
        "NameCheap, Inc.": 2,
        "Namecheap": 1,
        "Namescout Ltd": 1,
        "OnlineNIC, Inc.": 1,
        "PDR Ltd. d/b/a PublicDomainRegistry.com": 5,
        "PT Cloud Hosting Indonesia": 1,
        "PT. Web Commerce Communications": 3,
        "ResellerCamp": 1,
        "Sav.com, LLC": 1,
        "Tucows Domains Inc.": 1,
        "Web Commerce Communications Limited dba WebNic.cc": 3,
        "total": 41
    },
    "percentage": {
        "CV. JOGJACAMP": 12.195121951219512,
        "CV. Rumahweb Indonesia": 7.317073170731708,
        "Digital Registra": 12.195121951219512,
        "GoDaddy.com, LLC": 2.4390243902439024,
        "Hello Internet Corp": 7.317073170731708,
        "Hosting Concepts B.V. d/b/a Registrar.eu": 2.4390243902439024,
        "Hostinger, UAB": 4.878048780487805,
        "MAT BAO CORPORATION": 2.4390243902439024,
        "NameCheap, Inc.": 4.878048780487805,
        "Namecheap": 2.4390243902439024,
        "Namescout Ltd": 2.4390243902439024,
        "OnlineNIC, Inc.": 2.4390243902439024,
        "PDR Ltd. d/b/a PublicDomainRegistry.com": 12.195121951219512,
        "PT Cloud Hosting Indonesia": 2.4390243902439024,
        "PT. Web Commerce Communications": 7.317073170731708,
        "ResellerCamp": 2.4390243902439024,
        "Sav.com, LLC": 2.4390243902439024,
        "Tucows Domains Inc.": 2.4390243902439024,
        "Web Commerce Communications Limited dba WebNic.cc": 7.317073170731708,
        "total": 99.99999999999997
    }
}