{
    "counter": {
        "CV. JOGJACAMP": 2,
        "Digital Registra": 2,
        "Dynadot, LLC": 2,
        "GoDaddy.com, LLC": 2,
        "HOSTINGER operations, UAB": 2,
        "NameCheap, Inc.": 8,
        "Namecheap Inc.": 2,
        "Porkbun": 2,
        "Registrasi Neva Angkasa": 4,
        "Web Commerce Communications Limited dba WebNic.cc": 8,
        "total": 34
    },
    "percentage": {
        "CV. JOGJACAMP": 5.882352941176471,
        "Digital Registra": 5.882352941176471,
        "Dynadot, LLC": 5.882352941176471,
        "GoDaddy.com, LLC": 5.882352941176471,
        "HOSTINGER operations, UAB": 5.882352941176471,
        "NameCheap, Inc.": 23.529411764705884,
        "Namecheap Inc.": 5.882352941176471,
        "Porkbun": 5.882352941176471,
        "Registrasi Neva Angkasa": 11.764705882352942,
        "Web Commerce Communications Limited dba WebNic.cc": 23.529411764705884,
        "total": 100.00000000000001
    }
}