{
    "counter": {
        "CV. JOGJACAMP": 2,
        "CV. Rumahweb Indonesia": 4,
        "CloudFlare, Inc.": 2,
        "Digital Registra": 6,
        "GoDaddy.com, LLC": 4,
        "Hello Internet Corp": 2,
        "Hosting Concepts B.V. d/b/a Registrar.eu": 4,
        "Hostinger, UAB": 10,
        "Jagoan Hosting": 4,
        "NameCheap, Inc.": 6,
        "NameSilo, LLC": 4,
        "Namecheap": 2,
        "OnlineNIC, Inc.": 2,
        "OwnRegistrar, Inc.": 2,
        "PDR Ltd. d/b/a PublicDomainRegistry.com": 2,
        "PT ARDH GLOBAL INDONESIA": 2,
        "PT Aksara Data Digital": 4,
        "PT Cloud Hosting Indonesia": 4,
        "PT DEWABISNIS DIGITAL INDONESIA": 2,
        "PT Registrasi Nama Domain": 2,
        "PT. Web Commerce Communications": 2,
        "ResellerCamp": 4,
        "Sav.com LLC": 2,
        "Web Commerce Communications Limited dba WebNic.cc": 6,
        "total": 84
    },
    "percentage": {
        "CV. JOGJACAMP": 2.380952380952381,
        "CV. Rumahweb Indonesia": 4.761904761904762,
        "CloudFlare, Inc.": 2.380952380952381,
        "Digital Registra": 7.142857142857143,
        "GoDaddy.com, LLC": 4.761904761904762,
        "Hello Internet Corp": 2.380952380952381,
        "Hosting Concepts B.V. d/b/a Registrar.eu": 4.761904761904762,
        "Hostinger, UAB": 11.904761904761905,
        "Jagoan Hosting": 4.761904761904762,
        "NameCheap, Inc.": 7.142857142857143,
        "NameSilo, LLC": 4.761904761904762,
        "Namecheap": 2.380952380952381,
        "OnlineNIC, Inc.": 2.380952380952381,
        "OwnRegistrar, Inc.": 2.380952380952381,
        "PDR Ltd. d/b/a PublicDomainRegistry.com": 2.380952380952381,
        "PT ARDH GLOBAL INDONESIA": 2.380952380952381,
        "PT Aksara Data Digital": 4.761904761904762,
        "PT Cloud Hosting Indonesia": 4.761904761904762,
        "PT DEWABISNIS DIGITAL INDONESIA": 2.380952380952381,
        "PT Registrasi Nama Domain": 2.380952380952381,
        "PT. Web Commerce Communications": 2.380952380952381,
        "ResellerCamp": 4.761904761904762,
        "Sav.com LLC": 2.380952380952381,
        "Web Commerce Communications Limited dba WebNic.cc": 7.142857142857143,
        "total": 99.99999999999999
    }
}