{
    "counter": {
        "GoDaddy.com, LLC": 2,
        "NameCheap, Inc.": 6,
        "Namecheap": 14,
        "Porkbun": 2,
        "total": 24
    },
    "percentage": {
        "GoDaddy.com, LLC": 8.333333333333334,
        "NameCheap, Inc.": 25.0,
        "Namecheap": 58.333333333333336,
        "Porkbun": 8.333333333333334,
        "total": 100.0
    }
}