{
    "counter": {
        "NameCheap, Inc.": 1,
        "Namecheap": 5,
        "Sarek Oy": 1,
        "total": 7
    },
    "percentage": {
        "NameCheap, Inc.": 14.285714285714286,
        "Namecheap": 71.42857142857143,
        "Sarek Oy": 14.285714285714286,
        "total": 100.00000000000001
    }
}