{
    "counter": {
        "NAMECHEAP": 1,
        "NameCheap, Inc.": 3,
        "Namecheap": 3,
        "total": 7
    },
    "percentage": {
        "NAMECHEAP": 14.285714285714286,
        "NameCheap, Inc.": 42.857142857142854,
        "Namecheap": 42.857142857142854,
        "total": 100.0
    }
}