{
    "counter": {
        "CV. JOGJACAMP": 3,
        "CV. Rumahweb Indonesia": 2,
        "DYNADOT, LLC": 1,
        "Digital Registra": 1,
        "Dynadot, LLC": 1,
        "Go Daddy, LLC": 2,
        "GoDaddy.com, LLC": 1,
        "Hostinger, UAB": 5,
        "Libyan Spider Network (int)": 1,
        "Name.com, Inc.": 1,
        "NameCheap, Inc.": 11,
        "NameSilo, LLC": 1,
        "Namecheap": 1,
        "PDR Ltd. d/b/a PublicDomainRegistry.com": 3,
        "PT Cloud Hosting Indonesia": 1,
        "PT Registrasi Nama Domain": 1,
        "Tucows Domains Inc.": 2,
        "Web Commerce Communications Limited dba WebNic.cc": 1,
        "total": 39
    },
    "percentage": {
        "CV. JOGJACAMP": 7.6923076923076925,
        "CV. Rumahweb Indonesia": 5.128205128205129,
        "DYNADOT, LLC": 2.5641025641025643,
        "Digital Registra": 2.5641025641025643,
        "Dynadot, LLC": 2.5641025641025643,
        "Go Daddy, LLC": 5.128205128205129,
        "GoDaddy.com, LLC": 2.5641025641025643,
        "Hostinger, UAB": 12.820512820512821,
        "Libyan Spider Network (int)": 2.5641025641025643,
        "Name.com, Inc.": 2.5641025641025643,
        "NameCheap, Inc.": 28.205128205128204,
        "NameSilo, LLC": 2.5641025641025643,
        "Namecheap": 2.5641025641025643,
        "PDR Ltd. d/b/a PublicDomainRegistry.com": 7.6923076923076925,
        "PT Cloud Hosting Indonesia": 2.5641025641025643,
        "PT Registrasi Nama Domain": 2.5641025641025643,
        "Tucows Domains Inc.": 5.128205128205129,
        "Web Commerce Communications Limited dba WebNic.cc": 2.5641025641025643,
        "total": 100.00000000000003
    }
}