{
    "counter": {
        "CV. Rumahweb Indonesia": 4,
        "GoDaddy.com, LLC": 1,
        "Hostinger, UAB": 2,
        "NameSilo, LLC": 1,
        "PDR Ltd. d/b/a PublicDomainRegistry.com": 1,
        "PT Aksara Data Digital": 1,
        "Porkbun LLC": 1,
        "Registrasi Neva Angkasa": 1,
        "ResellerCamp": 1,
        "Tucows Domains Inc.": 1,
        "Web Commerce Communications Limited dba WebNic.cc": 1,
        "total": 15
    },
    "percentage": {
        "CV. Rumahweb Indonesia": 26.666666666666668,
        "GoDaddy.com, LLC": 6.666666666666667,
        "Hostinger, UAB": 13.333333333333334,
        "NameSilo, LLC": 6.666666666666667,
        "PDR Ltd. d/b/a PublicDomainRegistry.com": 6.666666666666667,
        "PT Aksara Data Digital": 6.666666666666667,
        "Porkbun LLC": 6.666666666666667,
        "Registrasi Neva Angkasa": 6.666666666666667,
        "ResellerCamp": 6.666666666666667,
        "Tucows Domains Inc.": 6.666666666666667,
        "Web Commerce Communications Limited dba WebNic.cc": 6.666666666666667,
        "total": 100.00000000000003
    }
}