{
    "counter": {
        "Gandi SAS": 1,
        "GoDaddy.com, LLC": 1,
        "Tucows Domains Inc.": 1,
        "total": 3
    },
    "percentage": {
        "Gandi SAS": 33.333333333333336,
        "GoDaddy.com, LLC": 33.333333333333336,
        "Tucows Domains Inc.": 33.333333333333336,
        "total": 100.0
    }
}