{
    "counter": {
        "Digital Registra": 2,
        "Google LLC": 1,
        "total": 3
    },
    "percentage": {
        "Digital Registra": 66.66666666666667,
        "Google LLC": 33.333333333333336,
        "total": 100.0
    }
}