{
    "counter": {
        "CV. Rumahweb Indonesia": 1,
        "DYNADOT, LLC": 1,
        "Hostinger, UAB": 1,
        "NameCheap, Inc.": 7,
        "Namecheap": 3,
        "Namecheap Inc.": 1,
        "total": 14
    },
    "percentage": {
        "CV. Rumahweb Indonesia": 7.142857142857143,
        "DYNADOT, LLC": 7.142857142857143,
        "Hostinger, UAB": 7.142857142857143,
        "NameCheap, Inc.": 50.0,
        "Namecheap": 21.428571428571427,
        "Namecheap Inc.": 7.142857142857143,
        "total": 100.0
    }
}