{
    "counter": {
        "CBN Registrar": 1,
        "CV. JOGJACAMP": 1,
        "CV. Rumahweb Indonesia": 1,
        "DYNADOT, LLC": 1,
        "Digital Registra": 1,
        "GoDaddy.com, LLC": 2,
        "Hostinger, UAB": 2,
        "NameCheap, Inc.": 3,
        "Namecheap": 1,
        "PT Aksara Data Digital": 1,
        "Tucows Domains Inc.": 1,
        "URL Solutions, Inc.": 1,
        "Web Commerce Communications Limited dba WebNic.cc": 1,
        "total": 17
    },
    "percentage": {
        "CBN Registrar": 5.882352941176471,
        "CV. JOGJACAMP": 5.882352941176471,
        "CV. Rumahweb Indonesia": 5.882352941176471,
        "DYNADOT, LLC": 5.882352941176471,
        "Digital Registra": 5.882352941176471,
        "GoDaddy.com, LLC": 11.764705882352942,
        "Hostinger, UAB": 11.764705882352942,
        "NameCheap, Inc.": 17.647058823529413,
        "Namecheap": 5.882352941176471,
        "PT Aksara Data Digital": 5.882352941176471,
        "Tucows Domains Inc.": 5.882352941176471,
        "URL Solutions, Inc.": 5.882352941176471,
        "Web Commerce Communications Limited dba WebNic.cc": 5.882352941176471,
        "total": 99.99999999999997
    }
}