{
    "counter": {
        "CV. JOGJACAMP": 2,
        "GoDaddy.com, LLC": 1,
        "Kilat Domain": 1,
        "NameCheap, Inc.": 1,
        "PDR Ltd. d/b/a PublicDomainRegistry.com": 2,
        "PT. Web Commerce Communications": 1,
        "ResellerCamp": 2,
        "Web Commerce Communications Limited dba WebNic.cc": 1,
        "total": 11
    },
    "percentage": {
        "CV. JOGJACAMP": 18.181818181818183,
        "GoDaddy.com, LLC": 9.090909090909092,
        "Kilat Domain": 9.090909090909092,
        "NameCheap, Inc.": 9.090909090909092,
        "PDR Ltd. d/b/a PublicDomainRegistry.com": 18.181818181818183,
        "PT. Web Commerce Communications": 9.090909090909092,
        "ResellerCamp": 18.181818181818183,
        "Web Commerce Communications Limited dba WebNic.cc": 9.090909090909092,
        "total": 100.00000000000001
    }
}