{
    "counter": {
        "CV. JOGJACAMP": 12,
        "CV. Rumahweb Indonesia": 8,
        "Digital Registra": 18,
        "GoDaddy.com, LLC": 2,
        "Hosting Concepts B.V. d/b/a Registrar.eu": 4,
        "Hostinger, UAB": 18,
        "Jagat Informasi Solusi (int)": 2,
        "Jagoan Hosting": 2,
        "NameSilo, LLC": 2,
        "PDR Ltd. d/b/a PublicDomainRegistry.com": 34,
        "PT ARDH GLOBAL INDONESIA": 2,
        "PT Aksara Data Digital": 4,
        "PT Cloud Hosting Indonesia": 2,
        "PT. Web Commerce Communications": 4,
        "Registrasi Neva Angkasa": 2,
        "ResellerCamp": 4,
        "Tucows Domains Inc.": 2,
        "Web Commerce Communications Limited dba WebNic.cc": 8,
        "Wild West Domains, LLC": 2,
        "total": 132
    },
    "percentage": {
        "CV. JOGJACAMP": 9.090909090909092,
        "CV. Rumahweb Indonesia": 6.0606060606060606,
        "Digital Registra": 13.636363636363637,
        "GoDaddy.com, LLC": 1.5151515151515151,
        "Hosting Concepts B.V. d/b/a Registrar.eu": 3.0303030303030303,
        "Hostinger, UAB": 13.636363636363637,
        "Jagat Informasi Solusi (int)": 1.5151515151515151,
        "Jagoan Hosting": 1.5151515151515151,
        "NameSilo, LLC": 1.5151515151515151,
        "PDR Ltd. d/b/a PublicDomainRegistry.com": 25.757575757575758,
        "PT ARDH GLOBAL INDONESIA": 1.5151515151515151,
        "PT Aksara Data Digital": 3.0303030303030303,
        "PT Cloud Hosting Indonesia": 1.5151515151515151,
        "PT. Web Commerce Communications": 3.0303030303030303,
        "Registrasi Neva Angkasa": 1.5151515151515151,
        "ResellerCamp": 3.0303030303030303,
        "Tucows Domains Inc.": 1.5151515151515151,
        "Web Commerce Communications Limited dba WebNic.cc": 6.0606060606060606,
        "Wild West Domains, LLC": 1.5151515151515151,
        "total": 100.00000000000001
    }
}