{
    "counter": {
        "Danesco Trading Ltd.": 1,
        "Digital Registra": 1,
        "Go Daddy, LLC": 1,
        "Gransy, s.r.o.": 1,
        "Hostinger, UAB": 1,
        "NAMECHEAP": 2,
        "NameCheap, Inc.": 14,
        "Namecheap": 4,
        "PANDI Registrar": 1,
        "Porkbun": 1,
        "Porkbun LLC": 1,
        "Tucows Domains Inc.": 1,
        "total": 29
    },
    "percentage": {
        "Danesco Trading Ltd.": 3.4482758620689653,
        "Digital Registra": 3.4482758620689653,
        "Go Daddy, LLC": 3.4482758620689653,
        "Gransy, s.r.o.": 3.4482758620689653,
        "Hostinger, UAB": 3.4482758620689653,
        "NAMECHEAP": 6.896551724137931,
        "NameCheap, Inc.": 48.275862068965516,
        "Namecheap": 13.793103448275861,
        "PANDI Registrar": 3.4482758620689653,
        "Porkbun": 3.4482758620689653,
        "Porkbun LLC": 3.4482758620689653,
        "Tucows Domains Inc.": 3.4482758620689653,
        "total": 100.0
    }
}