{
    "counter": {
        "CV. JOGJACAMP": 2,
        "CloudFlare, Inc.": 2,
        "Digital Registra": 2,
        "GoDaddy.com, LLC": 2,
        "NameCheap, Inc.": 6,
        "Sav.com, LLC": 2,
        "URL Solutions, Inc.": 2,
        "total": 18
    },
    "percentage": {
        "CV. JOGJACAMP": 11.11111111111111,
        "CloudFlare, Inc.": 11.11111111111111,
        "Digital Registra": 11.11111111111111,
        "GoDaddy.com, LLC": 11.11111111111111,
        "NameCheap, Inc.": 33.333333333333336,
        "Sav.com, LLC": 11.11111111111111,
        "URL Solutions, Inc.": 11.11111111111111,
        "total": 100.0
    }
}