{
    "counter": {
        "CBN Registrar": 1,
        "CV. JOGJACAMP": 1,
        "DYNADOT, LLC": 1,
        "GoDaddy.com, LLC": 2,
        "Hostinger, UAB": 1,
        "Tucows Domains Inc.": 1,
        "URL Solutions, Inc.": 1,
        "Web Commerce Communications Limited dba WebNic.cc": 1,
        "total": 9
    },
    "percentage": {
        "CBN Registrar": 11.11111111111111,
        "CV. JOGJACAMP": 11.11111111111111,
        "DYNADOT, LLC": 11.11111111111111,
        "GoDaddy.com, LLC": 22.22222222222222,
        "Hostinger, UAB": 11.11111111111111,
        "Tucows Domains Inc.": 11.11111111111111,
        "URL Solutions, Inc.": 11.11111111111111,
        "Web Commerce Communications Limited dba WebNic.cc": 11.11111111111111,
        "total": 100.00000000000001
    }
}