{
    "counter": {
        "CBN Registrar": 1,
        "CV. JOGJACAMP": 1,
        "CV. Rumahweb Indonesia": 1,
        "DYNADOT, LLC": 1,
        "Digital Registra": 2,
        "GoDaddy.com, LLC": 2,
        "Hostinger, UAB": 2,
        "NameCheap, Inc.": 6,
        "NameSilo, LLC": 1,
        "Namecheap": 1,
        "PT Aksara Data Digital": 1,
        "Tucows Domains Inc.": 1,
        "URL Solutions, Inc.": 1,
        "Web Commerce Communications Limited dba WebNic.cc": 1,
        "total": 22
    },
    "percentage": {
        "CBN Registrar": 4.545454545454546,
        "CV. JOGJACAMP": 4.545454545454546,
        "CV. Rumahweb Indonesia": 4.545454545454546,
        "DYNADOT, LLC": 4.545454545454546,
        "Digital Registra": 9.090909090909092,
        "GoDaddy.com, LLC": 9.090909090909092,
        "Hostinger, UAB": 9.090909090909092,
        "NameCheap, Inc.": 27.272727272727273,
        "NameSilo, LLC": 4.545454545454546,
        "Namecheap": 4.545454545454546,
        "PT Aksara Data Digital": 4.545454545454546,
        "Tucows Domains Inc.": 4.545454545454546,
        "URL Solutions, Inc.": 4.545454545454546,
        "Web Commerce Communications Limited dba WebNic.cc": 4.545454545454546,
        "total": 100.00000000000001
    }
}