{
    "counter": {
        "CV. JOGJACAMP": 1,
        "Dynadot LLC": 1,
        "Hostinger, UAB": 2,
        "Jagat Informasi Solusi (int)": 1,
        "NameCheap, Inc.": 1,
        "Namecheap": 1,
        "PDR Ltd. d/b/a PublicDomainRegistry.com": 2,
        "Porkbun": 1,
        "ResellerCamp": 1,
        "Web Commerce Communications Limited dba WebNic.cc": 1,
        "eNom, LLC": 1,
        "total": 13
    },
    "percentage": {
        "CV. JOGJACAMP": 7.6923076923076925,
        "Dynadot LLC": 7.6923076923076925,
        "Hostinger, UAB": 15.384615384615385,
        "Jagat Informasi Solusi (int)": 7.6923076923076925,
        "NameCheap, Inc.": 7.6923076923076925,
        "Namecheap": 7.6923076923076925,
        "PDR Ltd. d/b/a PublicDomainRegistry.com": 15.384615384615385,
        "Porkbun": 7.6923076923076925,
        "ResellerCamp": 7.6923076923076925,
        "Web Commerce Communications Limited dba WebNic.cc": 7.6923076923076925,
        "eNom, LLC": 7.6923076923076925,
        "total": 100.0
    }
}