{
    "counter": {
        "Gransy, s.r.o.": 1,
        "NameCheap, Inc.": 1,
        "Namecheap": 1,
        "total": 3
    },
    "percentage": {
        "Gransy, s.r.o.": 33.333333333333336,
        "NameCheap, Inc.": 33.333333333333336,
        "Namecheap": 33.333333333333336,
        "total": 100.0
    }
}